District,Congressman,20220725,20220726,20220801,20220803,20220808,20220809,20220810,20220815,20220816,20220817,20220822,20220823,20220824,20220830,20220831,20220905,20220906,20220907,20220912,20220913,20220914,20220919,20220920,20221107,20221108,20221109,20221114,20221115,20221116,20221121,20221122,20221123,20221128,20221129,20221205,20221206,20221207,20221212,20221213,20221214,20221215,20230123,20230124,20230125,20230130,20230131,20230201,20230206,20230207,20230208,20230213,20230214,20230215,20230220,20230221,20230222,20230228,20230301,20230306,20230307,20230308,20230313,20230314,20230315,20230320,20230321,20230322,20230327,20230508,20230509,20230510,20230515,20230516,20230517,20230522,20230523,20230524,20230529,20230530,20230531,20230724,20230725,20230726,20230731,20230801,20230802,20230807,20230808,20230814,20230815,20230816,20230822,20230823,20230829,20230830,20230904,20230905,20230906,20230911,20230912,20230913,20230918,20230919,20230925,20230926,20230927,20231106,20231107,20231108,20231113,20231114,20231115,20231120,20231121,20231122,20231128,20231204,20231205,20231206,20231212,20231213,20240122,20240123,20240124,20240129,20240130,20240131,20240205,20240206,20240212,20240213,20240214,20240219,20240220,20240226,20240227,20240305,20240306,20240311,20240312,20240313,20240318,20240429,20240430,20240506,20240507,20240513,20240514,20240520,20240722,20240730,20240731,20240805,20240806,20240807,20240812,20240813,20240814,20240827,20240902,20240903,20240909,20240910,20240911,20240915,20240922,20241103,20241104,20241110,20241112,20241117,20241124,20241125,20241201,20241202,20241208,20241215,20241219,20250112,20250113,20250120,20250121,20250122,20250127,20250202,20250602,20250603,20250609
1,ABALOS,No Data,No Data,No Data,No Data,Present,Present,Present,Present,Present,Present,**,Suspended,**,Present,Present,Present,Present,**,**,Present,Present,Present,**,Present,**,Present,Present,Present,**,Present,Present,Present,Present,Present,Present,Present,Present,Present,Present,Present,Present,Present,Present,Present,Present,Present,Present,Present,**,Present,Present,Present,Present,Present,Present,Present,Present,Present,No Data,No Data,Present,Present,Present,Present,Present,Present,Present,Present,Present,Present,Present,Present,**,**,Present,Present,Present,Present,**,Present,No Data,Present,Present,Present,Present,*,Present,Present,Present,Present,Present,Present,****,Present,Present,Present,****,Present,Present,Present,Present,Present,*,Present,Present,*,Present,*,Present,Present,Present,****,**,**,**,Present,****,****,****,*,*,*,Present,*,Present,**,Present,Present,Present,Present,Present,*,*,*,Present,Present,Present,Present,Present,Present,Present,Present,*,**,Present,Present,Present,**,*,No Data,Present,*,**,Present,****,****,*,Present,***,Suspended,*,Present,*,**,*,Present,**,**,*,Present,Present,Present,**,Present,*,Present,*,*,Present,*,*,*,*,Present,*,Present,Present,Present
2,ABANTE,No Data,No Data,No Data,No Data,Present,Present,Present,Present,Present,Present,Present,Suspended,**,Present,Present,**,Present,Present,Present,Present,Present,Present,Present,Present,Present,Present,Present,Present,Present,Present,Present,**,Present,Present,Present,Present,Present,Present,Present,Present,Present,Present,Present,Present,Present,Present,Present,Present,Present,**,Present,Present,Present,Present,Present,**,Present,Present,No Data,No Data,Present,Present,Present,Present,**,Present,**,Present,Present,Present,Present,Present,**,Present,Present,Present,Present,Present,Present,Present,No Data,Present,Present,*,Present,*,****,*,**,**,Present,****,****,*,Present,*,****,****,****,**,*,*,*,Present,Present,Present,Present,Present,****,Present,****,**,Present,*,****,*,****,**,****,Present,*,****,****,****,****,****,****,****,****,**,**,**,**,**,Present,*,****,****,**,**,**,**,*,**,**,**,Present,*,**,No Data,****,****,*,*,Present,Present,**,**,*,Suspended,**,*,**,****,*,**,*,**,*,**,Present,**,**,****,Present,Present,*,**,Present,****,*,**,**,**,*,****,****,**
3,ABUNDA,No Data,No Data,No Data,No Data,Present,Present,Present,Present,Present,Present,Present,Suspended,Present,Present,Present,Present,Present,Present,Present,Present,Present,Present,Present,Present,Present,Present,Present,**,**,Present,Present,Present,Present,Present,Present,Present,Present,Present,Present,Present,Present,Present,Present,Present,Present,Present,Present,Present,Present,Present,Present,Present,Present,Present,Present,Present,Present,Present,No Data,No Data,Present,Present,Present,Present,Present,Present,Present,Present,Present,Present,Present,Present,Present,Present,Present,Present,Present,Present,Present,Present,No Data,Present,Present,Present,Present,**,Present,*,Present,Present,Present,*,Present,Present,Present,**,**,**,**,**,**,Present,Present,Present,Present,Present,****,****,****,Present,Present,****,****,Present,****,Present,Present,Present,Present,Present,Present,**,**,**,Present,*,Present,Present,Present,Present,***,***,Present,Present,Present,*,Present,*,***,***,***,**,Present,Present,Present,Present,Present,*,Present,No Data,****,****,Present,Present,Present,****,****,*,****,Suspended,Present,Present,Present,*,Present,*,Present,Present,**,Present,Present,****,****,Present,Present,Present,Present,Present,Present,Present,Present,****,Present,Present,Present,****,****,****
4,ACHARON,No Data,No Data,No Data,No Data,Present,Present,Present,Present,Present,Present,Present,Suspended,Present,Present,Present,Present,Present,Present,Present,Present,Present,Present,Present,Present,Present,Present,Present,Present,Present,Present,Present,Present,Present,Present,Present,Present,Present,Present,Present,Present,Present,Present,Present,Present,Present,Present,Present,Present,Present,Present,Present,Present,Present,Present,Present,Present,Present,Present,No Data,No Data,Present,Present,Present,Present,Present,Present,Present,Present,Present,Present,Present,Present,Present,Present,**,**,**,Present,Present,Present,No Data,Present,Present,Present,Present,Present,Present,Present,Present,Present,Present,Present,**,Present,Present,Present,Present,Present,Present,Present,Present,Present,Present,Present,Present,Present,Present,Present,Present,Present,Present,Present,Present,Present,Present,**,Present,Present,Present,Present,Present,Present,Present,Present,Present,Present,***,Present,Present,Present,Present,Present,Present,Present,Present,Present,Present,Present,Present,Present,Present,Present,Present,****,Present,Present,Present,Present,Present,No Data,Present,Present,Present,****,Present,**,**,**,**,Suspended,Present,Present,Present,Present,Present,Present,Present,Present,Present,Present,Present,Present,Present,Present,**,*,Present,Present,Present,Present,Present,Present,Present,Present,**,***,***,***
5,ACIDRE,No Data,No Data,No Data,No Data,Present,Present,Present,Present,Present,Present,Present,Suspended,Present,Present,Present,**,Present,Present,Present,Present,Present,Present,Present,Present,Present,Present,Present,Present,Present,Present,Present,Present,Present,Present,Present,Present,Present,Present,Present,Present,Present,Present,Present,Present,Present,Present,Present,Present,Present,Present,Present,Present,Present,Present,Present,Present,Present,Present,No Data,No Data,Present,Present,Present,Present,Present,**,Present,Present,Present,Present,Present,Present,Present,Present,Present,Present,Present,Present,Present,**,No Data,Present,Present,Present,Present,Present,Present,Present,Present,Present,Present,Present,Present,Present,**,Present,Present,Present,**,Present,Present,Present,Present,Present,Present,Present,Present,**,**,Present,Present,Present,Present,Present,**,**,Present,Present,Present,Present,Present,Present,Present,Present,Present,Present,Present,Present,Present,Present,Present,Present,Present,Present,Present,Present,Present,Present,Present,Present,Present,Present,Present,Present,Present,*,Present,Present,**,No Data,Present,Present,Present,Present,Present,Present,Present,Present,Present,Suspended,Present,Present,Present,Present,Present,Present,Present,Present,Present,Present,**,Present,Present,Present,Present,Present,Present,**,Present,Present,Present,Present,Present,Present,Present,Present,Present,**
6,ACOP,No Data,No Data,No Data,No Data,Present,Present,Present,Present,Present,Present,**,Suspended,Present,Present,**,Present,Present,Present,Present,**,Present,Present,Present,Present,Present,**,Present,Present,Present,Present,Present,**,Present,Present,Present,Present,Present,Present,Present,Present,Present,Present,Present,Present,**,Present,Present,Present,Present,Present,Present,Present,Present,Present,Present,**,Present,Present,No Data,No Data,Present,Present,Present,Present,Present,**,Present,Present,Present,Present,Present,Present,Present,**,Present,Present,Present,Present,Present,Present,No Data,Present,**,Present,Present,Present,**,*,Present,Present,Present,**,Present,**,**,****,*,****,**,**,****,*,*,Present,Present,Present,Present,**,****,****,*,*,Present,Present,Present,Present,*,**,*,Present,Present,****,****,**,Present,**,Present,*,*,*,**,*,**,*,Present,Present,Present,****,**,**,****,*,*,**,****,*,**,*,*,No Data,Present,**,****,****,Present,Present,**,**,**,Suspended,**,Present,****,**,**,*,****,**,**,**,**,Present,**,Present,*,**,*,**,Present,**,Present,**,**,**,**,Present,*,**
7,ADIONG,No Data,No Data,No Data,No Data,Present,Present,Present,Present,Present,Present,Present,Suspended,Present,Present,Present,Present,Present,Present,Present,Present,Present,Present,Present,Present,Present,**,Present,Present,Present,Present,Present,**,Present,Present,Present,Present,Present,Present,**,Present,Present,Present,Present,Present,Present,Present,Present,Present,Present,Present,Present,Present,Present,Present,Present,Present,Present,Present,No Data,No Data,Present,Present,Present,Present,Present,Present,Present,Present,Present,Present,Present,Present,Present,Present,Present,Present,Present,Present,Present,Present,No Data,Present,Present,Present,****,Present,Present,Present,Present,Present,Present,Present,Present,*,****,Present,Present,*,*,Present,*,****,*,Present,Present,*,Present,Present,Present,Present,*,****,Present,*,Present,Present,*,**,**,Present,*,Present,Present,Present,****,**,Present,*,Present,Present,Present,*,Present,*,Present,Present,Present,Present,Present,**,*,*,Present,*,Present,Present,Present,**,Present,No Data,*,****,Present,*,**,Present,****,*,**,Suspended,**,****,Present,**,Present,Present,Present,**,*,**,Present,Present,**,Present,Present,Present,Present,**,*,*,*,**,Present,Present,**,Present,Present,**
8,ADVINCULA,No Data,No Data,No Data,No Data,Present,Present,Present,Present,Present,Present,Present,Suspended,Present,Present,Present,Present,**,**,**,**,Present,Present,Present,Present,Present,Present,Present,Present,Present,Present,Present,Present,Present,Present,Present,Present,Present,Present,Present,Present,Present,Present,Present,Present,Present,Present,Present,Present,Present,Present,Present,Present,Present,Present,Present,Present,Present,Present,No Data,No Data,Present,Present,Present,Present,Present,**,Present,Present,Present,Present,Present,Present,Present,Present,Present,Present,Present,Present,Present,Present,No Data,Present,Present,****,**,Present,Present,Present,*,****,Present,Present,*,*,Present,**,**,**,*,Present,*,*,*,Present,Present,*,*,Present,*,*,*,****,*,*,*,Present,****,Present,****,Present,Present,***,***,***,Present,****,Present,Present,Present,Present,*,*,****,***,***,*,***,***,***,***,***,***,*,Present,****,****,Present,****,*,No Data,****,*,****,****,****,****,Present,*,**,Suspended,**,***,**,**,*,*,*,*,*,****,*,*,Present,****,Present,****,*,****,****,Present,****,Present,*,Present,***,***,***,Present
9,AGARAO,No Data,No Data,No Data,No Data,Present,Present,Present,Present,Present,Present,Present,Suspended,**,Present,**,Present,Present,Present,Present,Present,Present,Present,Present,Present,Present,Present,Present,Present,Present,Present,Present,Present,Present,**,Present,Present,Present,Present,Present,Present,Present,Present,Present,Present,Present,Present,Present,Present,Present,Present,Present,Present,Present,Present,Present,Present,Present,Present,No Data,No Data,Present,Present,Present,Present,Present,**,Present,Present,Present,Present,Present,Present,Present,Present,Present,Present,Present,Present,Present,Present,No Data,Present,Present,Present,Present,Present,*,Present,Present,*,Present,Present,Present,*,****,Present,**,**,Present,*,**,*,*,Present,Present,Present,Present,*,*,Present,Present,**,Present,Present,*,*,*,Present,****,Present,*,*,*,**,Present,*,Present,*,*,Present,Present,*,Present,Present,Present,Present,Present,Present,Present,****,*,Present,Present,****,Present,*,*,Present,*,No Data,*,*,****,*,Present,Present,Present,Present,Present,Suspended,*,***,***,***,*,*,*,Present,*,Present,Present,*,Present,Present,Present,Present,Present,****,Present,Present,Present,Present,Present,Present,Present,Present,*,*
10,ALBA,No Data,No Data,No Data,No Data,Present,Present,Present,Present,Present,Present,Present,Suspended,Present,Present,Present,Present,Present,Present,Present,Present,Present,Present,Present,Present,Present,Present,Present,Present,Present,Present,Present,Present,Present,Present,Present,Present,Present,Present,Present,Present,Present,Present,Present,Present,Present,Present,Present,Present,Present,Present,Present,Present,Present,Present,Present,Present,Present,Present,No Data,No Data,Present,Present,Present,Present,Present,Present,Present,Present,Present,Present,Present,Present,Present,Present,Present,Present,Present,Present,Present,Present,No Data,Present,Present,**,**,**,**,**,Present,Present,Present,Present,Present,Present,Present,Present,Present,Present,Present,Present,Present,Present,Present,Present,Present,*,Present,Present,Present,**,**,**,Present,****,****,*,**,**,**,**,Present,Present,Present,Present,Present,Present,Present,*,*,Present,Present,****,Present,Present,**,**,Present,Present,Present,Present,*,**,**,**,Present,Present,Present,Present,*,No Data,Present,Present,Present,Present,Present,**,**,**,Present,Suspended,Present,**,**,**,Present,Present,****,Present,Present,Present,**,****,*,Present,Present,*,Present,**,Present,*,Present,Present,*,*,Present,Present,Present,Present
11,ALBANO,No Data,No Data,No Data,No Data,Present,Present,Present,Present,Present,Present,**,Suspended,Present,Present,**,Present,Present,Present,**,Present,Present,Present,Present,Present,Present,Present,Present,Present,Present,Present,Present,Present,Present,Present,Present,Present,Present,Present,Present,Present,Present,Present,Present,Present,Present,Present,Present,Present,Present,Present,Present,Present,Present,Present,Present,Present,Present,Present,No Data,No Data,Present,Present,Present,Present,**,Present,Present,Present,Present,Present,Present,Present,Present,Present,Present,Present,Present,Present,Present,Present,No Data,Present,Present,Present,Present,***,Present,Present,Present,Present,Present,**,Present,****,Present,****,Present,**,Present,*,Present,Present,*,Present,Present,Present,Present,Present,Present,Present,Present,Present,Present,Present,Present,Present,Present,Present,Present,*,*,*,Present,**,**,**,**,**,**,*,Present,Present,Present,Present,Present,Present,Present,Present,Present,Present,Present,Present,Present,Present,Present,Present,Present,Present,Present,No Data,Present,Present,Present,Present,Present,Present,Present,*,*,Suspended,**,**,**,**,Present,Present,Present,**,*,***,Present,Present,Present,**,**,*,Present,Present,Present,Present,**,**,**,Present,**,Present,Present,Present
12,ALMARIO,No Data,No Data,No Data,No Data,Present,Present,Present,Present,Present,Present,Present,Suspended,Present,Present,**,**,**,Present,**,**,Present,Present,Present,Present,Present,**,Present,Present,**,Present,Present,Present,Present,**,Present,Present,Present,Present,Present,Present,Present,Present,Present,Present,Present,Present,Present,Present,Present,Present,Present,Present,Present,Present,Present,Present,Present,Present,No Data,No Data,Present,Present,Present,Present,Present,Present,Present,Present,Present,Present,Present,Present,Present,Present,Present,Present,Present,Present,Present,Present,No Data,Present,Present,****,****,****,****,*,*,*,Present,Present,Present,****,****,****,****,****,****,****,****,**,*,Present,Present,*,Present,*,*,****,****,****,Present,Present,Present,****,*,****,****,****,Present,Present,****,****,*,Present,Present,*,*,****,****,****,****,****,Present,Present,Present,Present,Present,Present,Present,Present,Present,**,Present,*,*,****,*,No Data,Present,**,****,Present,Present,Present,Present,****,**,Suspended,****,****,****,*,*,Present,****,Present,****,****,****,****,****,Present,*,****,*,****,Present,****,****,****,****,****,*,****,****,****
13,ALMONTE,No Data,No Data,No Data,No Data,Present,Present,Present,Present,Present,Present,Present,Suspended,Present,Present,Present,Present,Present,Present,Present,Present,Present,Present,Present,Present,Present,Present,Present,Present,Present,Present,Present,Present,Present,Present,Present,Present,Present,Present,Present,Present,Present,Present,Present,Present,Present,Present,Present,Present,Present,Present,Present,Present,Present,Present,Present,Present,Present,Present,No Data,No Data,Present,Present,Present,Present,Present,Present,Present,Present,Present,Present,Present,Present,Present,Present,Present,Present,Present,Present,Present,Present,No Data,Present,Present,***,**,****,Present,Present,Present,Present,Present,Present,*,****,***,Present,**,**,Present,Present,Present,Present,*,Present,Present,Present,*,Present,Present,**,**,**,Present,Present,*,Present,Present,Present,Present,Present,Present,Present,****,****,Present,****,**,***,***,Present,Present,Present,Present,Present,Present,Present,Present,Present,Present,Present,*,Present,Present,Present,Present,Present,Present,Present,Present,No Data,*,Present,Present,*,Present,Present,Present,Present,Present,Suspended,Present,Present,Present,Present,Present,Present,Present,Present,Present,Present,**,***,***,**,Present,Present,Present,**,**,**,Present,Present,Present,Present,Present,Present,Present,Present
14,ALONTE,No Data,No Data,No Data,No Data,Present,Present,Present,Present,Present,Present,Present,Suspended,**,Present,Present,Present,Present,Present,Present,Present,Present,Present,Present,Present,Present,Present,Present,**,Present,Present,Present,Present,Present,Present,Present,**,Present,Present,Present,Present,Present,Present,Present,Present,Present,Present,Present,Present,**,Present,Present,Present,Present,Present,Present,Present,Present,Present,No Data,No Data,Present,Present,Present,Present,Present,Present,Present,Present,Present,Present,Present,Present,Present,**,Present,Present,Present,Present,Present,**,No Data,Present,Present,Present,*,****,Present,****,***,***,Present,**,**,**,**,**,**,**,*,****,*,****,Present,Present,Present,*,****,****,****,Present,**,**,**,**,**,**,Present,*,*,Present,*,Present,Present,Present,**,Present,****,****,****,****,****,****,Present,Present,Present,**,*,Present,**,**,**,*,****,****,*,*,Present,*,*,No Data,***,***,Present,*,****,***,***,*,*,Suspended,Present,***,***,***,Present,****,**,**,Present,Present,***,***,***,Present,*,Present,*,***,**,**,**,**,Present,Present,****,****,****,Present
15,ALVAREZ (J.),No Data,No Data,No Data,No Data,Present,Present,Present,Present,Present,Present,Present,Suspended,Present,Present,Present,Present,Present,Present,Present,Present,Present,Present,Present,Present,**,**,Present,Present,Present,Present,Present,Present,Present,Present,Present,Present,Present,Present,Present,Present,Present,Present,Present,Present,Present,Present,Present,Present,Present,Present,Present,Present,Present,Present,Present,Present,Present,Present,No Data,No Data,Present,Present,Present,Present,Present,Present,Present,Present,Present,Present,Present,Present,Present,Present,Present,**,**,Present,Present,Present,No Data,Present,Present,Present,Present,Present,Present,Present,Present,Present,Present,Present,Present,Present,Present,Present,Present,**,Present,Present,Present,Present,Present,Present,Present,Present,Present,Present,Present,Present,Present,Present,Present,Present,Present,***,***,**,Present,Present,Present,***,***,***,Present,Present,Present,Present,Present,Present,Present,Present,Present,Present,***,*,Present,Present,Present,Present,Present,Present,Present,Present,Present,Present,Present,Present,Present,No Data,Present,Present,**,Present,Present,Present,Present,Present,Present,Suspended,Present,Present,Present,Present,Present,**,****,****,****,****,Present,****,Present,Present,Present,***,Present,*,****,**,****,****,****,****,Present,Present,Present,Present
16,ALVAREZ (M.),No Data,No Data,No Data,No Data,Present,Present,Present,Present,Present,Present,Present,Suspended,Present,Present,Present,Present,Present,Present,Present,Present,Present,Present,Present,Present,Present,Present,Present,**,Present,Present,Present,Present,**,Present,Present,Present,Present,Present,Present,Present,Present,Present,Present,Present,Present,Present,Present,Present,Present,Present,Present,Present,Present,Present,Present,Present,Present,Present,No Data,No Data,Present,Present,Present,Present,**,Present,Present,Present,Present,Present,Present,Present,Present,Present,Present,Present,Present,Present,Present,Present,No Data,Present,Present,***,*,****,***,*,**,**,Present,**,**,**,Present,**,**,*,**,Present,**,*,*,Present,Present,Present,Present,*,Present,**,*,**,Present,****,**,**,*,**,**,**,Present,**,****,****,****,**,**,**,*,Present,**,**,*,*,Present,Present,**,**,****,****,**,Present,*,Present,**,**,**,*,**,No Data,****,****,****,****,**,**,Present,**,*,Suspended,**,****,**,****,*,**,****,*,****,****,****,****,*,**,**,****,***,**,*,****,****,****,****,****,*,*,**,**
17,ALVAREZ (P.),No Data,No Data,No Data,No Data,Present,Present,***,***,***,***,Present,Suspended,***,Present,***,Present,***,***,Present,***,***,***,***,***,***,***,***,***,***,***,***,***,***,***,***,***,***,Present,***,***,***,***,***,***,***,***,***,Present,Present,Present,Present,Present,Present,Present,Present,Present,Present,Present,No Data,No Data,Present,Present,Present,Present,Present,Present,Present,Present,Present,Present,Present,Present,Present,Present,Present,Present,Present,Present,Present,Present,No Data,Present,Present,***,***,***,***,***,***,***,Present,**,**,**,**,**,**,**,****,****,****,**,**,Present,Present,****,****,**,**,**,**,**,**,**,**,****,****,**,**,****,****,****,****,****,****,****,****,****,****,***,***,***,****,****,****,****,****,****,****,****,****,****,***,***,***,***,Present,Present,Present,No Data,***,**,***,***,***,***,***,***,***,Suspended,****,***,***,***,***,***,***,***,***,***,****,***,***,***,***,****,***,****,***,***,***,***,***,***,***,****,****,****
18,AMANTE,No Data,No Data,No Data,No Data,Present,Present,Present,Present,Present,Present,Present,Suspended,Present,Present,**,Present,Present,Present,Present,**,Present,Present,Present,Present,Present,Present,Present,Present,Present,Present,Present,Present,Present,Present,Present,Present,Present,Present,Present,Present,Present,Present,Present,Present,Present,Present,Present,Present,Present,Present,Present,Present,Present,Present,Present,Present,Present,Present,No Data,No Data,Present,Present,Present,Present,Present,Present,Present,Present,Present,Present,Present,Present,Present,Present,Present,Present,Present,Present,Present,Present,No Data,Present,Present,Present,Present,Present,Present,*,*,Present,Present,Present,Present,Present,Present,Present,Present,**,**,**,**,Present,*,Present,Present,Present,*,Present,Present,Present,****,Present,Present,Present,**,Present,Present,Present,Present,Present,Present,Present,Present,***,***,***,***,Present,Present,Present,Present,Present,Present,Present,Present,Present,Present,Present,*,*,*,Present,*,Present,*,*,Present,Present,*,No Data,***,****,****,***,***,Present,*,Present,**,Suspended,****,*,Present,Present,*,**,Present,Present,Present,**,*,Present,*,Present,Present,**,*,Present,Present,****,*,****,Present,*,Present,***,***,Present
19,AMATONG,No Data,No Data,No Data,No Data,Present,Present,Present,Present,Present,Present,**,Suspended,Present,Present,Present,Present,Present,Present,Present,Present,Present,Present,Present,Present,Present,**,Present,Present,Present,Present,Present,Present,Present,Present,Present,Present,Present,Present,Present,Present,Present,Present,Present,Present,Present,Present,Present,Present,Present,Present,Present,Present,Present,Present,Present,Present,Present,Present,No Data,No Data,Present,Present,Present,Present,Present,Present,Present,Present,Present,Present,Present,Present,Present,Present,Present,Present,Present,Present,Present,Present,No Data,Present,Present,Present,Present,****,***,***,*,****,Present,**,**,Present,****,****,**,**,*,Present,****,****,*,Present,Present,*,**,**,**,**,**,**,**,**,**,**,***,***,***,Present,Present,Present,****,*,Present,****,**,*,*,Present,****,****,***,***,Present,****,Present,****,****,****,****,*,Present,****,Present,****,**,**,**,No Data,**,**,**,**,Present,**,Present,****,*,Suspended,**,****,****,****,*,*,Present,****,Present,****,****,Present,*,****,****,****,*,****,****,*,****,****,****,****,*,***,***,***
20,ANG,No Data,No Data,No Data,No Data,Present,Present,Present,Present,Present,Present,Present,Suspended,Present,Present,Present,Present,Present,Present,Present,Present,Present,Present,Present,Present,Present,Present,Present,Present,Present,Present,Present,Present,Present,Present,Present,Present,Present,Present,Present,Present,Present,Present,Present,Present,Present,Present,Present,Present,Present,Present,Present,Present,Present,Present,Present,Present,Present,Present,No Data,No Data,Present,Present,Present,Present,Present,Present,Present,Present,Present,Present,Present,Present,Present,**,Present,Present,Present,Present,Present,Present,No Data,Present,Present,Present,Present,Present,*,Present,**,*,Present,Present,Present,Present,Present,Present,Present,Present,Present,Present,Present,Present,Present,Present,Present,Present,Present,Present,Present,Present,Present,Present,Present,Present,**,Present,Present,Present,Present,Present,Present,Present,Present,Present,Present,Present,Present,*,Present,Present,****,****,Present,Present,Present,Present,Present,*,Present,Present,Present,Present,Present,Present,Present,Present,Present,Present,Present,No Data,Present,Present,Present,Present,Present,Present,Present,Present,Present,Suspended,Present,Present,Present,Present,Present,**,****,Present,Present,*,Present,Present,*,Present,Present,Present,Present,**,Present,Present,Present,*,Present,Present,Present,Present,*,Present
21,ANGARA,No Data,No Data,No Data,No Data,Present,Present,Present,Present,Present,Present,Present,Suspended,Present,Present,**,Present,Present,Present,Present,Present,Present,Present,Present,Present,Present,**,Present,Present,Present,Present,Present,Present,Present,Present,Present,Present,Present,Present,Present,Present,Present,Present,Present,Present,Present,Present,Present,Present,Present,Present,Present,Present,Present,Present,Present,Present,Present,Present,No Data,No Data,Present,Present,Present,Present,Present,Present,Present,Present,Present,Present,Present,Present,Present,Present,Present,Present,Present,Present,Present,Present,No Data,Present,Present,****,****,****,***,****,Present,Present,Present,Present,****,Present,****,Present,****,****,Present,Present,****,Present,*,Present,Present,Present,**,Present,Present,Present,****,****,**,Present,****,Present,Present,*,****,Present,Present,Present,Present,****,Present,****,****,Present,Present,Present,Present,****,****,Present,Present,Present,Present,Present,Present,**,Present,Present,Present,Present,****,Present,Present,Present,Present,No Data,**,**,**,**,**,Present,Present,*,Present,Suspended,**,Present,Present,****,Present,Present,Present,Present,Present,****,*,****,****,Present,*,Present,Present,****,Present,****,Present,****,****,Present,Present,***,***,Present
22,AQUINO,No Data,No Data,No Data,No Data,Present,Present,Present,Present,Present,Present,Present,Suspended,Present,Present,Present,Present,Present,Present,**,Present,Present,Present,Present,Present,Present,Present,Present,Present,Present,Present,Present,Present,Present,Present,Present,Present,Present,Present,Present,Present,Present,Present,Present,Present,Present,Present,Present,Present,**,Present,Present,Present,Present,Present,Present,Present,Present,Present,No Data,No Data,Present,Present,Present,Present,Present,**,**,Present,Present,Present,Present,Present,Present,Present,Present,Present,**,Present,Present,Present,No Data,Present,Present,Present,****,****,*,Present,**,*,Present,**,**,Present,Present,****,Present,Present,Present,Present,Present,****,*,Present,Present,*,Present,*,****,Present,**,Present,**,Present,Present,*,Present,**,*,Present,Present,*,*,*,Present,Present,Present,****,*,****,Present,Present,*,*,Present,Present,Present,Present,*,**,Present,*,Present,**,Present,*,****,Present,*,No Data,*,**,*,*,**,**,**,Present,**,Suspended,Present,****,Present,*,Present,**,*,****,**,****,*,****,Present,*,Present,*,*,*,Present,*,****,Present,Present,Present,**,Present,Present,*
23,ARBISON,No Data,No Data,No Data,No Data,Present,Present,Present,Present,Present,Present,Present,Suspended,Present,Present,Present,Present,Present,Present,Present,Present,Present,Present,Present,Present,Present,Present,Present,Present,Present,Present,Present,Present,Present,Present,Present,Present,Present,Present,Present,Present,Present,Present,Present,Present,Present,Present,Present,Present,Present,Present,Present,Present,Present,Present,Present,Present,Present,Present,No Data,No Data,Present,Present,Present,Present,Present,Present,Present,Present,Present,Present,Present,Present,Present,Present,Present,Present,Present,Present,Present,Present,No Data,Present,Present,Present,Present,Present,Present,Present,Present,Present,Present,Present,Present,Present,Present,Present,Present,Present,***,Present,Present,Present,Present,Present,Present,Present,Present,Present,Present,Present,Present,Present,Present,Present,Present,Present,**,**,Present,Present,Present,Present,Present,**,Present,Present,Present,Present,***,***,***,***,Present,Present,Present,Present,Present,Present,***,****,***,Present,Present,Present,Present,Present,Present,Present,Present,No Data,***,Present,Present,Present,Present,***,***,***,***,Suspended,**,Present,Present,Present,*,Present,Present,****,Present,Present,Present,Present,Present,***,Present,Present,Present,Present,Present,Present,***,***,***,Present,Present,**,**,Present
24,ARENAS,No Data,No Data,No Data,No Data,Present,Present,Present,Present,Present,Present,**,Suspended,Present,Present,**,Present,**,**,**,Present,Present,Present,Present,Present,Present,**,Present,**,Present,Present,Present,Present,Present,Present,Present,Present,Present,Present,Present,Present,Present,Present,Present,Present,Present,Present,Present,Present,Present,Present,Present,Present,Present,Present,Present,Present,Present,Present,No Data,No Data,Present,Present,Present,Present,Present,Present,Present,Present,Present,Present,Present,Present,Present,Present,Present,Present,Present,Present,Present,**,No Data,Present,Present,Present,Present,****,**,**,**,**,Present,*,Present,*,**,Present,Present,**,**,**,**,Present,*,Present,Present,Present,**,**,**,**,**,**,Present,Present,Present,**,*,Present,****,Present,*,****,****,****,**,**,**,Present,*,*,Present,*,*,Present,Present,**,*,Present,*,Present,Present,**,Present,**,**,Present,*,Present,Present,No Data,*,****,*,*,*,****,**,Present,*,Suspended,*,Present,Present,****,Present,**,Present,*,*,*,***,Present,Present,Present,*,*,Present,Present,Present,*,**,**,****,*,**,**,Present,**
25,ARROGANCIA,No Data,No Data,No Data,No Data,Present,Present,Present,Present,Present,Present,Present,Suspended,Present,Present,Present,Present,Present,Present,Present,Present,Present,Present,Present,Present,Present,Present,Present,Present,**,Present,Present,Present,Present,Present,Present,Present,Present,Present,Present,Present,Present,Present,Present,Present,Present,Present,Present,Present,Present,Present,Present,Present,Present,Present,Present,Present,Present,Present,No Data,No Data,Present,Present,Present,Present,Present,**,Present,Present,Present,Present,Present,Present,Present,Present,Present,Present,Present,Present,Present,Present,No Data,Present,Present,***,Present,Present,Present,Present,Present,Present,Present,Present,***,Present,**,Present,Present,Present,Present,*,Present,Present,Present,Present,Present,Present,Present,Present,Present,Present,Present,Present,Present,Present,Present,**,Present,Present,Present,Present,Present,Present,Present,**,Present,Present,Present,Present,Present,Present,Present,Present,Present,Present,Present,Present,Present,Present,Present,Present,Present,Present,Present,Present,Present,Present,Present,Present,Present,No Data,Present,Present,Present,Present,Present,Present,Present,Present,Present,Suspended,Present,Present,Present,Present,Present,Present,Present,Present,Present,Present,Present,Present,Present,Present,Present,Present,Present,Present,Present,Present,Present,Present,Present,Present,Present,Present,Present,Present
26,ASISTIO,No Data,No Data,No Data,No Data,Present,Present,***,Present,Present,Present,Present,Suspended,**,Present,Present,Present,Present,Present,**,Present,Present,Present,Present,Present,Present,Present,Present,Present,Present,Present,Present,**,Present,**,Present,Present,Present,Present,Present,Present,Present,Present,Present,Present,Present,Present,Present,Present,Present,Present,Present,Present,Present,Present,Present,**,Present,Present,No Data,No Data,Present,Present,Present,Present,Present,Present,Present,Present,Present,Present,Present,Present,Present,**,Present,Present,Present,Present,Present,Present,No Data,Present,Present,Present,*,*,*,*,Present,*,Present,*,*,Present,****,Present,****,Present,****,*,****,****,*,Present,Present,*,Present,*,Present,Present,****,*,Present,*,**,*,*,*,*,*,*,Present,*,*,*,*,****,Present,*,Present,****,*,*,Present,Present,Present,Present,Present,****,Present,*,Present,Present,Present,****,*,**,**,**,No Data,***,***,Present,****,Present,*,Present,****,*,Suspended,**,Present,*,****,*,*,Present,*,*,Present,*,Present,*,Present,****,*,Present,****,Present,Present,Present,****,Present,Present,Present,Present,*,**
27,ATAYDE,No Data,No Data,No Data,No Data,Present,Present,Present,Present,Present,Present,Present,Suspended,**,Present,Present,Present,Present,**,Present,Present,Present,Present,Present,Present,**,Present,Present,Present,Present,Present,Present,**,Present,Present,Present,Present,Present,Present,Present,**,Present,Present,Present,Present,Present,Present,Present,Present,Present,Present,Present,Present,Present,Present,Present,**,Present,Present,No Data,No Data,Present,Present,Present,Present,Present,Present,Present,Present,Present,Present,Present,Present,Present,Present,Present,Present,Present,Present,Present,Present,No Data,Present,Present,****,****,****,**,**,**,Present,Present,Present,**,*,Present,Present,Present,Present,Present,Present,Present,Present,Present,**,**,**,Present,*,*,Present,Present,Present,Present,Present,**,Present,***,***,***,Present,Present,Present,Present,Present,Present,Present,***,*,Present,Present,Present,Present,Present,Present,Present,Present,***,***,*,Present,Present,Present,Present,Present,Present,Present,Present,Present,Present,No Data,**,**,**,**,**,Present,Present,Present,Present,Suspended,Present,***,Present,Present,*,**,Present,Present,*,Present,Present,Present,**,Present,Present,Present,Present,Present,Present,Present,Present,Present,Present,Present,*,*,Present,*
28,AUMENTADO,No Data,No Data,No Data,No Data,Present,Present,Present,Present,Present,Present,Present,Suspended,**,Present,Present,Present,**,**,**,**,Present,Present,Present,Present,Present,Present,Present,Present,Present,Present,Present,**,Present,Present,Present,Present,Present,Present,Present,Present,Present,Present,Present,Present,Present,Present,Present,Present,Present,Present,Present,Present,Present,Present,Present,Present,Present,Present,No Data,No Data,Present,Present,Present,Present,Present,Present,Present,Present,Present,Present,Present,Present,Present,Present,Present,Present,Present,Present,Present,Present,No Data,Present,Present,****,Present,Present,Present,Present,Present,*,Present,**,Present,*,Present,**,**,**,Present,Present,Present,Present,*,Present,Present,Present,**,**,**,Present,*,Present,**,**,**,**,Present,Present,*,**,Present,**,**,**,****,****,**,**,**,**,Present,**,**,**,**,**,Present,Present,**,**,**,**,Present,Present,Present,Present,****,****,*,No Data,Present,**,**,**,**,*,*,**,Present,Suspended,*,**,**,**,*,*,**,**,Present,Present,*,**,**,Present,Present,*,*,*,**,**,*,Present,**,**,*,Present,Present,Present
29,BALINDONG,No Data,No Data,No Data,No Data,Present,Present,Present,Present,Present,Present,Present,Suspended,Present,Present,Present,Present,**,Present,Present,Present,Present,Present,Present,Present,Present,**,Present,Present,Present,Present,Present,Present,Present,Present,Present,Present,Present,Present,Present,Present,Present,Present,Present,Present,Present,Present,Present,Present,Present,Present,Present,Present,Present,Present,Present,Present,Present,Present,No Data,No Data,Present,Present,Present,Present,Present,Present,Present,Present,Present,Present,Present,Present,Present,**,Present,Present,Present,Present,Present,Present,No Data,Present,Present,Present,Present,Present,Present,Present,**,Present,Present,Present,Present,Present,Present,Present,Present,*,Present,Present,Present,*,Present,Present,Present,Present,Present,Present,*,Present,*,Present,Present,Present,Present,Present,Present,Present,Present,Present,Present,Present,Present,Present,Present,Present,Present,Present,Present,Present,Present,*,Present,*,Present,Present,Present,Present,Present,Present,Present,Present,Present,Present,Present,Present,Present,Present,Present,No Data,Present,Present,Present,Present,Present,Present,Present,Present,Present,Suspended,**,Present,Present,Present,Present,**,**,**,Present,**,Present,Present,Present,Present,Present,Present,*,Present,Present,Present,Present,Present,Present,Present,Present,Present,Present,Present
30,BARBA,No Data,No Data,No Data,No Data,Present,Present,Present,Present,Present,Present,Present,Suspended,Present,Present,Present,Present,Present,Present,Present,**,Present,Present,Present,Present,Present,Present,Present,Present,Present,Present,Present,Present,Present,Present,Present,Present,Present,Present,Present,Present,Present,Present,Present,Present,Present,Present,Present,Present,Present,Present,Present,Present,Present,Present,Present,Present,Present,Present,No Data,No Data,Present,Present,Present,Present,Present,Present,Present,Present,Present,Present,Present,Present,Present,Present,Present,Present,Present,Present,Present,Present,No Data,Present,Present,Present,Present,Present,Present,Present,*,Present,Present,Present,Present,Present,Present,Present,Present,Present,**,Present,Present,**,*,Present,Present,Present,Present,Present,Present,Present,*,Present,Present,*,Present,Present,Present,Present,Present,*,Present,Present,Present,Present,*,Present,Present,****,Present,Present,Present,Present,Present,*,Present,Present,Present,Present,Present,Present,Present,Present,Present,Present,Present,Present,Present,Present,*,No Data,*,**,Present,Present,Present,****,Present,Present,Present,Suspended,Present,Present,Present,****,*,Present,Present,**,Present,Present,Present,Present,Present,Present,Present,Present,*,Present,Present,Present,Present,Present,Present,Present,Present,Present,Present,Present
31,BARBERS,No Data,No Data,No Data,No Data,Present,Present,Present,Present,Present,Present,Present,Suspended,Present,Present,**,Present,Present,Present,Present,Present,Present,Present,Present,Present,Present,Present,Present,Present,Present,Present,Present,Present,Present,Present,Present,Present,Present,Present,Present,Present,Present,Present,Present,Present,**,Present,Present,Present,Present,Present,Present,Present,Present,Present,Present,Present,Present,Present,No Data,No Data,Present,Present,Present,Present,Present,**,Present,Present,Present,Present,Present,Present,Present,Present,Present,Present,Present,Present,Present,Present,No Data,Present,Present,****,****,*,****,*,**,****,Present,*,*,****,****,****,****,****,****,*,*,*,Present,Present,Present,Present,Present,*,Present,Present,Present,*,Present,**,Present,*,*,Present,Present,Present,Present,Present,Present,Present,Present,Present,Present,*,Present,Present,Present,****,Present,Present,Present,Present,Present,*,Present,Present,Present,Present,****,*,*,****,****,****,*,No Data,****,**,****,*,Present,Present,Present,**,**,Suspended,**,****,****,****,Present,**,*,****,****,**,****,Present,**,Present,Present,Present,Present,**,Present,**,Present,**,**,Present,**,*,*,**
32,BARONDA,No Data,No Data,No Data,No Data,Present,Present,Present,Present,Present,Present,**,Suspended,Present,Present,Present,**,**,Present,Present,**,Present,Present,Present,Present,Present,Present,Present,Present,Present,Present,Present,Present,Present,Present,Present,Present,Present,Present,Present,Present,Present,Present,Present,Present,Present,Present,Present,Present,Present,Present,Present,Present,Present,Present,Present,Present,Present,Present,No Data,No Data,Present,Present,Present,Present,Present,Present,Present,Present,Present,Present,Present,Present,Present,Present,Present,Present,Present,Present,Present,Present,No Data,Present,Present,Present,Present,*,****,****,****,*,Present,Present,Present,Present,*,Present,Present,Present,Present,Present,Present,Present,Present,Present,Present,Present,Present,Present,Present,Present,Present,Present,Present,Present,Present,Present,Present,Present,Present,Present,Present,Present,Present,**,Present,Present,Present,Present,Present,Present,Present,Present,Present,Present,Present,Present,Present,Present,Present,Present,Present,Present,****,****,Present,Present,Present,Present,Present,No Data,Present,Present,Present,Present,Present,Present,Present,Present,Present,Suspended,Present,Present,Present,Present,Present,*,Present,Present,Present,Present,Present,Present,Present,Present,Present,Present,Present,Present,Present,Present,Present,Present,Present,Present,Present,*,*,Present
33,BARZAGA,No Data,No Data,No Data,No Data,Present,Present,Present,Present,Present,Present,**,Suspended,**,Present,Present,Present,**,**,**,**,Present,Present,Present,Present,**,**,Present,Present,Present,Present,Present,Present,Present,Present,Present,Present,Present,Present,Present,Present,Present,Present,Present,Present,Present,Present,Present,Present,**,**,Present,Present,Present,Present,Present,**,Present,Present,No Data,No Data,Present,Present,Present,Present,Present,**,Present,Present,Present,Present,**,Present,Present,**,Present,Present,Present,Present,Present,**,No Data,Present,Present,****,*,Present,**,**,**,**,Present,**,**,**,**,**,**,**,**,**,**,**,**,**,**,**,**,**,**,**,**,**,**,**,**,***,**,**,**,**,**,**,**,**,***,***,***,**,**,**,**,**,**,**,**,**,***,***,***,***,***,**,Not Listed,Not Listed,Not Listed,Not Listed,Not Listed,Not Listed,Not Listed,No Data,Not Listed,Not Listed,Not Listed,Not Listed,Not Listed,Not Listed,Not Listed,Not Listed,Not Listed,Suspended,Not Listed,Not Listed,Not Listed,Not Listed,Not Listed,Not Listed,Not Listed,Not Listed,Not Listed,Not Listed,Not Listed,Not Listed,Not Listed,Not Listed,Not Listed,Not Listed,Not Listed,Not Listed,Not Listed,Not Listed,Not Listed,Not Listed,Not Listed,Not Listed,Not Listed,Not Listed,Not Listed,Not Listed
34,BASCUG,No Data,No Data,No Data,No Data,Present,Present,Present,Present,Present,Present,**,Suspended,Present,Present,Present,Present,**,Present,Present,Present,Present,Present,**,Present,Present,**,Present,Present,Present,Present,Present,Present,Present,Present,Present,Present,Present,Present,Present,Present,Present,Present,Present,Present,Present,Present,Present,Present,Present,Present,Present,Present,Present,Present,Present,Present,Present,Present,No Data,No Data,Present,Present,Present,Present,Present,Present,Present,Present,Present,Present,**,Present,**,Present,Present,Present,Present,Present,Present,Present,No Data,Present,Present,**,**,**,Present,Present,Present,Present,Present,**,**,**,Present,Present,Present,Present,Present,**,Present,*,*,Present,Present,Present,Present,**,**,Present,**,**,Present,**,**,*,**,**,**,**,Present,**,Present,**,**,**,**,**,**,Present,Present,*,Present,Present,Present,Present,Present,Present,*,*,Present,Present,Present,Present,**,**,Present,Present,Present,No Data,Present,*,Present,Present,Present,Present,*,Present,Present,Suspended,**,Present,Present,Present,Present,Present,Present,Present,Present,**,Present,Present,Present,Present,Present,Present,**,Present,Present,*,Present,Present,Present,Present,Present,***,***,**
35,BAUTISTA,No Data,No Data,No Data,No Data,Present,Present,Present,Present,Present,Present,Present,Suspended,Present,Present,**,Present,**,Present,Present,Present,Present,Present,Present,Present,Present,Present,Present,Present,Present,Present,Present,Present,Present,Present,Present,Present,Present,Present,Present,Present,Present,Present,Present,Present,Present,Present,Present,Present,Present,Present,Present,Present,Present,Present,Present,Present,Present,Present,No Data,No Data,Present,Present,Present,Present,Present,Present,Present,Present,Present,Present,Present,Present,Present,Present,Present,Present,Present,Present,Present,Present,No Data,Present,Present,****,****,****,****,****,****,**,Present,****,****,Present,**,***,***,****,*,**,****,**,**,Present,Present,*,****,****,****,****,Present,****,**,**,**,***,***,***,****,****,****,****,****,****,****,****,***,****,****,****,****,****,****,****,****,*,****,****,****,****,****,*,****,****,****,***,****,****,*,No Data,***,****,****,****,****,****,*,****,**,Suspended,****,Present,**,****,**,*,****,****,****,****,*,****,****,****,****,***,**,****,****,****,****,****,****,****,*,**,**,****
36,BAUTISTA-LIM,No Data,No Data,No Data,No Data,Present,Present,Present,Present,Present,Present,**,Suspended,**,Present,Present,Present,Present,Present,Present,Present,Present,Present,Present,Present,**,Present,Present,**,Present,Present,Present,Present,Present,Present,Present,Present,Present,Present,Present,Present,Present,Present,Present,Present,Present,Present,Present,Present,Present,Present,Present,Present,Present,Present,Present,Present,Present,Present,No Data,No Data,Present,Present,Present,Present,**,Present,Present,Present,Present,Present,Present,Present,Present,**,Present,Present,Present,Present,Present,Present,No Data,Present,Present,***,***,***,*,****,**,**,Present,*,****,Present,**,**,****,****,****,Present,****,****,*,Present,Present,*,*,****,****,Present,Present,****,*,****,****,*,****,****,****,*,****,*,****,****,****,****,Present,****,****,****,****,****,****,****,****,**,**,**,**,**,****,****,*,****,****,*,****,****,*,No Data,****,**,Present,*,*,*,****,*,****,Suspended,****,Present,****,****,*,**,*,Present,*,*,*,***,**,***,**,***,*,****,Present,Present,*,****,*,*,Present,**,**,**
37,BENITEZ,No Data,No Data,No Data,No Data,Present,Present,Present,Present,Present,Present,**,Suspended,Present,Present,Present,**,**,Present,Present,Present,Present,Present,Present,Present,Present,Present,Present,Present,Present,Present,Present,Present,Present,Present,Present,Present,Present,Present,Present,Present,Present,Present,Present,Present,**,**,**,Present,Present,Present,Present,Present,Present,Present,Present,Present,Present,Present,No Data,No Data,Present,Present,Present,Present,Present,Present,**,Present,Present,Present,Present,Present,Present,Present,Present,Present,Present,Present,Present,Present,No Data,Present,Present,Present,Present,Present,**,**,Present,Present,Present,****,****,Present,****,****,Present,Present,****,Present,Present,**,**,**,**,Present,Present,****,**,**,**,**,**,**,**,*,*,Present,*,Present,*,Present,****,****,*,Present,Present,*,**,****,Present,Present,Present,*,**,**,Present,Present,*,Present,*,Present,*,Present,*,Present,Present,Present,Present,No Data,****,**,Present,**,**,**,Present,Present,Not Listed,Suspended,Not Listed,Not Listed,Not Listed,Not Listed,Not Listed,Not Listed,Not Listed,Not Listed,Not Listed,Not Listed,Not Listed,Not Listed,Not Listed,Not Listed,Not Listed,Not Listed,Not Listed,Not Listed,Not Listed,Not Listed,Not Listed,Not Listed,Not Listed,Not Listed,Not Listed,Not Listed,Not Listed,Not Listed
38,BERNOS,No Data,No Data,No Data,No Data,Present,Present,Present,Present,Present,Present,Present,Suspended,Present,Present,Present,Present,Present,**,Present,Present,Present,Present,Present,Present,Present,Present,Present,Present,Present,Present,Present,Present,Present,Present,Present,Present,Present,Present,Present,Present,Present,Present,Present,Present,Present,Present,Present,Present,Present,Present,Present,Present,Present,Present,Present,Present,Present,Present,No Data,No Data,Present,Present,Present,Present,Present,Present,Present,Present,Present,Present,Present,Present,Present,Present,Present,Present,**,Present,Present,Present,No Data,Present,Present,Present,Present,Present,Present,Present,Present,Present,Present,Present,Present,Present,*,Present,Present,Present,Present,**,Present,**,*,Present,Present,*,**,**,**,Present,Present,Present,Present,Present,Present,Present,Present,*,Present,*,*,*,*,Present,Present,Present,Present,Present,Present,Present,****,****,***,***,Present,Present,Present,Present,*,Present,Present,Present,Present,Present,Present,*,Present,***,Present,No Data,Present,*,Present,Present,*,Present,Present,Present,*,Suspended,Present,Present,Present,Present,Present,**,Present,Present,Present,Present,Present,Present,Present,Present,Present,Present,Present,Present,Present,Present,****,*,****,Present,Present,Present,Present,Present
39,BILLONES,No Data,No Data,No Data,No Data,Present,Present,Present,Present,Present,Present,Present,Suspended,Present,Present,Present,Present,Present,Present,Present,Present,Present,Present,Present,Present,Present,Present,Present,Present,Present,Present,Present,Present,Present,Present,Present,Present,Present,Present,Present,Present,Present,Present,Present,Present,Present,Present,Present,Present,Present,Present,Present,Present,Present,Present,Present,Present,Present,Present,No Data,No Data,Present,Present,Present,Present,Present,Present,Present,Present,Present,Present,Present,Present,Present,Present,Present,Present,Present,Present,Present,Present,No Data,Present,Present,Present,****,****,****,Present,Present,Present,Present,Present,****,Present,****,Present,Present,****,Present,****,****,****,Present,Present,Present,*,Present,Present,****,****,Present,****,****,Present,Present,Present,****,****,****,Present,Present,Present,Present,****,Present,Present,****,Present,Present,Present,Present,****,Present,Present,Present,Present,Present,****,Present,Present,Present,Present,Present,Present,Present,Present,Present,****,Present,No Data,**,**,Present,**,**,Present,Present,*,Present,Suspended,**,****,Present,Present,*,*,Present,Present,Present,****,*,Present,Present,Present,Present,Present,Present,****,Present,Present,Present,Present,*,*,Present,Present,Present,Present
40,BIRON,No Data,No Data,No Data,No Data,Present,Present,Present,Present,Present,Present,Present,Suspended,Present,Present,Present,Present,Present,**,**,Present,**,Present,**,Present,Present,Present,Present,Present,Present,Present,Present,Present,Present,Present,Present,Present,Present,Present,**,**,Present,Present,Present,Present,Present,Present,**,Present,Present,Present,Present,Present,Present,Present,Present,Present,Present,Present,No Data,No Data,Present,Present,Present,Present,**,Present,Present,Present,Present,Present,Present,Present,Present,**,Present,**,**,Present,Present,**,No Data,Present,Present,****,****,****,****,**,****,****,Present,****,**,****,**,****,****,****,**,**,**,**,**,**,**,**,****,****,****,**,**,**,**,**,**,****,****,**,****,**,****,****,****,****,****,****,****,****,****,****,****,****,Present,Present,Present,Present,Present,*,****,**,*,**,Present,*,Present,Present,*,Present,**,No Data,****,Present,****,*,****,**,**,**,Present,Suspended,****,**,Present,**,*,****,*,**,****,****,**,****,**,Present,*,*,**,**,****,Present,Present,****,****,Present,*,Present,Present,Present
41,BOLILIA,No Data,No Data,No Data,No Data,Present,Present,Present,Present,Present,Present,Present,Suspended,Present,Present,Present,Present,**,**,Present,**,Present,Present,Present,Present,Present,Present,Present,**,Present,Present,Present,Present,Present,Present,Present,Present,Present,Present,Present,Present,Present,Present,Present,Present,Present,Present,Present,Present,Present,Present,Present,Present,Present,Present,Present,Present,Present,Present,No Data,No Data,Present,Present,Present,Present,Present,Present,Present,Present,Present,Present,Present,Present,Present,Present,Present,Present,Present,Present,Present,Present,No Data,Present,Present,Present,Present,Present,Present,Present,Present,Present,Present,Present,Present,Present,Present,**,**,**,**,**,**,*,*,Present,Present,*,*,Present,*,Present,*,Present,Present,Present,Present,**,Present,Present,Present,**,Present,Present,Present,Present,Present,Present,**,**,**,*,****,Present,**,Present,Present,Present,Present,Present,Present,****,****,*,*,*,Present,Present,****,***,***,No Data,****,*,**,*,*,Present,Present,Present,**,Suspended,Present,Present,Present,*,Present,*,***,*,Present,*,Present,Present,Present,*,Present,Present,*,*,*,Present,Present,Present,Present,Present,*,Present,Present,Present
42,BONDOC,No Data,No Data,No Data,No Data,Present,Present,Present,Present,Present,Present,Present,Suspended,Present,Present,Present,Present,Present,Present,Present,Present,Present,Present,Present,Present,Present,Present,Present,Present,Present,Present,Present,Present,Present,Present,Present,Present,Present,Present,Present,Present,Present,Present,Present,Present,Present,Present,Present,Present,**,Present,Present,Present,Present,Present,Present,Present,Present,Present,No Data,No Data,Present,Present,Present,Present,Present,Present,Present,Present,Present,Present,Present,Present,Present,Present,Present,Present,Present,Present,Present,Present,No Data,Present,Present,**,**,*,*,**,**,**,Present,****,**,*,*,****,*,****,*,****,****,*,*,Present,Present,*,*,Present,**,*,*,*,Present,*,Present,*,*,*,*,*,*,*,*,*,*,Present,*,*,*,*,*,*,****,*,Present,*,*,*,Present,*,Present,*,*,*,*,*,*,*,*,No Data,*,*,**,**,*,*,*,*,**,Suspended,Present,Present,*,*,*,*,*,*,*,*,*,*,*,Present,*,**,*,*,***,*,*,**,*,****,*,*,*,*
43,BONGALON,No Data,No Data,No Data,No Data,Present,Present,Present,Present,Present,Present,Present,Suspended,Present,Present,Present,Present,Present,**,Present,Present,Present,Present,Present,Present,**,Present,Present,Present,Present,Present,Present,**,Present,Present,Present,Present,Present,Present,Present,Present,Present,Present,Present,Present,Present,Present,Present,Present,Present,Present,Present,Present,Present,Present,Present,Present,Present,Present,No Data,No Data,Present,Present,Present,Present,Present,Present,Present,Present,Present,Present,Present,Present,Present,Present,Present,Present,Present,Present,Present,**,No Data,Present,Present,**,Present,Present,Present,**,**,Present,Present,Present,**,****,Present,*,****,****,**,*,*,*,Present,Present,Present,Present,**,**,**,*,Present,*,Present,Present,**,Present,**,*,****,Present,Present,Present,Present,Present,Present,Present,Present,Present,*,Present,**,Present,Present,Present,****,Present,Present,Present,Present,****,****,*,Present,Present,Present,Present,Present,**,Present,No Data,Present,****,Present,*,****,Present,*,Present,*,Suspended,*,**,Present,Present,Present,**,*,*,Present,**,*,Present,*,****,Present,Present,*,**,Present,Present,****,Present,****,***,*,Present,Present,**
44,BORDADO,No Data,No Data,No Data,No Data,Present,Present,Present,Present,Present,Present,Present,Suspended,Present,Present,Present,Present,Present,Present,Present,Present,Present,Present,Present,Present,Present,Present,Present,Present,Present,Present,Present,Present,Present,Present,Present,Present,Present,Present,Present,Present,Present,Present,Present,Present,Present,Present,Present,Present,Present,Present,Present,Present,Present,Present,Present,Present,Present,Present,No Data,No Data,Present,Present,Present,Present,Present,Present,Present,Present,Present,Present,Present,Present,Present,Present,Present,Present,Present,Present,Present,Present,No Data,Present,Present,Present,Present,Present,Present,Present,Present,Present,Present,Present,Present,Present,Present,Present,Present,Present,Present,Present,Present,Present,Present,Present,Present,Present,Present,Present,Present,Present,Present,Present,Present,Present,Present,Present,Present,Present,Present,Present,Present,Present,Present,Present,Present,Present,Present,Present,Present,Present,Present,Present,Present,Present,Present,Present,Present,Present,Present,Present,Present,Present,Present,Present,Present,Present,Present,Present,Present,No Data,Present,Present,Present,Present,Present,Present,Present,Present,Present,Suspended,Present,Present,Present,Present,Present,Present,Present,Present,Present,Present,Present,Present,Present,Present,Present,Present,Present,Present,Present,Present,Present,**,Present,Present,Present,Present,Present,Present
45,BOSITA,No Data,No Data,No Data,No Data,Present,Present,Present,Present,Present,Present,Present,Suspended,Present,Present,Present,**,Present,Present,Present,Present,Present,Present,Present,Present,Present,Present,Present,Present,Present,Present,Present,**,Present,Present,Present,Present,Present,Present,Present,Present,Present,Present,Present,Present,**,Present,Present,Present,Present,Present,Present,Present,Present,Present,Present,Present,Present,Present,No Data,No Data,Present,Present,Present,Present,**,Present,Present,Present,Present,Present,Present,Present,**,**,Present,Present,Present,Present,Present,Present,No Data,Present,Present,Present,Present,Present,Present,Present,****,****,Present,Present,Present,*,**,**,Present,Present,*,*,Present,**,*,Present,Present,*,Present,Present,Present,**,**,Present,Present,**,**,*,*,**,*,Present,Present,*,*,**,****,**,Present,Present,*,Present,**,*,*,*,Present,Present,Present,Present,*,**,*,Present,Present,Present,*,*,**,*,**,No Data,*,**,*,****,Present,Present,****,**,*,Suspended,**,**,*,Present,*,**,Present,Present,****,**,Present,*,****,****,Present,Present,Present,****,Present,Present,****,****,**,Present,*,*,****,Present
46,BRIONES,No Data,No Data,No Data,No Data,Present,Present,Present,Present,Present,Present,Present,Suspended,Present,Present,Present,Present,Present,Present,Present,Present,Present,Present,Present,Present,Present,Present,Present,Present,Present,Present,Present,Present,Present,Present,Present,Present,Present,Present,Present,Present,Present,Present,Present,Present,Present,Present,Present,Present,Present,Present,Present,Present,Present,Present,Present,Present,Present,Present,No Data,No Data,Present,Present,Present,Present,Present,Present,Present,Present,Present,Present,Present,Present,Present,Present,Present,Present,Present,Present,Present,Present,No Data,Present,Present,*,*,Present,Present,Present,*,Present,Present,*,Present,Present,Present,Present,Present,Present,Present,*,Present,Present,Present,Present,Present,Present,*,Present,Present,**,**,**,**,Present,*,*,*,Present,Present,Present,Present,*,Present,Present,Present,Present,Present,*,Present,***,Present,Present,Present,Present,Present,Present,Present,****,Present,Present,Present,Present,Present,**,Present,Present,Present,***,***,No Data,*,Present,*,Present,Present,Present,Present,Present,Present,Suspended,Present,***,***,***,Present,*,*,Present,Present,Present,Present,*,Present,Present,*,Present,Present,*,*,Present,Present,Present,Present,Present,Present,Present,*,*
47,BROSAS,No Data,No Data,No Data,No Data,Present,Present,Present,Present,Present,Present,Present,Suspended,**,Present,Present,Present,Present,Present,Present,Present,Present,Present,Present,Present,Present,Present,Present,Present,Present,Present,Present,Present,Present,Present,Present,Present,Present,Present,Present,**,Present,Present,Present,Present,Present,Present,Present,Present,**,**,Present,Present,Present,Present,Present,Present,Present,Present,No Data,No Data,Present,Present,Present,Present,Present,Present,Present,Present,Present,Present,Present,Present,Present,Present,Present,Present,Present,Present,Present,Present,No Data,Present,Present,Present,Present,Present,Present,*,*,Present,Present,**,*,Present,Present,Present,Present,*,**,*,Present,Present,*,Present,Present,Present,Present,Present,Present,Present,Present,**,Present,Present,Present,Present,*,*,*,*,Present,*,*,**,Present,****,Present,Present,*,Present,**,Present,*,Present,Present,Present,Present,Present,Present,Present,Present,Present,Present,Present,Present,Present,*,Present,**,No Data,Present,*,**,*,**,Present,Present,Present,**,Suspended,**,**,Present,Present,Present,Present,**,**,Present,**,Present,Present,*,Present,Present,Present,Present,Present,*,Present,Present,**,**,Present,Present,Present,Present,Present
48,BUHAIN,No Data,No Data,No Data,No Data,Present,Present,Present,Present,Present,Present,Present,Suspended,Present,Present,Present,Present,Present,Present,Present,**,Present,Present,Present,Present,Present,Present,Present,Present,**,Present,Present,Present,Present,Present,Present,**,Present,Present,Present,Present,Present,Present,Present,Present,Present,Present,Present,Present,Present,Present,Present,Present,Present,Present,Present,Present,Present,Present,No Data,No Data,Present,Present,Present,Present,Present,**,Present,Present,Present,Present,Present,Present,Present,Present,Present,Present,Present,Present,Present,Present,No Data,Present,Present,****,Present,*,Present,Present,****,**,Present,Present,**,Present,Present,Present,Present,Present,Present,Present,Present,Present,*,**,**,**,*,Present,Present,**,Present,**,**,Present,**,**,Present,Present,**,Present,Present,Present,*,Present,**,Present,**,Present,Present,**,Present,Present,Present,*,Present,*,****,*,Present,Present,Present,Present,Present,**,Present,****,Present,*,*,No Data,**,**,**,**,**,**,**,*,*,Suspended,**,****,****,Present,****,Present,Present,*,*,****,****,****,*,****,****,****,*,****,****,****,****,****,****,****,*,Present,*,*
49,BULUT-BEGTANG,No Data,No Data,No Data,No Data,Present,Present,Present,Present,Present,Present,Present,Suspended,Present,Present,Present,Present,Present,Present,**,**,Present,Present,Present,Present,Present,Present,Present,Present,Present,Present,Present,**,Present,Present,Present,Present,Present,Present,Present,Present,Present,Present,Present,Present,Present,Present,Present,Present,Present,Present,Present,Present,Present,Present,Present,Present,Present,Present,No Data,No Data,Present,Present,Present,Present,**,Present,Present,Present,Present,Present,Present,Present,Present,Present,Present,Present,Present,Present,Present,Present,No Data,Present,Present,Present,Present,Present,*,Present,*,*,Present,Present,**,*,*,Present,*,*,Present,*,*,*,*,Present,Present,Present,Present,*,Present,Present,*,Present,Present,Present,*,Present,Present,Present,Present,Present,Present,*,Present,*,Present,Present,Present,*,Present,Present,Present,Present,Present,*,Present,Present,Present,Present,*,*,Present,Present,*,Present,Present,*,Present,Present,Present,No Data,*,*,Present,Present,*,Present,Present,Present,Present,Suspended,Present,Present,*,****,*,Present,Present,Present,**,**,Present,Present,Present,Present,Present,Present,Present,****,Present,Present,Present,*,Present,Present,Present,Present,Present,Present
50,BUSTOS,No Data,No Data,No Data,No Data,Present,Present,Present,Present,Present,Present,Present,Suspended,Present,Present,**,Present,**,Present,**,Present,Present,Present,Present,Present,Present,Present,Present,Present,Present,Present,**,**,**,Present,Present,Present,Present,Present,Present,Present,Present,Present,Present,Present,Present,Present,Present,Present,Present,Present,Present,Present,Present,Present,Present,Present,Present,Present,No Data,No Data,Present,Present,Present,Present,**,Present,Present,Present,Present,Present,Present,Present,Present,Present,Present,Present,Present,Present,Present,Present,No Data,Present,Present,**,**,**,Present,Present,**,Present,Present,Present,Present,****,****,****,****,Present,****,****,****,*,*,Present,Present,Present,****,Present,Present,****,****,****,Present,*,****,**,****,****,****,*,*,*,*,****,****,****,Present,*,*,****,****,****,Present,*,Present,Present,****,****,**,**,****,*,****,Present,*,****,****,****,*,No Data,*,****,*,****,****,****,*,****,****,Suspended,**,*,****,****,*,**,****,****,*,****,*,****,*,**,**,Present,*,****,****,****,****,****,****,Present,*,****,****,****
51,CABREDO,No Data,No Data,No Data,No Data,Present,Present,Present,Present,Present,Present,Present,Suspended,Present,Present,**,Present,**,**,**,**,Present,Present,Present,Present,Present,**,Present,Present,Present,Present,Present,Present,Present,Present,Present,Present,Present,Present,Present,Present,Present,Present,Present,Present,Present,Present,Present,Present,Present,Present,Present,Present,Present,Present,Present,Present,Present,Present,No Data,No Data,Present,Present,Present,Present,Present,Present,Present,Present,Present,Present,Present,Present,**,Present,Present,Present,Present,Present,Present,Present,No Data,Present,Present,Present,Present,Present,****,****,Present,Present,Present,Present,Present,Present,Present,Present,Present,Present,Present,Present,Present,**,Present,Present,Present,Present,Present,*,Present,Present,Present,Present,Present,*,Present,Present,**,**,**,Present,*,**,**,**,**,**,**,Present,**,Present,Present,Present,Present,*,Present,Present,Present,Present,Present,Present,Present,Present,Present,Present,Present,Present,Present,Present,Present,No Data,Present,Present,*,Present,Present,Present,Present,Present,**,Suspended,Present,Present,Present,Present,**,**,**,**,**,**,**,Present,*,Present,*,Present,Present,**,*,Present,Present,Present,Present,Present,*,****,****,*
52,CAGAS,No Data,No Data,No Data,No Data,Present,Present,Present,Present,Present,Present,Present,Suspended,**,Present,Present,Present,Present,Present,Present,Present,Present,Present,Present,Present,**,Present,Present,Present,Present,Present,Present,Present,Present,Present,Present,Present,Present,Present,Present,Present,Present,Present,Present,Present,Present,Present,Present,Present,**,Present,Present,Present,Present,Present,Present,Present,Present,Present,No Data,No Data,Present,Present,Present,Present,Present,Present,Present,Present,Present,Present,Present,Present,Present,Present,Present,Present,Present,Present,Present,Present,No Data,Present,Present,Present,Present,Present,**,**,**,*,Present,Present,Present,Present,Present,Present,Present,Present,Present,*,Present,Present,Present,Present,Present,Present,Present,Present,Present,Present,Present,Present,Present,Present,Present,Present,Present,Present,Present,Present,Present,Present,Present,Present,Present,Present,Present,Present,Present,Present,Present,Present,Present,Present,Present,Present,Present,Present,Present,Present,Present,Present,Present,Present,Present,Present,Present,Present,Present,No Data,Present,Present,Present,Present,Present,Present,Present,Present,Present,Suspended,Present,Present,Present,Present,Present,Present,Present,Present,Present,Present,Present,Present,Present,Present,Present,Present,Present,Present,Present,**,Present,Present,Present,Present,Present,Present,Present,Present
53,CAJAYON-UY,No Data,No Data,No Data,No Data,Present,Present,Present,Present,Present,Present,Present,Suspended,Present,Present,**,**,**,Present,**,**,Present,Present,**,Present,Present,Present,Present,Present,Present,Present,Present,**,Present,Present,Present,Present,Present,Present,Present,Present,Present,Present,Present,Present,Present,Present,Present,Present,Present,Present,Present,Present,Present,Present,Present,**,Present,Present,No Data,No Data,Present,Present,Present,Present,Present,Present,Present,Present,Present,Present,Present,Present,Present,**,Present,Present,Present,Present,Present,Present,No Data,Present,Present,***,***,***,*,*,**,*,Present,Present,Present,**,****,*,*,**,*,*,*,Present,*,Present,Present,*,*,Present,*,Present,*,*,Present,*,*,Present,Present,*,*,*,*,Present,Present,Present,*,Present,Present,Present,**,Present,**,**,****,*,Present,Present,Present,Present,*,*,*,Present,*,Present,Present,Present,Present,Present,Present,No Data,Present,Present,Present,Present,Present,Present,*,Present,Present,Suspended,Present,Present,Present,Present,Present,Present,*,Present,Present,Present,Present,Present,Present,Present,Present,Present,Present,Present,Present,Present,Present,Present,Present,Present,Present,**,**,Present
54,CALDERON,No Data,No Data,No Data,No Data,Present,Present,Present,Present,Present,Present,Present,Suspended,Present,Present,Present,**,Present,**,Present,**,Present,Present,Present,Present,Present,Present,Present,Present,Present,Present,Present,Present,Present,Present,Present,Present,Present,Present,Present,Present,Present,Present,Present,Present,Present,Present,Present,Present,Present,Present,Present,Present,Present,Present,Present,Present,Present,Present,No Data,No Data,Present,Present,Present,Present,Present,Present,Present,Present,Present,Present,Present,Present,Present,Present,Present,Present,Present,Present,Present,Present,No Data,Present,Present,Present,Present,Present,Present,*,Present,Present,Present,****,****,Present,*,Present,**,Present,****,****,****,*,*,Present,Present,Present,Present,*,****,Present,Present,****,****,****,****,****,Present,*,Present,*,Present,**,**,**,**,**,**,*,Present,Present,Present,*,Present,*,****,Present,Present,Present,****,*,****,*,****,*,Present,*,***,*,Present,No Data,Present,Present,****,Present,*,Present,****,****,**,Suspended,*,****,****,****,Present,*,Present,*,*,****,Present,***,Present,Present,****,Present,Present,Present,****,*,Present,****,*,*,Present,****,Present,Present
55,CALIXTO,No Data,No Data,No Data,No Data,Present,Present,Present,Present,Present,Present,Present,Suspended,Present,Present,Present,Present,Present,Present,Present,Present,Present,Present,Present,Present,Present,Present,Present,Present,Present,Present,Present,Present,Present,Present,Present,Present,Present,Present,Present,Present,Present,Present,Present,Present,Present,Present,Present,Present,Present,Present,Present,Present,Present,Present,Present,**,Present,Present,No Data,No Data,Present,Present,Present,Present,Present,Present,Present,Present,Present,Present,Present,Present,Present,Present,Present,Present,Present,Present,Present,Present,No Data,Present,Present,Present,Present,Present,Present,Present,Present,Present,Present,Present,Present,Present,Present,**,Present,Present,Present,Present,Present,Present,Present,Present,Present,Present,Present,**,Present,Present,Present,Present,**,Present,Present,Present,Present,**,Present,Present,Present,Present,Present,Present,Present,Present,Present,Present,Present,Present,Present,Present,Present,Present,Present,Present,Present,Present,**,Present,Present,Present,Present,Present,Present,Present,Present,Present,Present,No Data,Present,Present,Present,Present,Present,Present,Present,Present,Present,Suspended,Present,Present,Present,Present,Present,Present,Present,Present,Present,Present,Present,Present,Present,Present,Present,Present,Present,Present,Present,Present,Present,Present,Present,Present,Present,Present,Present,Present
56,CAMPOS,No Data,No Data,No Data,No Data,Present,Present,Present,Present,Present,Present,Present,Suspended,Present,Present,**,Present,Present,Present,**,Present,Present,Present,Present,Present,Present,Present,Present,*,Present,Present,*,*,Present,Present,Present,Present,Present,Present,Present,Present,Present,Present,Present,Present,Present,Present,Present,Present,Present,Present,Present,Present,Present,Present,Present,Present,Present,Present,No Data,No Data,Present,Present,Present,Present,Present,Present,Present,Present,Present,Present,Present,Present,Present,**,Present,Present,Present,Present,Present,Present,No Data,Present,Present,*,Present,Present,Present,Present,Present,Present,Present,*,Present,Present,Present,Present,Present,Present,Present,Present,Present,Present,Present,Present,Present,Present,Present,Present,Present,Present,Present,****,Present,Present,Present,Present,Present,Present,Present,Present,Present,Present,Present,Present,Present,Present,Present,Present,*,Present,Present,Present,Present,Present,Present,Present,Present,Present,Present,Present,Present,Present,*,*,Present,Present,***,***,*,No Data,Present,Present,Present,Present,Present,***,***,Present,Present,Suspended,Present,Present,Present,Present,Present,*,Present,Present,Present,Present,Present,Present,*,Present,Present,Present,Present,Present,Present,Present,Present,Present,Present,Present,Present,*,*,Present
57,CAOAGDAN,No Data,No Data,No Data,No Data,Present,Present,Present,Present,Present,Present,Present,Suspended,Present,Present,Present,Present,Present,Present,Present,Present,Present,Present,Present,Present,Present,Present,Present,Present,Present,Present,Present,Present,Present,Present,Present,Present,Present,Present,Present,Present,Present,Present,Present,Present,Present,Present,Present,Present,Present,Present,Present,Present,Present,Present,Present,Present,Present,Present,No Data,No Data,Present,Present,Present,Present,Present,Present,Present,Present,Present,Present,Present,Present,Present,Present,Present,Present,Present,Present,Present,Present,No Data,Present,Present,****,*,****,Present,Present,Present,Present,Present,Present,Present,Present,*,Present,Present,Present,Present,Present,Present,Present,Present,Present,Present,Present,Present,*,Present,Present,Present,Present,Present,Present,Present,Present,Present,Present,Present,Present,Present,Present,Present,Present,Present,Present,Present,*,Present,Present,Present,Present,Present,Present,Present,Present,Present,Present,Present,Present,Present,Present,***,***,***,***,Present,Present,Present,No Data,Present,Present,Present,Present,Present,Present,Present,Present,Present,Suspended,Present,Present,Present,Present,Present,Present,Present,Present,Present,Present,Present,Present,*,Present,Present,Present,Present,Present,Present,Present,Present,Present,Present,Present,Present,Present,Present,Present
58,CARDEMA,No Data,No Data,No Data,No Data,Present,Present,Present,Present,Present,Present,Present,Suspended,Present,Present,**,Present,**,**,**,**,Present,Present,Present,Present,Present,Present,Present,Present,Present,Present,**,Present,Present,Present,Present,Present,Present,Present,Present,Present,Present,Present,Present,Present,Present,Present,Present,Present,Present,Present,Present,Present,Present,Present,Present,Present,Present,Present,No Data,No Data,Present,Present,Present,Present,Present,Present,Present,Present,Present,Present,Present,Present,Present,Present,Present,Present,Present,Present,Present,Present,No Data,Present,Present,Present,Present,Present,Present,Present,Present,Present,Present,Present,Present,Present,**,Present,Present,****,*,Present,Present,Present,Present,Present,Present,Present,Present,Present,Present,Present,Present,****,Present,Present,Present,Present,****,****,Present,**,**,Present,*,Present,**,**,Present,****,*,****,**,**,**,**,Present,Present,**,**,**,**,**,Present,Present,****,Present,Present,Present,*,Present,No Data,Present,****,Present,****,Present,Present,*,Present,**,Suspended,*,****,Present,****,*,Present,Present,*,****,**,****,Present,*,Present,Present,****,*,****,****,*,Present,****,*,***,***,****,****,***
59,CARI,No Data,No Data,No Data,No Data,Present,Present,Present,Present,Present,Present,Present,Suspended,Present,Present,**,Present,**,Present,**,Present,Present,Present,Present,Present,Present,Present,Present,Present,Present,Present,Present,Present,Present,Present,Present,Present,Present,Present,Present,Present,Present,Present,Present,Present,Present,Present,Present,Present,Present,Present,Present,Present,Present,Present,Present,Present,Present,Present,No Data,No Data,Present,Present,Present,Present,Present,Present,Present,Present,Present,Present,Present,Present,Present,Present,Present,Present,Present,Present,Present,Present,No Data,Present,Present,***,Present,Present,*,*,*,****,Present,***,***,Present,*,*,*,Present,*,**,**,Present,*,Present,Present,*,*,*,****,Present,****,Present,*,***,***,Present,*,***,***,*,****,Present,Present,Present,Present,*,***,*,Present,Present,Present,Present,Present,Present,***,*,***,***,*,*,*,*,*,Present,***,****,Present,Present,*,No Data,****,Present,Present,Present,Present,Present,Present,Present,Present,Suspended,*,***,***,***,*,**,Present,Present,Present,Present,Present,Present,Present,Present,Present,Present,Present,Present,Present,Present,Present,Present,Present,Present,Present,Present,Present,***
60,CASTRO (F.),No Data,No Data,No Data,No Data,Present,Present,Present,Present,Present,Present,Present,Suspended,**,Present,Present,Present,Present,Present,Present,Present,Present,Present,Present,Present,Present,Present,Present,Present,Present,Present,Present,Present,Present,Present,Present,Present,Present,Present,Present,**,Present,Present,Present,Present,**,Present,Present,Present,Present,Present,Present,Present,Present,Present,Present,Present,Present,Present,No Data,No Data,Present,Present,Present,Present,**,Present,Present,Present,Present,Present,Present,Present,Present,Present,Present,Present,Present,Present,**,Present,No Data,Present,Present,Present,Present,Present,Present,Present,Present,**,Present,**,**,Present,**,Present,Present,Present,**,**,Present,Present,Present,Present,Present,Present,Present,Present,Present,Present,*,**,Present,Present,**,Present,*,**,Present,Present,Present,Present,*,**,Present,****,Present,*,Present,Present,**,*,*,Present,Present,Present,Present,Present,Present,**,*,Present,****,**,*,Present,**,*,**,No Data,Present,**,**,*,****,Present,Present,Present,**,Suspended,**,Present,Present,*,Present,Present,**,**,**,****,Present,Present,*,Present,Present,Present,Present,**,Present,Present,Present,**,*,Present,*,Present,Present,Present
61,CASTRO (J.),No Data,No Data,No Data,No Data,Present,Present,Present,Present,Present,Present,Present,Suspended,Present,Present,**,Present,**,**,Present,Present,Present,Present,Present,Present,**,Present,Present,Present,Present,Present,Present,Present,Present,Present,Present,Present,Present,Present,Present,Present,Present,Present,Present,Present,Present,Present,Present,Present,Present,Present,Present,Present,Present,Present,Present,Present,Present,Present,No Data,No Data,Present,Present,Present,Present,Present,Present,Present,Present,Present,Present,Present,Present,Present,Present,Present,Present,Present,Present,Present,Present,No Data,Present,Present,Present,Present,Present,Present,Present,Present,Present,Present,****,****,****,****,Present,Present,****,Present,Present,Present,Present,*,Present,Present,Present,**,Present,Present,Present,Present,**,Present,**,Present,Present,Present,Present,Present,*,Present,Present,Present,****,**,**,**,Present,Present,Present,Present,Present,Present,Present,Present,Present,Present,Present,Present,Present,Present,Present,****,****,****,****,****,****,Present,No Data,Present,Present,Present,Present,****,Present,*,****,****,Suspended,**,Present,Present,*,Present,*,****,***,****,****,***,Present,Present,Present,*,Present,Present,***,****,****,Present,Present,Present,Present,Present,****,****,****
62,CELESTE,No Data,No Data,No Data,No Data,Present,Present,Present,Present,Present,Present,Present,Suspended,Present,Present,Present,Present,Present,Present,Present,Present,Present,Present,Present,Present,**,Present,Present,Present,Present,Present,Present,Present,Present,Present,Present,Present,Present,Present,Present,Present,Present,Present,Present,Present,Present,Present,Present,Present,Present,Present,Present,Present,Present,Present,Present,Present,Present,Present,No Data,No Data,Present,Present,Present,Present,Present,Present,Present,Present,Present,Present,Present,Present,Present,Present,Present,Present,Present,Present,Present,Present,No Data,Present,Present,****,Present,Present,Present,Present,*,Present,Present,Present,****,Present,Present,Present,Present,Present,Present,Present,Present,Present,Present,Present,Present,Present,Present,Present,Present,Present,Present,Present,Present,Present,Present,Present,***,***,Present,Present,Present,Present,Present,Present,Present,Present,*,Present,Present,Present,Present,Present,Present,Present,Present,Present,Present,Present,Present,Present,Present,Present,Present,Present,Present,Present,Present,*,Present,No Data,Present,Present,Present,Present,Present,Present,Present,Present,Present,Suspended,Present,Present,Present,Present,Present,Present,Present,Present,Present,Present,Present,Present,Present,Present,Present,Present,Present,Present,Present,Present,Present,Present,Present,Present,Present,Present,Present,***
63,CHAN,No Data,No Data,No Data,No Data,Present,Present,Present,Present,Present,Present,Present,Suspended,**,Present,**,Present,Present,Present,Present,Present,Present,Present,Present,Present,Present,Present,Present,Present,Present,Present,Present,**,Present,Present,Present,Present,Present,Present,Present,Present,Present,Present,Present,Present,Present,Present,Present,Present,**,Present,Present,Present,Present,Present,Present,Present,Present,***,No Data,No Data,Present,Present,Present,Present,**,Present,Present,Present,Present,Present,Present,Present,Present,Present,Present,Present,Present,Present,Present,Present,No Data,Present,Present,Present,Present,Present,Present,Present,Present,Present,Present,**,**,**,**,**,**,**,**,**,**,**,**,Present,Present,Present,Present,*,Present,Present,**,**,**,**,**,**,Present,*,**,Present,*,**,**,**,**,**,**,Present,Present,**,**,**,****,**,Present,Present,Present,Present,**,**,**,Present,**,**,*,Present,**,**,**,No Data,*,Present,**,**,**,**,**,**,**,Suspended,**,Present,Present,Present,**,*,*,Present,**,**,**,**,**,**,**,Present,Present,**,**,**,**,**,**,**,Present,**,**,**
64,CHATTO,No Data,No Data,No Data,No Data,Present,Present,Present,Present,Present,Present,Present,Suspended,Present,Present,**,Present,Present,**,Present,Present,Present,Present,Present,Present,Present,Present,Present,Present,**,Present,Present,Present,Present,**,Present,Present,Present,Present,Present,Present,Present,Present,Present,Present,Present,Present,Present,Present,Present,Present,Present,Present,Present,Present,Present,Present,Present,Present,No Data,No Data,Present,Present,Present,Present,Present,Present,Present,Present,Present,Present,Present,Present,Present,Present,Present,Present,Present,Present,Present,Present,No Data,Present,Present,**,**,**,Present,Present,Present,**,Present,Present,Present,Present,Present,Present,**,**,Present,Present,Present,Present,Present,Present,Present,Present,Present,Present,Present,**,Present,Present,Present,Present,Present,**,Present,Present,Present,**,**,**,**,**,**,**,**,**,**,**,**,**,**,**,**,**,**,**,**,**,**,**,**,**,**,**,**,**,**,No Data,Present,Present,Present,Present,*,**,**,**,Present,Suspended,Present,*,Present,Present,Present,**,Present,Present,*,Present,Present,Present,Present,Present,Present,Present,Present,Present,Present,Present,Present,Present,Present,Present,Present,Present,Present,Present
65,CHUA,No Data,No Data,No Data,No Data,Present,Present,Present,Present,Present,Present,Present,Suspended,Present,Present,Present,Present,Present,Present,Present,Present,Present,Present,Present,Present,Present,Present,Present,Present,Present,Present,Present,**,Present,Present,Present,Present,Present,Present,Present,Present,Present,Present,Present,Present,Present,Present,Present,Present,Present,Present,Present,Present,Present,Present,Present,Present,Present,Present,No Data,No Data,Present,Present,Present,Present,Present,Present,Present,Present,Present,Present,Present,Present,Present,Present,Present,Present,Present,Present,Present,Present,No Data,Present,Present,***,***,***,***,***,Present,Present,Present,****,Present,Present,Present,Present,Present,Present,Present,****,Present,Present,*,Present,Present,Present,Present,Present,Present,Present,****,Present,Present,Present,Present,Present,*,Present,Present,*,Present,*,Present,Present,Present,Present,Present,Present,Present,Present,****,*,Present,Present,Present,*,Present,Present,Present,Present,Present,Present,Present,Present,Present,Present,Present,Present,Present,No Data,Present,Present,Present,Present,****,Present,Present,Present,**,Suspended,Present,Present,Present,**,Present,Present,Present,**,**,Present,Present,Present,Present,Present,Present,Present,*,**,Present,*,****,****,**,**,**,Present,Present,Present
66,CHUNGALAO,No Data,No Data,No Data,No Data,Present,Present,Present,Present,Present,Present,Present,Suspended,Present,Present,Present,Present,Present,Present,Present,Present,Present,Present,**,Present,Present,Present,Present,Present,Present,Present,Present,Present,Present,Present,Present,Present,Present,Present,Present,Present,Present,Present,Present,Present,Present,Present,Present,Present,Present,Present,Present,Present,Present,Present,Present,Present,Present,Present,No Data,No Data,Present,Present,Present,Present,Present,Present,Present,Present,Present,Present,Present,Present,Present,Present,Present,Present,Present,Present,Present,Present,No Data,Present,Present,Present,****,****,Present,Present,Present,Present,Present,**,**,****,Present,Present,Present,Present,*,Present,Present,*,*,Present,Present,Present,Present,Present,Present,****,Present,Present,Present,Present,Present,Present,****,****,****,Present,Present,Present,*,Present,Present,Present,Present,Present,*,Present,Present,Present,****,Present,Present,Present,Present,Present,****,Present,Present,Present,Present,****,Present,Present,Present,*,Present,No Data,Present,Present,Present,Present,Present,**,**,*,Present,Suspended,****,****,****,****,*,**,Present,Present,*,****,****,Present,Present,****,****,Present,*,****,Present,Present,Present,Present,Present,**,Present,****,*,Present
67,CO (A.N.),No Data,No Data,No Data,No Data,Present,Present,Present,Present,Present,Present,Present,Suspended,Present,Present,Present,Present,**,Present,**,Present,Present,Present,Present,Present,Present,Present,Present,Present,Present,Present,Present,Present,Present,Present,Present,Present,Present,Present,Present,Present,Present,Present,Present,Present,Present,Present,Present,Present,Present,Present,Present,Present,Present,Present,Present,Present,Present,Present,No Data,No Data,Present,Present,Present,Present,Present,Present,Present,Present,Present,Present,Present,Present,Present,Present,Present,Present,Present,Present,Present,Present,No Data,Present,***,Present,Present,Present,Present,Present,Present,*,Present,***,**,**,****,*,****,****,****,*,*,****,*,Present,Present,*,**,**,**,**,**,**,Present,****,*,***,****,****,***,*,Present,Present,*,Present,***,****,Present,Present,Present,****,****,Present,*,*,Present,*,Present,Present,*,*,*,Present,Present,*,**,**,**,*,*,No Data,Present,****,****,****,****,****,****,Present,**,Suspended,**,Present,**,****,Present,Present,*,****,*,****,*,Present,****,****,*,****,*,****,****,****,***,**,****,****,*,*,Present,***
68,CO (E.),No Data,No Data,No Data,No Data,Present,Present,Present,Present,Present,Present,Present,Suspended,Present,Present,Present,**,Present,**,**,**,Present,Present,Present,Present,Present,Present,Present,Present,Present,Present,Present,Present,Present,Present,Present,Present,Present,Present,Present,Present,Present,Present,Present,Present,Present,Present,Present,Present,Present,Present,Present,Present,Present,Present,Present,Present,Present,Present,No Data,No Data,Present,Present,Present,Present,Present,Present,Present,Present,Present,Present,Present,Present,Present,Present,Present,Present,Present,Present,Present,Present,No Data,Present,Present,****,****,Present,****,****,**,****,Present,****,****,****,****,**,**,Present,**,Present,****,**,Present,Present,Present,Present,****,****,****,****,****,****,****,*,****,****,**,****,****,****,Present,****,****,Present,****,****,Present,*,*,Present,****,****,****,****,****,****,****,Present,****,****,****,**,****,****,****,*,Present,Present,Present,No Data,Present,Present,Present,Present,Present,**,**,Present,Present,Suspended,**,Present,**,****,Present,Present,*,Present,Present,****,Present,****,****,****,*,**,****,****,****,Present,***,***,***,***,***,****,****,***
69,CO-PILAR,No Data,No Data,No Data,No Data,Present,Present,Present,Present,Present,Present,Present,Suspended,Present,Present,Present,Present,Present,Present,**,Present,Present,Present,Present,Present,Present,Present,Present,Present,Present,Present,Present,Present,Present,Present,Present,Present,Present,Present,Present,Present,Present,Present,Present,Present,Present,Present,Present,Present,Present,Present,Present,Present,Present,Present,Present,Present,Present,Present,No Data,No Data,Present,Present,Present,Present,Present,Present,Present,Present,Present,Present,Present,Present,Present,Present,Present,Present,Present,Present,Present,Present,No Data,Present,Present,Present,Present,Present,Present,*,Present,Present,Present,Present,Present,Present,Present,Present,Present,Present,Present,Present,*,Present,Present,Present,Present,Present,*,Present,Present,Present,****,Present,Present,Present,****,Present,Present,**,Present,*,*,Present,*,Present,Present,Present,Present,Present,Present,Present,**,Present,*,*,Present,Present,Present,Present,Present,Present,Present,*,Present,Present,Present,Present,**,**,**,No Data,Present,Present,Present,Present,Present,**,Present,Present,**,Suspended,Present,Present,***,***,*,Present,Present,*,Present,Present,Present,Present,Present,Present,Present,**,Present,**,Present,***,***,***,***,Present,Present,Present,Present,Present
70,COJUANGCO (J.E.M.),No Data,No Data,No Data,No Data,Present,Present,Present,Present,Present,Present,**,Suspended,Present,Present,Present,Present,Present,Present,Present,Present,Present,Present,Present,Present,Present,**,Present,Present,Present,Present,Present,Present,Present,Present,Present,Present,Present,Present,Present,Present,Present,Present,Present,Present,Present,Present,Present,Present,Present,Present,Present,Present,Present,Present,Present,Present,Present,Present,No Data,No Data,Present,Present,Present,Present,Present,Present,Present,Present,Present,Present,Present,Present,Present,Present,Present,Present,Present,***,Present,Present,No Data,Present,Present,Present,****,Present,*,Present,*,*,Present,****,****,Present,Present,*,****,****,**,*,**,**,**,Present,Present,Present,Present,****,****,****,*,****,Present,Present,Present,*,****,****,****,Present,*,*,Present,**,Present,*,Present,Present,Present,Present,Present,Present,Present,Present,Present,Present,Present,**,Present,*,*,*,Present,Present,****,Present,Present,Present,Present,No Data,***,***,***,***,***,***,***,*,****,Suspended,****,****,****,****,****,****,****,****,****,****,****,**,Present,****,****,****,****,****,Present,Present,***,***,*,*,*,****,*,****
71,COJUANGCO (M.),No Data,No Data,No Data,No Data,Present,Present,Present,Present,Present,Present,Present,Suspended,Present,Present,Present,Present,Present,Present,Present,Present,Present,Present,Present,Present,Present,Present,Present,Present,Present,Present,Present,Present,Present,Present,Present,Present,Present,Present,Present,Present,Present,Present,Present,Present,Present,Present,Present,Present,Present,Present,Present,Present,Present,Present,Present,Present,Present,Present,No Data,No Data,Present,Present,Present,Present,Present,Present,Present,Present,Present,Present,Present,Present,Present,Present,Present,Present,Present,Present,Present,Present,No Data,Present,Present,Present,Present,Present,Present,Present,Present,Present,Present,Present,****,*,Present,*,*,*,*,Present,Present,*,Present,Present,Present,Present,*,Present,Present,Present,Present,Present,Present,*,Present,**,**,**,**,Present,**,*,*,**,Present,*,Present,Present,Present,*,Present,*,*,*,Present,*,****,****,Present,*,*,Present,*,****,*,*,**,Present,**,No Data,*,Present,*,*,*,****,Present,*,Present,Suspended,****,*,Present,****,Present,*,Present,*,****,****,Present,****,Present,****,Present,*,Present,Present,****,****,Present,*,Present,*,*,Present,*,*
72,COLADA,No Data,No Data,No Data,No Data,Present,Present,Present,Present,Present,Present,Present,Suspended,Present,Present,Present,Present,Present,Present,Present,**,Present,Present,Present,Present,Present,**,Present,Present,Present,Present,Present,Present,Present,Present,Present,Present,Present,Present,Present,Present,Present,Present,Present,Present,Present,Present,Present,Present,Present,Present,Present,Present,Present,Present,Present,Present,Present,Present,No Data,No Data,Present,Present,Present,Present,Present,Present,Present,Present,Present,Present,Present,Present,Present,Present,Present,Present,Present,Present,Present,Present,No Data,Present,Present,Present,Present,***,***,***,***,Present,Present,Present,***,***,***,Present,Present,***,**,**,Present,Present,*,Present,Present,*,**,**,**,**,**,****,**,**,**,**,**,**,Present,**,*,**,**,**,**,**,**,Present,*,*,****,Present,*,Present,Present,Present,Present,Present,***,Present,*,*,**,**,****,Present,*,*,**,No Data,***,***,***,***,***,****,*,***,Present,Suspended,**,**,**,**,*,*,***,***,***,***,**,**,**,**,**,***,*,**,**,**,**,**,**,***,*,***,***,*
73,COLLANTES,No Data,No Data,No Data,No Data,Present,Present,Present,Present,Present,Present,Present,Suspended,Present,Present,Present,Present,Present,Present,Present,Present,Present,Present,Present,Present,Present,Present,Present,**,Present,Present,Present,Present,Present,Present,Present,Present,Present,Present,Present,Present,Present,Present,Present,Present,Present,Present,Present,Present,Present,Present,Present,Present,Present,**,**,**,Present,Present,No Data,No Data,Present,Present,Present,Present,Present,Present,Present,Present,Present,Present,Present,Present,Present,Present,Present,Present,Present,Present,Present,Present,No Data,Present,Present,****,Present,Present,Present,Present,Present,Present,Present,Present,Present,Present,Present,****,****,****,****,****,****,Present,*,Present,Present,*,****,****,Present,**,**,**,**,**,**,Present,*,**,**,Present,*,**,**,**,**,**,**,*,****,Present,****,****,Present,*,Present,Present,Present,Present,Present,**,****,**,Present,Present,Present,Present,Present,Present,*,No Data,Present,****,Present,Present,*,Present,*,Present,Present,Suspended,****,Present,****,Present,*,*,**,**,Present,****,Present,Present,Present,****,*,*,*,****,*,****,Present,****,****,Present,*,Present,Present,Present
74,CORVERA,No Data,No Data,No Data,No Data,Present,Present,Present,Present,Present,Present,Present,Suspended,Present,Present,**,Present,Present,Present,Present,Present,Present,Present,Present,Present,Present,Present,Present,Present,Present,Present,Present,Present,Present,Present,Present,Present,Present,Present,Present,Present,Present,Present,Present,Present,Present,Present,Present,Present,Present,Present,Present,Present,Present,Present,Present,Present,Present,Present,No Data,No Data,Present,Present,Present,Present,Present,Present,Present,Present,Present,**,**,Present,Present,Present,Present,Present,Present,Present,Present,Present,No Data,Present,Present,**,**,**,**,**,Present,Present,Present,Present,Present,Present,Present,Present,Present,Present,Present,Present,**,Present,Present,Present,Present,Present,Present,Present,Present,Present,*,Present,Present,Present,Present,Present,Present,Present,Present,**,*,Present,Present,Present,Present,**,**,Present,Present,Present,Present,Present,Present,Present,Present,Present,Present,Present,Present,Present,Present,Present,Present,Present,Present,Present,Present,**,**,No Data,***,***,***,***,***,**,**,**,**,Suspended,Present,Present,**,**,**,Present,*,Present,Present,Present,Present,**,**,Present,Present,Present,Present,Present,Present,Present,Present,Present,Present,**,Present,****,****,Present
75,CRUZ (A.),No Data,No Data,No Data,No Data,Present,Present,Present,Present,Present,Present,Present,Suspended,Present,Present,Present,**,Present,Present,**,Present,Present,Present,**,Present,Present,Present,Present,Present,Present,Present,Present,Present,Present,Present,Present,**,Present,Present,Present,Present,Present,Present,Present,Present,Present,Present,Present,Present,Present,Present,Present,Present,Present,Present,Present,Present,Present,Present,No Data,No Data,Present,Present,Present,Present,Present,Present,Present,Present,Present,Present,Present,Present,Present,Present,Present,Present,Present,Present,Present,Present,No Data,Present,Present,Present,Present,Present,****,Present,Present,Present,Present,Present,*,*,Present,Present,Present,**,**,Present,Present,**,Present,Present,Present,Present,Present,Present,Present,****,Present,****,Present,Present,**,Present,****,*,**,Present,*,Present,*,****,Present,Present,Present,Present,Present,*,**,Present,Present,Present,Present,Present,Present,Present,Present,Present,Present,Present,Present,Present,Present,Present,Present,**,Present,No Data,Present,Present,Present,Present,*,Present,**,Present,Present,Suspended,*,Present,Present,**,Present,**,Present,**,Present,***,****,Present,Present,Present,*,Present,Present,Present,Present,Present,Present,**,Present,**,Present,Present,*,****
76,CRUZ (R.),No Data,No Data,No Data,No Data,Present,Present,Present,Present,Present,Present,Present,Suspended,**,Present,**,Present,Present,**,Present,Present,Present,Present,Present,Present,**,**,Present,Present,Present,Present,Present,Present,Present,Present,Present,Present,Present,Present,Present,Present,Present,Present,Present,Present,Present,Present,Present,Present,**,Present,Present,Present,Present,Present,Present,Present,Present,Present,No Data,No Data,Present,Present,Present,Present,Present,Present,**,Present,Present,Present,Present,Present,Present,**,Present,Present,Present,Present,Present,Present,No Data,Present,Present,Present,Present,Present,Present,Present,Present,Present,Present,Present,Present,Present,Present,Present,Present,Present,Present,**,Present,*,*,Present,Present,Present,Present,Present,Present,Present,Present,**,*,Present,**,Present,Present,**,Present,*,Present,Present,Present,Present,Present,Present,Present,Present,Present,Present,**,*,Present,*,Present,Present,Present,Present,Present,Present,Present,Present,Present,Present,Present,Present,Present,Present,Present,No Data,Present,Present,Present,Present,Present,*,**,Present,*,Suspended,**,Present,Present,Present,Present,Present,**,**,**,****,Present,****,****,Present,Present,*,*,Present,Present,Present,Present,Present,Present,Present,Present,Present,Present,Present
77,CUA,No Data,No Data,No Data,No Data,Present,Present,Present,Present,Present,Present,Present,Suspended,Present,Present,Present,**,Present,Present,Present,**,Present,Present,Present,Present,Present,Present,Present,**,Present,Present,Present,Present,Present,Present,Present,Present,Present,Present,Present,Present,Present,Present,Present,Present,Present,Present,Present,Present,Present,Present,Present,Present,Present,Present,Present,Present,Present,Present,No Data,No Data,Present,Present,Present,Present,Present,Present,Present,Present,Present,Present,Present,Present,Present,Present,Present,Present,Present,Present,Present,Present,No Data,Present,Present,Present,Present,****,Present,Present,Present,Present,Present,Present,Present,Present,Present,Present,****,****,*,*,*,Present,*,Present,Present,Present,Present,Present,Present,Present,Present,Present,Present,**,Present,*,**,**,**,****,****,Present,*,****,**,**,****,***,***,****,Present,Present,**,**,***,*,Present,Present,****,Present,***,Present,Present,Present,**,**,Present,Present,Present,No Data,Present,Present,Present,****,Present,***,Present,Present,*,Suspended,Present,Present,Present,Present,**,**,Present,**,Present,****,**,*,Present,****,****,*,Present,**,****,****,**,**,**,****,****,****,*,Present
78,CUARESMA,No Data,No Data,No Data,No Data,Present,Present,Present,Present,Present,Present,Present,Suspended,Present,Present,**,Present,Present,Present,**,Present,Present,Present,Present,Present,Present,Present,Present,**,Present,Present,Present,Present,Present,Present,Present,Present,Present,Present,Present,Present,Present,Present,Present,Present,Present,Present,Present,Present,**,**,Present,Present,Present,Present,Present,Present,Present,Present,No Data,No Data,Present,Present,Present,Present,**,Present,Present,Present,Present,Present,Present,Present,Present,Present,Present,Present,Present,Present,Present,Present,No Data,Present,Present,Present,Present,Present,Present,*,**,****,Present,**,*,****,Present,****,Present,****,*,****,*,****,*,Present,Present,*,Present,Present,Present,****,****,****,Present,*,Present,Present,Present,****,*,*,*,****,Present,****,Present,****,Present,Present,*,****,****,****,Present,*,Present,Present,****,****,Present,Present,Present,*,****,****,Present,Present,****,****,Present,No Data,Present,Present,****,****,****,Present,*,*,Present,Suspended,Present,Present,Present,****,*,**,Present,*,Present,Present,****,Present,Present,Present,Present,Present,Present,****,Present,Present,Present,****,Present,Present,Present,****,****,****
79,DAGOOC,No Data,No Data,No Data,No Data,Present,Present,Present,Present,Present,Present,Present,Suspended,Present,Present,Present,Present,Present,Present,**,Present,Present,Present,**,Present,**,Present,Present,Present,Present,Present,Present,**,Present,Present,Present,Present,Present,Present,Present,Present,Present,Present,Present,Present,Present,Present,Present,Present,**,Present,Present,Present,Present,Present,Present,Present,Present,Present,No Data,No Data,Present,Present,Present,Present,Present,Present,Present,Present,Present,Present,Present,Present,**,Present,Present,Present,Present,Present,Present,Present,No Data,Present,Present,Present,Present,Present,Present,Present,**,Present,Present,**,Present,Present,Present,**,Present,Present,***,Present,Present,*,Present,Present,Present,Present,Present,Present,Present,*,Present,Present,*,Present,**,Present,Present,Present,Present,Present,Present,Present,Present,Present,Present,**,Present,Present,Present,Present,**,Present,Present,Present,Present,Present,Present,Present,Present,Present,*,Present,Present,Present,Present,Present,**,Present,Present,No Data,*,**,Present,****,**,Present,Present,Present,Present,Suspended,Present,Present,Present,Present,Present,Present,Present,Present,Present,*,Present,Present,Present,***,***,*,*,Present,Present,**,Present,**,Present,Present,Present,Present,Present,Present
80,DALIPE,No Data,No Data,No Data,No Data,Present,Present,Present,Present,Present,Present,Present,Suspended,Present,Present,Present,Present,Present,Present,Present,Present,Present,Present,Present,Present,Present,Present,Present,Present,Present,Present,Present,Present,Present,Present,Present,Present,Present,Present,Present,Present,Present,Present,Present,Present,Present,Present,Present,Present,Present,Present,Present,Present,Present,Present,Present,Present,Present,Present,No Data,No Data,Present,Present,Present,Present,Present,Present,Present,Present,Present,Present,Present,Present,Present,Present,Present,Present,Present,Present,Present,Present,No Data,Present,Present,Present,Present,Present,Present,Present,Present,Present,Present,Present,Present,Present,Present,Present,Present,Present,Present,Present,Present,Present,Present,Present,Present,Present,Present,Present,Present,Present,Present,Present,Present,Present,Present,Present,Present,Present,Present,Present,Present,Present,Present,Present,Present,Present,Present,Present,Present,Present,Present,Present,Present,Present,Present,Present,Present,Present,Present,Present,Present,Present,Present,Present,Present,Present,Present,Present,Present,No Data,Present,Present,Present,Present,Present,Present,Present,Present,Present,Suspended,Present,Present,Present,Present,Present,Present,Present,Present,Present,Present,Present,Present,Present,Present,Present,Present,Present,Present,Present,Present,Present,Present,Present,Present,Present,Present,Present,Present
81,DALOG,No Data,No Data,No Data,No Data,Present,Present,Present,Present,Present,Present,Present,Suspended,Present,Present,Present,Present,**,Present,Present,Present,Present,Present,Present,Present,Present,Present,Present,Present,Present,Present,Present,Present,Present,Present,Present,Present,Present,Present,Present,Present,Present,Present,Present,Present,Present,Present,Present,Present,Present,Present,Present,Present,Present,Present,Present,Present,Present,Present,No Data,No Data,Present,Present,Present,Present,Present,Present,Present,Present,Present,Present,Present,Present,Present,Present,Present,Present,Present,Present,Present,Present,No Data,Present,Present,Present,*,*,Present,Present,Present,Present,Present,Present,Present,*,Present,Present,*,Present,Present,Present,Present,Present,Present,Present,Present,Present,Present,Present,****,Present,Present,Present,Present,Present,Present,Present,Present,*,*,*,Present,Present,*,Present,Present,Present,Present,Present,*,Present,**,Present,Present,Present,Present,Present,Present,*,Present,Present,*,Present,Present,Present,Present,Present,*,Present,**,No Data,Present,Present,Present,Present,Present,Present,Present,Present,Present,Suspended,Present,Present,Present,**,**,**,Present,Present,Present,Present,Present,Present,Present,Present,Present,Present,Present,Present,Present,Present,Present,Present,Present,Present,Present,Present,Present,Present
82,DAYANGHIRANG,No Data,No Data,No Data,No Data,Present,Present,Present,Present,Present,Present,Present,Suspended,Present,Present,Present,Present,Present,Present,Present,Present,Present,Present,Present,Present,Present,Present,Present,Present,Present,Present,Present,Present,Present,Present,Present,Present,Present,Present,Present,Present,Present,Present,Present,Present,Present,Present,Present,Present,**,Present,Present,Present,Present,Present,Present,Present,Present,Present,No Data,No Data,Present,Present,Present,Present,Present,Present,Present,Present,Present,Present,Present,Present,Present,**,Present,*,***,Present,Present,Present,No Data,Present,Present,****,***,***,*,*,***,***,Present,***,***,Present,****,Present,***,*,**,**,**,**,**,Present,Present,Present,Present,Present,Present,**,**,**,**,**,**,*,**,*,Present,*,****,***,***,***,Present,****,Present,Present,*,**,**,**,*,*,Present,Present,**,**,****,**,**,**,**,**,**,**,**,**,**,No Data,**,**,Present,*,****,*,****,**,**,Suspended,**,**,*,*,****,*,**,*,**,**,**,****,**,**,**,**,*,**,**,**,**,**,**,**,Present,*,*,*
83,DAZA,No Data,No Data,No Data,No Data,Present,Present,Present,Present,Present,Present,Present,Suspended,Present,Present,**,Present,Present,**,Present,Present,Present,**,Present,Present,Present,Present,Present,Present,**,Present,Present,Present,Present,Present,Present,Present,Present,Present,Present,**,Present,Present,Present,Present,Present,Present,Present,Present,Present,Present,Present,Present,Present,Present,Present,Present,Present,Present,No Data,No Data,**,Present,Present,Present,**,Present,Present,Present,Present,Present,Present,Present,Present,Present,Present,Present,Present,Present,**,Present,No Data,Present,**,****,*,*,*,*,*,*,Present,**,Present,****,**,Present,Present,*,*,**,Present,*,Present,Present,Present,Present,*,*,*,**,**,****,*,*,*,*,*,*,Present,Present,*,*,*,*,*,****,Present,*,*,*,*,*,****,*,Present,*,****,Present,*,**,*,*,***,***,***,*,**,**,*,No Data,****,*,**,****,**,*,*,*,*,Suspended,*,****,*,****,*,Present,*,Present,*,Present,*,****,Present,Present,*,*,*,****,**,**,**,**,**,*,*,*,*,*
84,DE JESUS,No Data,No Data,No Data,No Data,Present,Present,Present,Present,Present,Present,Present,Suspended,Present,Present,Present,Present,Present,Present,Present,Present,Present,Present,**,Present,Present,Present,Present,Present,Present,Present,Present,Present,Present,Present,Present,Present,Present,Present,Present,Present,Present,Present,Present,Present,Present,Present,Present,Present,**,Present,Present,Present,Present,Present,Present,Present,Present,Present,No Data,No Data,Present,Present,Present,Present,Present,Present,Present,Present,Present,Present,Present,Present,Present,**,Present,Present,Present,Present,Present,Present,No Data,Present,Present,Present,Present,Present,Present,Present,**,Present,Present,Present,Present,Present,Present,Present,Present,Present,Present,Present,Present,****,*,Present,Present,Present,Present,Present,Present,*,Present,Present,**,Present,**,*,*,**,**,****,*,Present,Present,Present,Present,****,Present,Present,*,Present,Present,Present,****,Present,**,**,Present,Present,Present,*,*,*,****,****,*,*,**,Present,Present,No Data,Present,**,**,****,****,Present,****,Present,**,Suspended,**,Present,**,**,Present,*,*,*,Present,Present,****,Present,Present,**,Present,Present,*,****,****,**,****,Present,****,****,**,Present,****,Present
85,DE VENECIA,No Data,No Data,No Data,No Data,Present,Present,Present,Present,Present,Present,Present,Suspended,Present,Present,Present,Present,Present,**,Present,**,Present,Present,Present,Present,Present,Present,Present,Present,Present,Present,Present,Present,Present,Present,Present,Present,Present,Present,Present,Present,Present,Present,Present,Present,Present,Present,Present,Present,Present,Present,Present,Present,Present,Present,Present,Present,Present,Present,No Data,No Data,Present,Present,Present,Present,Present,Present,Present,Present,Present,Present,Present,Present,Present,Present,Present,Present,Present,Present,Present,Present,No Data,Present,Present,***,***,***,*,Present,*,**,Present,***,**,****,***,Present,***,***,*,***,***,Present,*,Present,Present,*,***,***,**,Present,**,**,**,**,**,**,*,Present,Present,*,Present,*,*,Present,****,****,Present,Present,*,Present,***,***,*,****,Present,**,**,**,*,*,*,Present,***,***,**,**,Present,Present,*,No Data,****,Present,**,***,***,***,*,**,****,Suspended,Present,*,Present,*,Present,*,**,**,***,Present,*,****,Present,Present,Present,*,*,****,***,***,****,***,***,*,*,Present,Present,*
86,DEFENSOR,No Data,No Data,No Data,No Data,Present,Present,Present,Present,Present,Present,Present,Suspended,Present,Present,Present,Present,**,Present,Present,Present,Present,Present,Present,Present,Present,Present,Present,Present,Present,Present,Present,Present,Present,Present,Present,Present,Present,Present,Present,Present,Present,Present,Present,Present,Present,Present,Present,Present,Present,Present,Present,Present,Present,Present,Present,Present,Present,Present,No Data,No Data,Present,Present,Present,Present,Present,Present,Present,Present,Present,Present,Present,Present,Present,Present,Present,Present,Present,Present,Present,Present,No Data,Present,Present,Present,Present,Present,Present,*,Present,Present,Present,Present,Present,Present,Present,Present,Present,Present,Present,Present,Present,Present,Present,Present,Present,*,Present,Present,****,Present,****,Present,Present,Present,Present,Present,Present,Present,Present,*,*,Present,Present,Present,*,Present,Present,Present,Present,Present,*,Present,***,*,Present,Present,***,Present,Present,Present,Present,*,Present,Present,Present,Present,Present,Present,Present,No Data,Present,****,Present,Present,*,****,Present,****,*,Suspended,Present,****,****,Present,Present,*,Present,Present,Present,Present,Present,Present,Present,Present,Present,Present,*,Present,****,****,****,****,Present,Present,Present,***,***,Present
87,DEL MAR,No Data,No Data,No Data,No Data,Present,Present,Present,Present,Present,Present,Present,Suspended,Present,Present,Present,**,Present,Present,Present,Present,Present,Present,Present,Present,Present,Present,Present,Present,Present,Present,Present,Present,Present,Present,Present,Present,Present,Present,Present,Present,Present,Present,Present,Present,Present,Present,Present,Present,Present,Present,Present,Present,Present,Present,Present,Present,Present,Present,No Data,No Data,Present,Present,Present,Present,Present,Present,Present,Present,Present,Present,Present,Present,Present,Present,Present,Present,Present,Present,Present,Present,No Data,Present,Present,Present,Present,Present,Present,Present,Present,Present,Present,Present,**,Present,Present,Present,Present,Present,Present,Present,Present,Present,Present,Present,Present,Present,**,**,**,**,**,**,Present,Present,Present,Present,**,**,**,Present,Present,Present,Present,Present,Present,Present,Present,Present,Present,Present,Present,Present,Present,Present,Present,Present,**,**,Present,Present,Present,Present,*,Present,**,**,Present,Present,Present,No Data,Present,Present,**,**,**,Present,Present,Present,Present,Suspended,**,Present,Present,Present,Present,**,**,**,Present,Present,Present,**,Present,Present,Present,Present,Present,Present,**,**,**,**,**,Present,Present,Present,Present,**
88,DELOS SANTOS,No Data,No Data,No Data,No Data,Present,Present,Present,Present,Present,Present,Present,Suspended,Present,Present,Present,Present,Present,Present,Present,Present,Present,Present,Present,Present,Present,Present,Present,Present,Present,Present,Present,Present,Present,Present,Present,Present,Present,Present,Present,Present,Present,Present,Present,Present,Present,Present,Present,Present,Present,Present,Present,Present,Present,Present,Present,Present,Present,Present,No Data,No Data,Present,Present,Present,Present,**,Present,Present,Present,Present,Present,Present,Present,Present,Present,Present,Present,Present,Present,Present,Present,No Data,Present,Present,Present,*,*,Present,*,**,Present,Present,Present,Present,Present,****,Present,Present,****,***,Present,*,*,*,Present,Present,*,Present,Present,****,Present,Present,**,Present,**,**,**,Present,**,Present,*,Present,Present,****,****,Present,****,Present,Present,****,Present,****,*,*,**,**,Present,Present,Present,Present,*,Present,*,****,****,Present,*,Present,****,Present,No Data,****,****,****,*,****,****,****,*,**,Suspended,**,****,*,****,*,**,*,*,****,Present,*,**,Present,Present,*,Present,*,****,****,****,****,****,****,*,*,****,****,****
89,DIMAPORO (M.K.),No Data,No Data,No Data,No Data,Present,Present,Present,Present,Present,Present,Present,Suspended,Present,Present,Present,Present,Present,**,Present,Present,Present,Present,Present,Present,Present,**,Present,Present,Present,Present,Present,Present,Present,Present,Present,Present,Present,Present,Present,Present,Present,Present,Present,Present,Present,Present,Present,Present,Present,Present,Present,Present,Present,Present,Present,Present,Present,Present,No Data,No Data,Present,Present,Present,Present,Present,Present,Present,Present,Present,Present,Present,Present,Present,Present,Present,Present,Present,Present,Present,Present,No Data,Present,Present,****,Present,Present,Present,***,***,Present,Present,**,Present,**,Present,***,**,**,**,**,Present,*,*,Present,Present,****,*,**,Present,Present,*,***,****,***,**,*,***,Present,Present,Present,*,***,Present,Present,Present,*,Present,***,***,***,***,***,*,*,***,*,Present,Present,Present,*,****,Present,Present,Present,*,Present,Present,**,*,No Data,***,***,Present,***,**,Present,**,**,*,Suspended,**,***,***,****,Present,*,****,*,*,****,Present,Present,*,***,***,Present,*,*,****,*,***,***,***,*,***,****,****,****
90,DIMAPORO (S.A.),No Data,No Data,No Data,No Data,Present,Present,Present,Present,Present,Present,Present,Suspended,Present,Present,**,**,Present,Present,Present,Present,Present,Present,Present,Present,Present,**,Present,Present,Present,Present,Present,Present,Present,**,Present,Present,Present,Present,Present,Present,Present,Present,Present,Present,Present,Present,Present,Present,Present,Present,Present,Present,Present,Present,Present,**,Present,Present,No Data,No Data,Present,Present,Present,Present,Present,Present,Present,Present,Present,Present,Present,Present,Present,Present,Present,Present,Present,Present,Present,Present,No Data,Present,Present,****,Present,Present,Present,Present,**,Present,Present,**,Present,**,**,***,**,**,***,**,*,*,*,Present,Present,*,****,*,*,****,****,***,Present,**,*,*,**,**,****,**,Present,***,****,*,***,*,Present,*,Present,**,**,Present,**,**,Present,Present,Present,Present,**,*,Present,Present,*,Present,**,*,****,*,**,No Data,**,**,****,*,**,Present,*,Present,***,Suspended,**,****,****,****,*,**,***,***,**,****,**,**,**,***,*,***,***,*,**,*,**,*,****,**,**,**,Present,**
91,DIONISIO,No Data,No Data,No Data,No Data,Present,Present,Present,Present,Present,Present,Present,Suspended,**,Present,**,Present,Present,Present,Present,Present,Present,Present,Present,Present,Present,Present,Present,Present,Present,Present,Present,**,Present,Present,Present,Present,Present,Present,Present,Present,Present,Present,Present,Present,Present,Present,Present,Present,Present,Present,Present,Present,Present,Present,Present,**,Present,Present,No Data,No Data,Present,Present,Present,Present,Present,Present,Present,Present,Present,Present,Present,Present,Present,**,Present,Present,Present,Present,Present,Present,No Data,Present,Present,Present,Present,Present,*,Present,**,Present,Present,Present,Present,Present,Present,Present,Present,**,Present,Present,Present,Present,*,Present,Present,Present,*,Present,Present,**,Present,Present,Present,Present,Present,**,Present,**,Present,**,Present,Present,Present,Present,Present,**,**,Present,*,Present,*,Present,Present,Present,Present,Present,Present,Present,Present,**,Present,Present,*,**,**,*,Present,**,Present,No Data,Present,Present,*,*,Present,**,Present,Present,**,Suspended,Present,Present,Present,Present,Present,**,**,**,**,Present,Present,*,Present,Present,Present,Present,*,*,Present,*,*,Present,Present,Present,Present,Present,Present,Present
92,DOMINGO,No Data,No Data,No Data,No Data,Present,Present,Present,Present,Present,Present,Present,Suspended,Present,Present,Present,Present,Present,Present,Present,Present,Present,Present,Present,Present,Present,Present,Present,Present,Present,Present,Present,Present,Present,Present,Present,Present,Present,Present,Present,Present,Present,Present,Present,Present,Present,Present,Present,Present,**,Present,Present,Present,Present,Present,Present,Present,Present,Present,No Data,No Data,**,Present,Present,Present,Present,Present,Present,Present,Present,Present,Present,Present,Present,Present,Present,Present,Present,Present,Present,Present,No Data,Present,Present,Present,Present,*,*,Present,Present,Present,Present,Present,Present,**,**,Present,Present,Present,Present,Present,**,Present,Present,Present,Present,Present,Present,Present,Present,Present,Present,Present,Present,Present,Present,Present,Present,Present,**,**,Present,Present,Present,Present,**,**,Present,Present,Present,**,Present,Present,****,Present,Present,Present,Present,Present,Present,Present,Present,Present,Present,Present,Present,Present,****,Present,Present,No Data,****,****,**,**,**,**,**,Present,Present,Suspended,Present,Present,Present,**,Present,Present,****,Present,Present,Present,Present,Present,Present,Present,Present,****,Present,Present,Present,Present,****,Present,*,*,Present,Present,Present,Present
93,DUAVIT,No Data,No Data,No Data,No Data,Present,Present,Present,Present,Present,Present,Present,Suspended,Present,Present,Present,Present,Present,Present,Present,Present,Present,Present,Present,Present,Present,Present,Present,Present,Present,Present,Present,Present,Present,Present,Present,Present,Present,Present,Present,Present,Present,Present,Present,Present,Present,Present,Present,Present,Present,Present,Present,Present,Present,Present,Present,Present,Present,Present,No Data,No Data,Present,Present,Present,Present,Present,Present,Present,Present,Present,Present,Present,Present,Present,Present,Present,Present,Present,Present,Present,Present,No Data,Present,Present,****,*,****,****,****,*,****,Present,****,****,****,****,****,****,****,****,*,****,****,****,Present,Present,**,Present,****,****,Present,****,****,*,*,****,****,****,****,****,****,****,****,****,Present,Present,****,Present,Present,*,Present,****,****,****,*,Present,*,****,Present,****,****,*,Present,*,****,****,****,****,****,*,No Data,****,****,****,****,****,Present,****,****,*,Suspended,*,****,*,****,****,****,*,****,****,****,*,***,***,Present,*,****,****,**,****,****,****,****,****,****,****,*,****,****
94,DUJALI,No Data,No Data,No Data,No Data,Present,Present,Present,Present,Present,Present,Present,Suspended,Present,Present,Present,Present,Present,Present,**,Present,Present,Present,Present,Present,Present,Present,Present,Present,Present,Present,Present,Present,Present,**,Present,Present,Present,Present,Present,Present,Present,Present,Present,Present,Present,Present,Present,Present,Present,Present,Present,Present,Present,Present,Present,Present,Present,Present,No Data,No Data,Present,Present,Present,Present,Present,Present,Present,Present,Present,Present,Present,Present,Present,Present,Present,Present,Present,Present,Present,Present,No Data,Present,Present,Present,Present,Present,***,Present,**,**,Present,Present,****,Present,Present,****,Present,Present,****,Present,Present,Present,Present,Present,Present,Present,****,****,****,****,Present,****,Present,Present,****,****,****,****,****,*,Present,****,****,Present,****,****,****,Present,*,Present,Present,Present,Present,****,Present,Present,Present,Present,****,****,****,Present,****,****,Present,Present,****,****,*,No Data,****,****,**,**,**,****,****,Present,****,Suspended,****,****,****,****,**,**,****,****,****,****,****,****,****,Present,****,****,*,****,****,****,****,****,****,****,Present,****,****,****
95,DUTERTE,No Data,No Data,No Data,No Data,Present,Present,Present,Present,Present,Present,Present,Suspended,Present,Present,Present,Present,**,Present,Present,Present,Present,Present,Present,Present,Present,Present,Present,Present,Present,Present,Present,Present,Present,Present,Present,Present,Present,Present,Present,Present,Present,Present,Present,Present,Present,Present,Present,Present,Present,Present,Present,Present,Present,Present,Present,Present,Present,Present,No Data,No Data,Present,Present,Present,Present,**,Present,Present,Present,Present,Present,Present,Present,Present,Present,Present,Present,Present,Present,Present,Present,No Data,Present,Present,****,****,****,**,**,**,**,Present,**,**,**,**,****,**,**,**,**,**,**,**,Present,Present,**,**,**,**,**,**,**,**,**,**,**,**,**,**,**,**,**,**,**,**,**,**,***,***,****,****,Present,Present,Present,****,Present,Present,****,Present,Present,****,*,Present,Present,****,Present,****,**,**,No Data,Present,****,****,****,Present,Present,Present,Present,*,Suspended,****,****,****,****,****,**,****,****,Present,****,***,**,**,**,**,**,**,***,****,Present,****,****,****,****,****,***,***,***
96,DY (F.),No Data,No Data,No Data,No Data,Present,Present,Present,Present,Present,Present,Present,Suspended,Present,Present,**,**,Present,Present,Present,**,Present,Present,Present,Present,Present,Present,Present,Present,**,Present,Present,Present,Present,Present,Present,Present,Present,Present,Present,Present,Present,Present,Present,Present,Present,Present,Present,Present,Present,Present,Present,Present,Present,Present,Present,Present,Present,Present,No Data,No Data,Present,Present,Present,Present,Present,Present,Present,Present,Present,Present,Present,Present,Present,Present,Present,Present,Present,Present,Present,Present,No Data,Present,Present,Present,Present,****,*,*,**,Present,Present,****,Present,****,****,Present,Present,Present,****,Present,Present,*,Present,Present,Present,Present,**,**,**,Present,****,****,****,Present,Present,Present,****,**,*,Present,Present,*,****,****,****,****,****,Present,Present,Present,Present,****,****,Present,Present,Present,Present,Present,*,Present,Present,Present,Present,****,*,****,****,****,Present,No Data,Present,**,Present,*,*,Present,Present,**,**,Suspended,Present,****,****,****,Present,Present,**,**,****,****,*,****,****,****,Present,****,****,**,****,****,****,Present,Present,*,**,****,Present,Present
97,DY (F.M.C.),No Data,No Data,No Data,No Data,Present,Present,Present,Present,Present,Present,Present,Suspended,**,Present,Present,Present,Present,Present,Present,Present,Present,Present,Present,Present,Present,Present,Present,Present,Present,Present,Present,Present,Present,Present,Present,Present,Present,Present,Present,Present,Present,Present,Present,Present,Present,Present,Present,Present,Present,Present,**,**,**,Present,Present,Present,Present,Present,No Data,No Data,Present,Present,Present,Present,Present,Present,Present,Present,**,**,**,Present,Present,Present,Present,Present,Present,Present,Present,**,No Data,Present,Present,***,***,***,****,Present,Present,Present,Present,Present,Present,Present,Present,****,Present,**,Present,Present,*,Present,*,**,**,**,Present,****,Present,Present,Present,Present,Present,Present,Present,Present,***,*,****,Present,*,****,***,***,Present,****,Present,****,Present,Present,Present,****,Present,*,Present,Present,****,Present,*,Present,****,Present,Present,****,*,Present,****,*,*,No Data,**,**,**,**,**,Present,Present,Present,*,Suspended,**,Present,****,****,*,**,***,Present,**,**,**,Present,****,Present,*,Present,*,**,Present,*,****,****,****,Present,Present,Present,****,***
98,DY (I.P.),No Data,No Data,No Data,No Data,***,***,***,Present,Present,Present,Present,Suspended,Present,Present,Present,Present,Present,Present,**,Present,Present,Present,Present,Present,Present,Present,Present,Present,Present,Present,Present,Present,Present,Present,Present,Present,Present,Present,Present,Present,Present,Present,Present,Present,Present,Present,Present,Present,Present,Present,Present,Present,Present,Present,Present,Present,Present,Present,No Data,No Data,Present,Present,Present,Present,Present,Present,Present,Present,Present,Present,Present,Present,Present,Present,Present,Present,Present,Present,Present,Present,No Data,Present,Present,****,****,*,****,Present,Present,Present,Present,****,Present,*,*,Present,****,****,****,****,****,****,*,Present,Present,Present,****,****,****,Present,Present,**,Present,****,****,Present,Present,Present,Present,Present,Present,****,****,Present,***,***,***,*,****,*,****,*,*,Present,****,*,Present,****,*,*,****,Present,Present,****,Present,*,*,*,*,No Data,****,*,****,****,****,****,****,****,****,Suspended,*,****,****,****,Present,***,Present,Present,Present,Present,*,*,*,***,***,Present,Present,****,Present,Present,Present,Present,Present,Present,Present,****,****,*
99,ECLEO,No Data,No Data,No Data,No Data,Present,Present,Present,Present,Present,Present,Present,Suspended,Present,Present,Present,Present,Present,Present,Present,Present,Present,Present,Present,Present,Present,Present,Present,Present,Present,Present,Present,Present,Present,Present,Present,Present,Present,Present,**,Present,Present,Present,Present,Present,Present,Present,Present,Present,Present,Present,Present,Present,Present,Present,Present,Present,Present,Present,No Data,No Data,Present,Present,Present,Present,Present,Present,Present,Present,Present,Present,Present,Present,Present,Present,Present,Present,Present,Present,Present,Present,No Data,Present,Present,***,***,Present,*,Present,***,****,Present,****,**,****,****,***,****,Present,**,**,**,**,**,Present,Present,Present,**,**,**,**,Present,**,Present,*,*,**,**,**,**,***,***,**,**,**,Present,Present,****,***,*,****,Present,*,Present,*,Present,*,Present,****,Present,**,Present,*,****,****,**,**,****,****,Present,No Data,**,****,****,Present,****,****,****,*,**,Suspended,**,**,**,**,****,*,****,****,****,****,****,****,****,**,**,**,**,****,**,**,**,**,**,**,Present,****,****,*
100,EMANO,No Data,No Data,No Data,No Data,Present,Present,Present,Present,Present,Present,Present,Suspended,Present,Present,Present,**,Present,**,Present,Present,Present,Present,Present,Present,Present,Present,Present,Present,Present,Present,Present,Present,Present,Present,Present,Present,Present,Present,Present,Present,Present,Present,Present,Present,Present,Present,Present,Present,Present,Present,Present,Present,Present,Present,Present,Present,Present,Present,No Data,No Data,Present,Present,Present,Present,Present,Present,Present,Present,Present,Present,Present,Present,Present,Present,Present,Present,Present,Present,Present,Present,No Data,Present,Present,Present,Present,Present,Present,Present,**,Present,Present,Present,*,Present,*,**,Present,Present,**,**,**,Present,*,Present,Present,Present,**,**,**,Present,*,*,Present,Present,*,*,Present,**,**,Present,Present,****,*,Present,****,****,****,*,**,Present,**,*,Present,Present,Present,Present,Present,Present,Present,*,Present,*,****,****,Present,Present,*,*,*,No Data,Present,Present,**,Present,Present,**,Present,Present,Present,Suspended,Present,Present,Present,Present,Present,*,**,**,**,Present,*,Present,****,****,*,Present,*,**,Present,Present,Present,Present,Present,*,**,Present,Present,**
101,ENCISO,No Data,No Data,No Data,No Data,Present,Present,Present,Present,Present,Present,Present,Suspended,Present,Present,Present,Present,Present,Present,Present,Present,Present,Present,Present,Present,Present,Present,Present,Present,Present,Present,Present,Present,Present,Present,Present,Present,Present,Present,Present,Present,Present,Present,Present,Present,Present,Present,Present,Present,Present,Present,Present,Present,Present,Present,Present,Present,Not Listed,Not Listed,No Data,No Data,Not Listed,Not Listed,Not Listed,Not Listed,Not Listed,Not Listed,Not Listed,Not Listed,Not Listed,Not Listed,Not Listed,Not Listed,Not Listed,Not Listed,Not Listed,Not Listed,Not Listed,Not Listed,Not Listed,Present,No Data,Not Listed,Not Listed,Not Listed,Not Listed,Not Listed,Not Listed,Not Listed,Not Listed,Not Listed,Not Listed,Not Listed,Not Listed,Not Listed,Not Listed,Not Listed,Not Listed,Not Listed,Not Listed,Not Listed,Not Listed,Not Listed,Not Listed,Not Listed,Not Listed,Not Listed,Not Listed,Not Listed,Not Listed,Not Listed,Not Listed,Not Listed,Not Listed,Not Listed,Not Listed,Not Listed,Not Listed,Not Listed,Not Listed,Not Listed,Not Listed,Not Listed,Not Listed,Not Listed,Not Listed,Not Listed,Not Listed,Not Listed,Not Listed,Not Listed,Not Listed,Not Listed,Not Listed,Not Listed,Not Listed,Not Listed,Not Listed,Not Listed,Not Listed,Not Listed,Not Listed,Not Listed,Not Listed,Not Listed,Not Listed,Not Listed,Not Listed,Not Listed,Not Listed,No Data,Not Listed,Not Listed,Not Listed,Not Listed,Not Listed,Not Listed,Not Listed,Not Listed,Not Listed,Suspended,Not Listed,Not Listed,Not Listed,Not Listed,Not Listed,Not Listed,Not Listed,Not Listed,Not Listed,Not Listed,Not Listed,Not Listed,Not Listed,Not Listed,Not Listed,Not Listed,Not Listed,Not Listed,Not Listed,Not Listed,Not Listed,Not Listed,Not Listed,Not Listed,Not Listed,Not Listed,Not Listed,Not Listed
101,YAMSUAN,No Data,No Data,No Data,No Data,Not Listed,Not Listed,Not Listed,Not Listed,Not Listed,Not Listed,Not Listed,Suspended,Not Listed,Not Listed,Not Listed,Not Listed,Not Listed,Not Listed,Not Listed,Not Listed,Not Listed,Not Listed,Not Listed,Not Listed,Not Listed,Not Listed,Not Listed,Not Listed,Not Listed,Not Listed,Not Listed,Not Listed,Not Listed,Not Listed,Not Listed,Not Listed,Not Listed,Not Listed,Not Listed,Not Listed,Not Listed,Not Listed,Not Listed,Not Listed,Not Listed,Not Listed,Not Listed,Not Listed,Not Listed,Not Listed,Not Listed,Not Listed,Not Listed,Not Listed,Not Listed,*,Present,Present,No Data,No Data,Present,Present,Present,Present,Present,Present,Present,Present,Present,Present,Present,Present,Present,Present,Present,Present,Present,Present,Present,Present,No Data,Present,Present,Present,*,Present,Present,Present,**,Present,Present,**,**,Present,Present,Present,Present,Present,Present,Present,Present,Present,Present,Present,Present,Present,Present,Present,Present,Present,Present,Present,**,**,**,**,Present,Present,Present,Present,Present,**,**,**,**,**,**,Present,Present,Present,Present,Present,Present,Present,Present,Present,Present,*,*,Present,Present,Present,Present,*,Present,Present,Present,Present,Present,No Data,Present,Present,Present,Present,Present,Present,Present,Present,Present,Suspended,Present,Present,Present,Present,Present,**,Present,Present,Present,Present,Present,Present,Present,Present,Present,Present,Present,Present,Present,Present,Present,Present,Present,Present,Present,*,Present,Present
102,ENVERGA,No Data,No Data,No Data,No Data,Present,Present,Present,Present,Present,Present,**,Suspended,Present,Present,Present,**,**,Present,Present,Present,Present,Present,Present,Present,Present,Present,Present,Present,Present,Present,Present,Present,Present,Present,Present,Present,Present,Present,Present,Present,Present,Present,Present,Present,Present,Present,Present,Present,Present,Present,Present,Present,Present,Present,Present,Present,Present,Present,No Data,No Data,Present,Present,Present,Present,**,**,Present,Present,Present,Present,**,Present,Present,**,Present,Present,Present,Present,Present,Present,No Data,Present,Present,*,*,Present,*,*,**,*,Present,****,****,****,*,*,*,*,Present,*,Present,Present,Present,Present,Present,*,Present,Present,****,Present,*,Present,Present,Present,*,*,****,*,**,****,****,Present,****,****,*,****,Present,Present,*,****,Present,****,Present,*,Present,Present,Present,Present,Present,**,Present,*,*,**,**,*,Present,*,Present,No Data,*,Present,Present,*,**,Present,*,Present,Present,Suspended,Present,Present,Present,Present,Present,*,Present,****,****,*,*,Present,**,Present,*,Present,*,****,Present,Present,****,**,****,*,*,Present,Present,****
103,ESCUDERO,No Data,No Data,No Data,No Data,Present,Present,Present,Present,Present,Present,Present,Suspended,**,Present,Present,Present,Present,Present,Present,Present,Present,Present,Present,Present,**,**,Present,**,Present,Present,Present,**,Present,Present,Present,Present,Present,Present,Present,Present,Present,Present,Present,Present,Present,Present,Present,Present,Present,Present,Present,Present,Present,Present,Present,Present,Present,Present,No Data,No Data,Present,Present,Present,Present,Present,Present,Present,Present,Present,Present,Present,Present,Present,Present,Present,Present,Present,Present,Present,Present,No Data,Present,Present,Present,Present,Present,Present,Present,Present,Present,Present,Present,Present,Present,Present,Present,Present,Present,Present,Present,Present,Present,*,Present,Present,Present,Present,Present,Present,Present,Present,Present,Present,Present,Present,Present,Present,Present,Present,*,Present,Present,Present,****,Present,Present,Present,Present,Present,Present,Present,Present,Present,Present,Present,Present,Present,Present,Present,Present,Present,Present,Present,Present,Present,Present,Present,Present,**,No Data,**,**,Present,Present,Present,Present,*,Present,Present,Suspended,Present,Present,Present,Present,Present,Present,Present,Present,Present,***,Present,Present,Present,Present,Present,*,Present,Present,Present,Present,Present,Present,Present,Present,Present,Present,Present,Present
104,ESPARES,No Data,No Data,No Data,No Data,Present,Present,Present,Present,Present,Present,Present,Suspended,**,Present,Present,Present,Present,Present,Present,**,Present,Present,**,Present,Present,**,Present,Present,Present,Present,Present,Present,Present,Present,Present,Present,Present,Present,Present,Present,Present,Present,Present,Present,Present,Present,Present,Present,Present,Present,Present,Present,Present,Present,Present,Present,Present,Present,No Data,No Data,Present,Present,Present,Present,**,Present,Present,Present,Present,Present,Present,Present,Present,Present,Present,Present,Present,Present,Present,Present,No Data,Present,Present,Present,Present,***,Present,Present,**,Present,Present,***,***,Present,Present,*,Present,Present,Present,Present,****,****,*,Present,Present,Present,Present,*,*,**,**,**,Present,Present,***,*,*,*,*,Present,Present,Present,Present,**,****,Present,Present,Present,Present,**,**,**,**,**,Present,Present,Present,Present,**,Present,**,*,Present,***,Present,Present,***,**,*,No Data,Present,**,*,Present,Present,Present,**,Present,Present,Suspended,*,***,***,***,*,*,*,Present,*,Present,*,Present,Present,***,Present,*,*,Present,Present,*,***,****,Present,***,*,*,Present,**
105,ESPINA,No Data,No Data,No Data,No Data,Present,Present,Present,Present,Present,Present,Present,Suspended,Present,Present,**,Present,**,Present,**,Present,Present,Present,Present,Present,Present,Present,Present,Present,Present,Present,Present,Present,Present,Present,Present,Present,Present,Present,Present,Present,Present,Present,Present,Present,Present,Present,Present,Present,Present,Present,Present,Present,Present,Present,Present,Present,Present,Present,No Data,No Data,Present,Present,Present,Present,Present,Present,Present,Present,Present,Present,Present,Present,Present,Present,Present,Present,Present,Present,Present,Present,No Data,Present,Present,Present,Present,****,***,***,Present,Present,Present,Present,***,**,**,Present,****,Present,Present,Present,Present,Present,*,Present,Present,*,Present,Present,Present,Present,****,Present,Present,Present,Present,Present,Present,*,Present,Present,Present,Present,Present,Present,Present,Present,Present,Present,Present,Present,Present,Present,Present,Present,Present,Present,Present,Present,Present,Present,Present,Present,Present,Present,Present,Present,Present,Present,Present,No Data,Present,Present,Present,Present,Present,Present,Present,Present,Present,Suspended,Present,Present,Present,Present,Present,Present,Present,Present,Present,Present,Present,Present,Present,Present,Present,Present,Present,Present,Present,Present,Present,Present,Present,Present,Present,*,Present,Present
106,ESTRELLA,No Data,No Data,No Data,No Data,Present,Present,Present,Present,Present,Present,Present,Suspended,Present,Present,Present,Present,Present,Present,Present,Present,Present,Present,Present,Present,Present,Present,Present,Present,Present,Present,Present,Present,Present,Present,Present,Present,Present,Present,Present,Present,Present,Present,Present,Present,Present,Present,Present,Present,Present,Present,Present,Present,Present,Present,Present,Present,Present,Present,No Data,No Data,Present,Present,Present,Present,Present,Present,Present,Present,Present,Present,Present,Present,Present,Present,Present,Present,Present,Present,Present,Present,No Data,Present,Present,*,Present,Present,Present,Present,Present,Present,Present,Present,Present,Present,Present,Present,Present,**,Present,Present,Present,Present,Present,Present,Present,Present,Present,*,Present,**,**,**,Present,Present,Present,Present,Present,*,Present,Present,Present,Present,Present,Present,Present,*,Present,Present,Present,Present,*,Present,Present,Present,Present,Present,Present,Present,Present,**,Present,Present,Present,Present,Present,Present,Present,Present,Present,No Data,Present,Present,Present,Present,Present,Present,Present,Present,Present,Suspended,Present,Present,Present,Present,Present,Present,Present,Present,Present,Present,*,Present,Present,Present,Present,Present,Present,Present,Present,Present,Present,****,****,**,**,****,Present,****
107,EUDELA,No Data,No Data,No Data,No Data,Present,Present,Present,Present,Present,Present,Present,Suspended,**,Present,**,**,**,**,**,**,Present,Present,Present,Present,**,Present,Present,Present,**,Present,Present,Present,Present,Present,Present,Present,Present,Present,Present,**,Present,Present,Present,Present,Present,Present,Present,Present,**,Present,Present,Present,Present,Present,Present,Present,Present,Present,No Data,No Data,Present,Present,Present,Present,Present,Present,Present,Present,Present,Present,Present,Present,Present,**,Present,Present,**,Present,Present,Present,No Data,Present,Present,***,***,****,***,***,Present,*,Present,**,**,Present,****,**,**,Present,**,**,**,**,**,Present,Present,Present,*,**,**,**,**,**,Present,*,*,Present,Present,Present,*,*,Present,Present,**,**,*,**,Present,Present,****,Present,Present,**,*,Present,Present,Present,Present,Present,Present,*,Present,Present,**,**,*,Present,**,**,**,No Data,Present,Present,Present,Present,**,*,*,*,****,Suspended,Present,Present,Present,Present,Present,**,Present,Present,Present,Present,***,***,***,Present,*,Present,*,***,*,****,****,****,****,Present,*,****,****,****
108,FARIÑAS,No Data,No Data,No Data,No Data,Present,Present,Present,Present,Present,Present,Present,Suspended,Present,Present,Present,Present,Present,Present,Present,Present,Present,Present,Present,Present,Present,Present,Present,Present,Present,Present,Present,Present,Present,Present,Present,Present,Present,Present,Present,Present,Present,Present,Present,Present,Present,Present,Present,Present,Present,Present,Present,Present,Present,Present,Present,Present,Present,Present,No Data,No Data,Present,Present,Present,Present,Present,Present,Present,Present,Present,Present,Present,Present,Present,Present,Present,Present,Present,Present,Present,Present,No Data,Present,Present,**,**,**,**,**,**,**,Present,**,**,**,**,**,**,Present,**,**,**,**,**,Present,**,**,**,**,**,**,**,**,**,**,**,**,**,**,**,**,**,**,**,**,**,**,**,**,**,**,**,**,**,**,**,**,**,**,Present,Present,**,**,*,Present,**,**,**,**,**,No Data,**,**,**,**,**,**,**,**,**,Suspended,**,**,**,**,**,**,**,**,**,**,**,**,**,**,**,**,**,**,**,**,**,**,**,**,**,**,**,**
109,FERNANDEZ,No Data,No Data,No Data,No Data,Present,Present,Present,Present,Present,Present,Present,Suspended,Present,Present,Present,Present,Present,Present,Present,Present,Present,**,Present,Present,Present,Present,Present,Present,Present,Present,Present,Present,Present,Present,Present,Present,Present,Present,Present,Present,Present,Present,Present,Present,Present,Present,Present,Present,Present,Present,Present,Present,Present,Present,Present,Present,Present,Present,No Data,No Data,Present,Present,Present,Present,Present,Present,Present,Present,Present,Present,Present,Present,Present,Present,Present,Present,Present,Present,Present,Present,No Data,Present,Present,*,****,****,Present,Present,****,Present,Present,Present,****,*,****,****,*,****,*,*,*,*,*,Present,Present,*,Present,*,****,****,****,****,****,*,**,**,Present,**,****,Present,*,****,*,**,****,****,Present,Present,**,****,**,Present,*,***,Present,Present,Present,****,**,**,****,*,Present,**,****,****,**,**,**,No Data,****,**,****,****,**,**,**,**,*,Suspended,**,****,****,****,**,**,*,*,**,**,Present,Present,**,****,**,****,*,****,Present,**,Present,**,****,Present,**,****,*,**
110,FERRER (A.),No Data,No Data,No Data,No Data,Present,Present,Present,Present,Present,Present,Present,Suspended,**,Present,Present,Present,Present,Present,Present,Present,Present,Present,Present,Present,**,**,Present,Present,Present,Present,Present,Present,Present,Present,Present,Present,Present,Present,Present,Present,Present,Present,Present,Present,Present,Present,Present,Present,**,Present,Present,Present,Present,Present,Present,Present,Present,Present,No Data,No Data,Present,Present,Present,Present,Present,**,Present,Present,Present,Present,Present,Present,Present,**,Present,Present,**,Present,Present,Present,No Data,Present,Present,Present,Present,Present,*,Present,**,Present,Present,Present,Present,Present,Present,*,Present,****,Present,Present,Present,Present,Present,Present,Present,Present,Present,Present,Present,Present,Present,Present,Present,Present,Present,Present,Present,Present,Present,Present,Present,Present,Present,**,Present,Present,Present,Present,**,Present,Present,*,****,*,Present,Present,Present,Present,*,**,*,Present,Present,Present,Present,Present,**,Present,Present,No Data,*,**,****,Present,**,Present,Present,***,Present,Suspended,Present,Present,*,Present,*,Present,Present,Present,Present,Present,Present,Present,Present,Present,Present,*,Present,****,Present,**,Present,**,*,Present,Present,Present,Present,Present
111,FERRER (J.M.),No Data,No Data,No Data,No Data,Present,Present,Present,Present,Present,Present,**,Suspended,Present,Present,Present,Present,Present,Present,**,Present,Present,Present,Present,Present,Present,Present,Present,Present,Present,Present,Present,Present,Present,Present,Present,Present,Present,Present,Present,Present,Present,Present,Present,Present,Present,Present,Present,Present,Present,Present,Present,Present,Present,Present,Present,Present,Present,Present,No Data,No Data,Present,Present,Present,Present,Present,Present,Present,Present,Present,Present,Present,Present,Present,Present,Present,Present,Present,Present,Present,**,No Data,Present,Present,**,**,**,**,Present,Present,Present,Present,****,****,****,****,****,Present,Present,Present,Present,Present,Present,Present,Present,Present,Present,**,Present,Present,Present,Present,Present,Present,***,***,***,***,***,***,***,***,Present,Present,Present,****,Present,**,Present,Present,Present,Present,Present,Present,Present,Present,Present,Present,Present,****,****,*,Present,Present,**,**,**,Present,**,Present,No Data,Present,Present,Present,Present,**,Present,Present,Present,Present,Suspended,*,**,**,**,***,**,Present,Present,Present,Present,Present,Present,Present,Present,Present,Present,Present,Present,Present,Present,Present,Present,Present,Present,Present,Present,Present,Present
112,FLORES,No Data,No Data,No Data,No Data,Present,Present,Present,Present,Present,Present,Present,Suspended,Present,Present,Present,Present,Present,Present,**,Present,Present,Present,Present,Present,Present,Present,Present,Present,Present,Present,**,Present,Present,Present,Present,**,Present,Present,Present,Present,Present,Present,Present,Present,Present,Present,Present,Present,Present,Present,Present,Present,Present,Present,Present,Present,Present,Present,No Data,No Data,Present,Present,Present,Present,Present,Present,Present,Present,Present,Present,Present,Present,Present,Present,Present,Present,Present,Present,Present,**,No Data,Present,Present,*,****,Present,Present,*,**,Present,Present,Present,Present,Present,Present,**,**,**,**,Present,Present,Present,*,Present,Present,Present,****,Present,****,Present,*,**,*,Present,Present,*,Present,Present,Present,Present,Present,*,Present,Present,Present,Present,Present,Present,*,****,****,*,****,Present,Present,Present,Present,Present,Present,Present,*,Present,Present,****,Present,*,Present,Present,Present,No Data,Present,Present,Present,**,**,**,**,**,*,Suspended,*,Present,Present,Present,Present,*,****,**,**,**,*,***,*,****,Present,**,*,**,****,Present,***,Present,Present,Present,Present,Present,Present,Present
113,FORTES,No Data,No Data,No Data,No Data,Present,Present,Present,Present,Present,Present,Present,Suspended,Present,Present,Present,Present,**,**,Present,Present,Present,Present,Present,Present,Present,Present,Present,Present,**,Present,Present,**,Present,Present,Present,**,Present,Present,Present,Present,Present,Present,Present,Present,Present,Present,Present,Present,Present,Present,Present,Present,Present,Present,Present,Present,Present,Present,No Data,No Data,Present,Present,Present,Present,Present,Present,**,Present,Present,Present,Present,Present,Present,Present,Present,Present,Present,Present,Present,Present,No Data,Present,Present,*,Present,Present,Present,Present,Present,Present,Present,**,Present,Present,Present,Present,Present,Present,Present,Present,Present,Present,Present,Present,Present,Present,Present,Present,****,Present,Present,****,**,**,**,*,*,Present,Present,Present,Present,Present,Present,Present,Present,Present,****,Present,*,Present,Present,****,****,Present,Present,Present,Present,Present,Present,Present,Present,*,Present,Present,Present,Present,Present,**,Present,No Data,Present,Present,Present,Present,Present,Present,Present,Present,**,Suspended,*,*,Present,Present,Present,**,Present,Present,Present,Present,Present,***,Present,Present,Present,Present,Present,***,***,Present,Present,Present,Present,Present,Present,Present,Present,Present
114,FRASCO,No Data,No Data,No Data,No Data,Present,Present,Present,Present,Present,Present,Present,Suspended,Present,Present,Present,Present,Present,Present,Present,Present,Present,Present,Present,Present,Present,Present,Present,Present,Present,Present,Present,Present,Present,Present,Present,Present,Present,Present,Present,Present,Present,Present,Present,Present,Present,Present,Present,Present,Present,Present,Present,Present,Present,Present,Present,Present,Present,Present,No Data,No Data,Present,Present,Present,Present,Present,Present,Present,Present,Present,Present,Present,Present,Present,Present,Present,Present,Present,Present,Present,Present,No Data,Present,Present,Present,Present,*,Present,Present,Present,Present,Present,*,Present,Present,Present,Present,****,Present,Present,Present,Present,Present,*,Present,Present,Present,**,**,**,Present,Present,Present,*,Present,**,****,Present,****,*,Present,Present,*,****,**,Present,****,*,Present,*,Present,Present,Present,Present,****,Present,*,**,**,Present,*,Present,*,****,Present,**,**,Present,*,Present,No Data,Present,**,Present,Present,Present,Present,****,*,*,Suspended,Present,Present,Present,****,Present,*,**,**,Present,*,Present,****,*,Present,***,Present,Present,****,*,****,****,Present,*,****,Present,****,****,***
115,FRESNEDI,No Data,No Data,No Data,No Data,Present,Present,Present,Present,Present,Present,Present,Suspended,Present,Present,**,Present,**,**,**,**,Present,Present,Present,Present,Present,Present,Present,Present,Present,Present,Present,Present,Present,Present,Present,Present,Present,Present,Present,Present,Present,Present,Present,Present,Present,Present,Present,Present,Present,Present,Present,Present,Present,Present,Present,Present,Present,Present,No Data,No Data,Present,Present,Present,Present,Present,Present,Present,Present,Present,Present,Present,Present,Present,Present,Present,Present,Present,Present,Present,Present,No Data,Present,Present,Present,Present,Present,Present,Present,Present,Present,Present,Present,**,Present,Present,Present,Present,Present,Present,**,Present,*,Present,Present,Present,Present,Present,Present,Present,Present,Present,**,*,Present,Present,Present,Present,*,Present,Present,Present,Present,*,**,Present,Present,**,Present,Present,Present,**,*,Present,Present,Present,Present,Present,Present,Present,Present,Present,Present,Present,Present,Present,Present,**,Present,**,No Data,Present,Present,Present,Present,Present,Present,*,Present,**,Suspended,Present,Present,Present,Present,Present,Present,Present,Present,Present,Present,Present,Present,**,Present,Present,**,Present,Present,Present,Present,Present,**,Present,Present,Present,Present,Present,Present
116,FUENTEBELLA,No Data,No Data,No Data,No Data,Present,Present,Present,Present,Present,Present,Present,Suspended,Present,Present,**,**,Present,Present,Present,Present,Present,Present,Present,Present,Present,Present,Present,Present,Present,Present,Present,Present,Present,Present,Present,Present,Present,Present,Present,Present,Present,Present,Present,Present,Present,Present,Present,Present,Present,Present,Present,Present,Present,Present,Present,Present,Present,Present,No Data,No Data,Present,Present,Present,Present,Present,Present,Present,Present,Present,Present,Present,Present,Present,Present,Present,Present,Present,Present,Present,Present,No Data,Present,Present,Present,Present,Present,*,Present,**,**,Present,**,**,**,****,**,**,**,****,**,**,****,Present,Present,Present,*,****,**,**,Present,**,**,Present,**,**,*,**,**,**,**,*,*,**,**,****,**,**,****,****,****,****,****,**,**,**,Present,Present,Present,**,Present,Present,Present,*,****,**,***,**,Present,**,No Data,****,****,*,****,*,*,Present,Present,**,Suspended,Present,Present,Present,Present,Present,Present,****,**,****,****,*,***,***,****,***,****,****,****,Present,*,****,****,****,****,*,***,*,***
117,GALEOS,No Data,No Data,No Data,No Data,Present,Present,Present,Present,Present,Present,Present,Suspended,Present,Present,**,Present,**,**,**,Present,Present,Present,Present,Present,Present,Present,Present,Present,Present,Present,Present,**,Present,Present,Present,Present,Present,Present,Present,Present,Present,Present,Present,Present,Present,Present,Present,Present,**,Present,Present,Present,Present,Present,Present,Present,Present,Present,No Data,No Data,Present,Present,Present,Present,Present,Present,Present,Present,Present,Present,Present,Present,Present,Present,Present,Present,Present,Present,Present,Present,No Data,Present,Present,Present,Present,Present,Present,Present,Present,****,Present,Present,Present,Present,Present,Present,Present,Present,Present,Present,Present,Present,Present,Present,Present,Present,Present,Present,**,Present,Present,Present,Present,Present,**,**,Present,*,Present,Present,*,**,**,**,**,**,**,Present,Present,Present,Present,**,Present,*,Present,Present,Present,Present,Present,Present,Present,Present,**,**,**,**,Present,Present,Present,No Data,Present,*,**,**,**,Present,****,**,**,Suspended,Present,**,**,**,Present,Present,Present,Present,Present,**,**,**,**,Present,Present,Present,Present,**,Present,*,**,**,**,**,Present,Present,Present,**
118,GARCIA (A.),No Data,No Data,No Data,No Data,Present,Present,Present,Present,Present,Present,Present,Suspended,Present,Present,Present,Present,Present,**,**,Present,**,Present,**,Present,Present,Present,Present,Present,Present,Present,Present,Present,Present,Present,Present,Present,Present,Present,**,**,Present,Present,Present,Present,Present,Present,**,Present,Present,Present,Present,Present,Present,Present,Present,Present,Present,Present,No Data,No Data,Present,Present,Present,Present,Present,Present,Present,Present,Present,Present,Present,Present,Present,Present,Present,**,**,Present,Present,**,No Data,Present,Present,*,*,Present,*,*,****,Present,Present,Present,Present,*,**,Present,Present,Present,*,Present,**,*,*,Present,**,*,Present,Present,Present,Present,Present,*,*,*,*,*,Present,**,Present,Present,Present,Present,**,**,Present,Present,Present,*,*,Present,Present,Present,*,Present,**,**,**,Present,*,**,*,Present,Present,*,***,***,****,*,*,No Data,Present,Present,Present,****,**,*,*,Present,*,Suspended,Present,*,**,****,*,*,Present,****,Present,Present,Present,Present,Present,Present,**,*,*,**,***,****,****,****,****,****,**,****,**,**
119,GARCIA (D.),No Data,No Data,No Data,No Data,Present,Present,Present,Present,Present,Present,Present,Suspended,Present,Present,Present,Present,Present,Present,**,Present,Present,Present,Present,Present,Present,Present,Present,Present,**,Present,Present,**,Present,Present,Present,Present,Present,Present,Present,Present,Present,Present,Present,Present,Present,Present,Present,Present,Present,Present,Present,Present,Present,Present,Present,Present,Present,Present,No Data,No Data,Present,Present,Present,Present,Present,Present,Present,Present,Present,Present,Present,Present,Present,Present,Present,Present,Present,Present,Present,Present,No Data,Present,Present,Present,Present,****,Present,Present,Present,Present,Present,Present,Present,Present,Present,Present,Present,Present,Present,Present,Present,Present,Present,Present,Present,Present,Present,Present,Present,Present,Present,Present,Present,Present,Present,Present,Present,Present,Present,Present,Present,Present,Present,Present,Present,Present,Present,Present,Present,Present,Present,Present,Present,Present,Present,Present,Present,Present,Present,Present,Present,Present,Present,Present,Present,Present,Present,Present,Present,No Data,Present,Present,Present,Present,Present,Present,Present,Present,Present,Suspended,Present,Present,Present,Present,Present,Present,Present,Present,Present,Present,Present,Present,Present,Present,Present,Present,Present,Present,Present,Present,Present,Present,Present,Present,Present,Present,Present,Present
120,GARCIA (J.A.),No Data,No Data,No Data,No Data,Present,Present,Present,Present,Present,Present,Present,Suspended,Present,Present,Present,Present,**,Present,Present,Present,Present,Present,Present,Present,Present,Present,Present,Present,Present,Present,Present,Present,Present,Present,Present,Present,Present,Present,Present,Present,Present,Present,Present,Present,Present,Present,Present,Present,Present,Present,Present,Present,Present,Present,Present,**,Present,Present,No Data,No Data,Present,Present,Present,Present,Present,Present,Present,Present,Present,Present,Present,Present,Present,**,Present,Present,Present,Present,Present,Present,No Data,Present,**,**,Present,Present,Present,Present,**,**,Present,Present,Present,Present,**,Present,Present,Present,Present,Present,*,Present,Present,Present,Present,Present,**,**,**,**,**,**,Present,Present,Present,Present,Present,Present,*,Present,Present,Present,Present,Present,Present,Present,Present,Present,Present,*,Present,Present,Present,Present,Present,Present,Present,****,Present,Present,*,*,Present,Present,****,Present,***,***,Present,No Data,Present,****,Present,Present,Present,Present,Present,*,*,Suspended,*,****,Present,****,*,**,****,Present,*,*,Present,Present,Present,Present,Present,*,Present,Present,Present,Present,Present,Present,Present,**,***,***,***,***
121,GARCIA (M.A.),No Data,No Data,No Data,No Data,Present,Present,Present,Present,Present,Present,Present,Suspended,**,Present,**,Present,**,**,**,**,Present,Present,**,Present,Present,**,Present,Present,**,Present,Present,Present,Present,**,Present,Present,Present,Present,Present,Present,Present,Present,Present,Present,Present,Present,Present,Present,Present,Present,Present,Present,Present,Present,Present,Present,Present,Present,No Data,No Data,Present,Present,Present,Present,Present,Present,Present,Present,Present,Present,Present,Present,Present,Present,Present,Present,Present,Present,Present,Present,No Data,Present,Present,Present,Present,Present,Present,Present,Present,Present,Present,Present,Present,Present,****,Present,****,Present,****,Present,*,*,**,**,Present,Present,Present,*,Present,Present,Present,*,Present,*,Present,Present,***,**,**,**,**,Present,*,**,Present,Present,Present,***,Present,Present,Present,Present,Present,Present,**,**,****,*,*,Present,*,Present,Present,Present,**,**,Present,*,**,No Data,Present,Present,Present,Present,*,Present,Present,*,**,Suspended,Present,Present,Present,**,*,*,Present,Present,Present,**,*,Present,Present,Present,**,Present,Present,****,Present,Present,Present,Present,Present,**,Present,***,***,**
122,GARCIA (P.J.),No Data,No Data,No Data,No Data,Present,Present,Present,Present,Present,Present,Present,Suspended,**,Present,Present,Present,Present,Present,Present,Present,Present,Present,Present,Present,Present,Present,Present,Present,Present,Present,Present,Present,Present,Present,Present,Present,Present,Present,Present,Present,Present,Present,Present,Present,Present,Present,Present,Present,**,Present,Present,Present,Present,Present,Present,Present,Present,Present,No Data,No Data,Present,Present,Present,Present,Present,Present,Present,Present,Present,Present,Present,Present,Present,Present,Present,Present,Present,Present,Present,Present,No Data,Present,Present,**,Present,**,**,Present,**,**,Present,**,**,**,**,Present,**,****,**,**,**,Present,*,Present,Present,Present,**,**,**,**,**,**,Present,Present,Present,**,**,Present,****,Present,****,**,**,**,**,**,**,****,Present,****,****,****,Present,Present,Present,Present,Present,Present,**,**,**,Present,****,****,****,Present,****,Present,Present,No Data,**,**,**,**,****,Present,Present,Present,Present,Suspended,***,**,**,**,Present,Present,Present,Present,**,****,**,Present,**,Present,Present,****,Present,**,**,**,Present,Present,*,****,Present,***,**,*
123,GARCIA (V.),No Data,No Data,No Data,No Data,Present,Present,Present,Present,Present,Present,Present,Suspended,Present,Present,Present,Present,Present,Present,Present,Present,Present,Present,Present,Present,Present,Present,Present,Present,Present,Present,Present,Present,Present,Present,Present,Present,Present,Present,Present,Present,Present,Present,Present,Present,Present,Present,Present,Present,Present,Present,Present,Present,Present,Present,Present,Present,Present,Present,No Data,No Data,Present,Present,Present,Present,Present,Present,Present,Present,Present,Present,Present,Present,Present,Present,Present,Present,Present,Present,Present,Present,No Data,Present,Present,*,*,*,*,Present,**,*,Present,*,*,*,*,*,*,*,*,*,*,*,*,Present,Present,*,*,*,****,**,**,**,*,*,*,*,Present,*,*,*,*,*,*,*,****,*,****,****,*,*,*,****,*,*,*,*,Present,*,*,*,*,*,*,*,*,*,*,Present,*,No Data,*,Present,*,*,*,*,*,****,*,Suspended,*,*,Present,*,*,*,****,****,****,****,*,****,****,****,****,****,*,*,****,****,****,****,****,*,*,****,****,****
124,GARDIOLA,No Data,No Data,No Data,No Data,Present,Present,Present,Present,Present,Present,Present,Suspended,Present,Present,**,Present,**,Present,Present,**,Present,Present,**,Present,Present,Present,Present,Present,Present,Present,Present,Present,Present,Present,Present,Present,Present,Present,Present,Present,Present,Present,Present,Present,Present,Present,Present,Present,Present,Present,Present,Present,Present,Present,Present,Present,Present,Present,No Data,No Data,Present,Present,Present,Present,Present,Present,Present,Present,Present,Present,Present,Present,Present,Present,Present,Present,Present,Present,Present,Present,No Data,Present,Present,Present,Present,Present,Present,Present,Present,Present,Present,Present,Present,**,**,Present,Present,Present,Present,Present,Present,Present,Present,Present,Present,Present,Present,Present,Present,**,**,**,**,**,Present,Present,Present,Present,Present,Present,Present,Present,Present,Present,***,***,Present,Present,Present,Present,Present,Present,Present,Present,Present,Present,Present,Present,Present,Present,Present,Present,Present,Present,Present,Present,***,***,***,No Data,Present,Present,Present,Present,Present,Present,Present,Present,Present,Suspended,Present,Present,**,Present,Present,**,Present,Present,Present,Present,Present,Present,Present,Present,Present,Present,Present,*,Present,Present,Present,Present,Present,*,Present,Present,Present,Present
125,GARIN,No Data,No Data,No Data,No Data,Present,Present,Present,Present,Present,Present,Present,Suspended,Present,Present,Present,**,Present,Present,**,**,Present,Present,Present,Present,Present,Present,Present,**,Present,Present,Present,Present,Present,Present,Present,Present,Present,Present,Present,Present,Present,Present,Present,Present,Present,Present,Present,Present,Present,Present,Present,Present,Present,Present,Present,Present,Present,Present,No Data,No Data,Present,Present,Present,Present,Present,**,Present,Present,Present,Present,**,Present,Present,Present,Present,Present,Present,Present,Present,Present,No Data,Present,Present,Present,Present,Present,*,Present,**,****,Present,**,Present,*,**,**,*,**,Present,**,*,Present,*,Present,Present,Present,Present,*,**,Present,Present,*,*,*,**,Present,Present,**,**,*,Present,*,Present,Present,Present,Present,Present,Present,Present,Present,*,Present,Present,Present,Present,Present,Present,Present,Present,**,Present,*,Present,Present,**,**,*,**,Present,No Data,*,****,****,****,*,Present,Present,Present,*,Suspended,**,****,Present,Present,Present,Present,**,**,**,**,**,**,Present,Present,Present,**,Present,Present,Present,**,Present,Present,Present,*,Present,Present,Present,*
126,GASATAYA,No Data,No Data,No Data,No Data,Present,Present,Present,Present,Present,Present,Present,Suspended,Present,Present,Present,Present,Present,**,Present,Present,**,Present,**,Present,Present,Present,Present,Present,Present,Present,Present,Present,Present,Present,Present,Present,Present,Present,**,**,Present,Present,Present,Present,Present,Present,**,Present,Present,Present,Present,Present,Present,Present,Present,Present,Present,Present,No Data,No Data,Present,Present,Present,Present,Present,Present,Present,Present,Present,Present,Present,Present,Present,Present,Present,**,**,Present,Present,**,No Data,Present,Present,*,****,****,****,Present,**,Present,Present,Present,Present,Present,Present,*,Present,Present,Present,Present,**,Present,Present,Present,Present,Present,**,**,**,**,Present,****,Present,*,Present,Present,Present,Present,Present,*,Present,**,**,**,**,**,**,Present,*,*,Present,Present,Present,Present,Present,Present,Present,*,Present,Present,*,Present,Present,****,Present,Present,Present,Present,Present,No Data,****,****,Present,Present,**,Present,Present,Present,Present,Suspended,Present,Present,Present,Present,Present,**,Present,Present,Present,Present,Present,Present,Present,*,Present,Present,Present,****,Present,Present,Present,Present,Present,Present,Present,Present,Present,Present
127,GATCHALIAN,No Data,No Data,No Data,No Data,Present,Present,Present,Present,Present,Present,Present,Suspended,Present,Present,Present,Present,**,Present,Present,Present,Present,Present,Present,Present,Present,**,Present,Present,Present,Present,Present,**,Present,Present,Present,Present,Present,Present,Present,Present,Present,Present,Present,Present,Present,Present,*,Not Listed,Not Listed,Not Listed,Not Listed,Not Listed,Not Listed,Not Listed,Not Listed,Not Listed,Not Listed,Not Listed,No Data,No Data,Not Listed,Not Listed,Not Listed,Not Listed,Not Listed,Not Listed,Not Listed,Not Listed,Not Listed,Not Listed,Not Listed,Not Listed,Not Listed,Not Listed,Not Listed,Not Listed,Not Listed,Not Listed,Not Listed,Present,No Data,Not Listed,Not Listed,Not Listed,Not Listed,Not Listed,Not Listed,Not Listed,Not Listed,Not Listed,Not Listed,Not Listed,Not Listed,Not Listed,Not Listed,Not Listed,Not Listed,Not Listed,Not Listed,Not Listed,Not Listed,Not Listed,Not Listed,Not Listed,Not Listed,Not Listed,Not Listed,Not Listed,Not Listed,Not Listed,Not Listed,Not Listed,Not Listed,Not Listed,Not Listed,Not Listed,Not Listed,Not Listed,Not Listed,Not Listed,Not Listed,Not Listed,Not Listed,Not Listed,Not Listed,Not Listed,Not Listed,Not Listed,Not Listed,Not Listed,Not Listed,Not Listed,Not Listed,Not Listed,Not Listed,Not Listed,Not Listed,Not Listed,Not Listed,Not Listed,Not Listed,Not Listed,Not Listed,Not Listed,Not Listed,Not Listed,Not Listed,Not Listed,Not Listed,No Data,Not Listed,Not Listed,Not Listed,Not Listed,Not Listed,Not Listed,Not Listed,Not Listed,Not Listed,Suspended,Not Listed,Not Listed,Not Listed,Not Listed,Not Listed,Not Listed,Not Listed,Not Listed,Not Listed,Not Listed,Not Listed,Not Listed,Not Listed,Not Listed,Not Listed,Not Listed,Not Listed,Not Listed,Not Listed,Not Listed,Not Listed,Not Listed,Not Listed,Not Listed,Not Listed,Not Listed,Not Listed,Not Listed
128,GATO,No Data,No Data,No Data,No Data,Present,**,**,Present,Present,Present,Present,Suspended,Present,Present,Present,Present,Present,Present,**,Present,Present,Present,Present,Present,Present,**,Present,Present,Present,Present,Present,Present,Present,Present,Present,Present,Present,Present,Present,Present,Present,Present,Present,Present,Present,Present,Present,Present,Present,Present,Present,Present,Present,Present,Present,Present,Present,Present,No Data,No Data,Present,Present,Present,Present,Present,Present,Present,Present,Present,Present,Present,Present,Present,Present,Present,Present,Present,Present,**,Present,No Data,Present,Present,Present,Present,Present,Present,Present,Present,Present,Present,Present,Present,Present,Present,Present,Present,Present,Present,Present,Present,Present,Present,Present,Present,Present,Present,Present,Present,Present,Present,**,Present,Present,**,***,*,Present,Present,Present,Present,Present,Present,Present,Present,Present,Present,Present,*,Present,**,*,Present,Present,Present,Present,Present,Present,Present,Present,Present,Present,Present,Present,Present,Present,Present,Present,**,No Data,Present,*,Present,Present,Present,Present,Present,Present,Present,Suspended,**,***,Present,***,Present,**,***,Present,Present,Present,Present,Present,Present,**,**,Present,*,Present,Present,Present,Present,Present,Present,Present,Present,Present,****,Present
129,GO (E.C.),No Data,No Data,No Data,No Data,Present,Present,Present,Present,Present,Present,Present,Suspended,Present,Present,Present,Present,Present,Present,Present,Present,Present,Present,Present,Present,Present,Present,Present,Present,Present,Present,Present,Present,Present,Present,Present,Present,Present,Present,Present,Present,Present,Present,Present,Present,Present,Present,Present,Present,Present,Present,Present,Present,Present,Present,Present,Present,Present,Present,No Data,No Data,Present,Present,Present,Present,Present,Present,Present,Present,Present,Present,Present,Present,Present,Present,Present,Present,Present,Present,Present,Present,No Data,Present,Present,Present,Present,****,Present,*,*,*,Present,****,Present,****,***,****,Present,Present,Present,Present,****,**,Present,Present,Present,Present,**,**,**,*,*,****,Present,*,****,Present,*,Present,****,*,****,****,****,*,Present,****,Present,*,*,***,***,***,****,Present,Present,Present,Present,Present,*,*,*,*,****,****,*,****,****,****,*,No Data,***,****,*,*,****,*,Present,Present,*,Suspended,Present,***,***,***,*,*,****,**,****,**,***,***,***,****,Present,*,*,***,****,****,****,****,Present,Present,*,****,****,*
130,GO (M.),No Data,No Data,No Data,No Data,Present,Present,Present,Present,Present,Present,Present,Suspended,Present,Present,Present,Present,Present,Present,Present,Present,Present,Present,Present,Present,Present,Present,Present,Present,Present,Present,Present,Present,Present,Present,Present,Present,Present,Present,Present,Present,Present,Present,Present,Present,Present,Present,Present,Present,Present,Present,Present,Present,Present,Present,Present,Present,Present,Present,No Data,No Data,Present,Present,Present,Present,Present,Present,Present,Present,Present,Present,Present,Present,Present,Present,Present,Present,Present,Present,Present,Present,No Data,Present,Present,Present,Present,Present,Present,Present,Present,Present,Present,Present,Present,Present,Present,Present,Present,Present,Present,**,Present,Present,Present,Present,Present,Present,**,**,**,Present,Present,Present,*,Present,Present,Present,Present,Present,Present,Present,Present,Present,Present,Present,Present,Present,Present,Present,Present,Present,Present,Present,Present,Present,Present,Present,**,**,Present,Present,Present,Present,Present,Present,Present,Present,Present,Present,**,No Data,Present,Present,Present,Present,Present,Present,Present,Present,Present,Suspended,Present,Present,Present,Present,Present,Present,Present,Present,Present,Present,Present,Present,Present,Present,Present,Present,Present,Present,Present,Present,Present,Present,Present,Present,Present,Present,Present,Present
131,GOLEZ,No Data,No Data,No Data,No Data,Present,Present,Present,Present,Present,Present,Present,Suspended,**,Present,**,Present,Present,Present,**,Present,Present,Present,**,Present,**,Present,Present,Present,Present,Present,Present,Present,Present,Present,Present,Present,Present,Present,**,Present,Present,Present,Present,Present,Present,Present,Present,Present,Present,Present,Present,Present,Present,Present,Present,Present,Present,Present,No Data,No Data,Present,Present,Present,Present,Present,Present,Present,Present,Present,Present,Present,Present,Present,Present,Present,Present,Present,Present,**,Present,No Data,Present,Present,Present,Present,Present,*,Present,*,Present,Present,Present,Present,**,**,**,Present,Present,Present,Present,Present,Present,Present,Present,Present,Present,Present,Present,Present,Present,Present,Present,Present,Present,Present,Present,Present,Present,Present,Present,Present,Present,Present,Present,Present,Present,Present,**,Present,Present,Present,Present,Present,Present,Present,Present,**,**,**,**,**,Present,Present,Present,Present,Present,**,**,**,No Data,Present,Present,Present,Present,Present,Present,Present,Present,Present,Suspended,Present,Present,Present,Present,Present,**,****,****,****,****,****,****,****,****,****,****,****,****,****,****,****,****,****,****,****,Present,****,***
132,GOMEZ,No Data,No Data,No Data,No Data,Present,Present,Present,Present,Present,Present,Present,Suspended,Present,Present,**,Present,Present,Present,Present,Present,Present,Present,Present,Present,Present,Present,**,**,**,**,Present,Present,Present,Present,Present,Present,Present,Present,Present,Present,Present,Present,Present,Present,Present,Present,Present,Present,Present,Present,Present,Present,Present,Present,Present,Present,Present,Present,No Data,No Data,Present,Present,Present,Present,Present,Present,Present,Present,Present,Present,Present,Present,Present,**,Present,Present,Present,Present,Present,**,No Data,Present,Present,Present,Present,*,**,**,***,***,Present,Present,Present,Present,Present,Present,Present,Present,Present,Present,Present,Present,Present,Present,Present,Present,**,**,**,Present,Present,*,Present,Present,Present,**,Present,Present,*,Present,*,Present,**,**,Present,Present,Present,Present,Present,Present,**,Present,Present,Present,Present,Present,Present,Present,Present,Present,***,Present,*,Present,***,*,Present,Present,*,No Data,Present,**,Present,Present,**,Present,Present,*,*,Suspended,***,***,***,*,Present,**,Present,Present,Present,****,**,***,***,*,*,Present,*,Present,**,Present,***,****,Present,***,Present,Present,Present,***
133,GONZAGA,No Data,No Data,No Data,No Data,Present,Present,Present,Present,Present,Present,Present,Suspended,Present,Present,Present,Present,Present,Present,Present,Present,Present,Present,Present,Present,Present,Present,Present,Present,Present,Present,Present,Present,Present,Present,Present,Present,Present,Present,Present,Present,Present,Present,Present,Present,Present,Present,Present,Present,Present,Present,Present,Present,Present,Present,Present,Present,Present,Present,No Data,No Data,Present,Present,Present,Present,Present,Present,Present,Present,Present,Present,Present,Present,Present,Present,Present,Present,Present,Present,Present,**,No Data,Present,**,**,**,**,**,*,**,**,Present,Present,Present,Present,*,****,Present,**,Present,Present,****,****,*,Present,Present,Present,*,Present,Present,Present,*,****,Present,Present,Present,****,**,**,**,Present,****,**,**,**,Present,Present,****,Present,****,****,****,****,Present,Present,Present,*,Present,****,****,**,****,****,Present,Present,****,****,Present,**,**,No Data,Present,****,**,**,**,****,**,**,****,Suspended,****,**,**,**,*,****,****,****,*,****,****,****,****,****,****,****,****,****,****,****,****,****,****,****,**,****,****,****
134,GONZALES (A.),No Data,No Data,No Data,No Data,Present,Present,Present,Present,Present,Present,Present,Suspended,Present,Present,Present,Present,Present,Present,**,**,Present,Present,Present,Present,Present,Present,Present,Present,Present,Present,Present,Present,Present,Present,Present,Present,Present,Present,Present,Present,Present,Present,Present,Present,Present,Present,Present,Present,Present,Present,Present,Present,Present,Present,Present,Present,Present,Present,No Data,No Data,Present,Present,Present,Present,Present,Present,Present,Present,Present,Present,Present,Present,Present,Present,Present,Present,Present,Present,Present,Present,No Data,Present,Present,Present,Present,Present,Present,Present,Present,Present,Present,Present,Present,Present,Present,Present,Present,Present,Present,Present,Present,Present,Present,Present,Present,Present,Present,Present,Present,Present,Present,Present,Present,Present,Present,Present,Present,Present,Present,Present,Present,Present,Present,Present,Present,Present,Present,Present,Present,Present,Present,Present,Present,Present,Present,Present,Present,Present,Present,Present,Present,Present,Present,**,Present,Present,Present,Present,Present,No Data,Present,Present,Present,Present,Present,Present,Present,Present,Present,Suspended,Present,Present,Present,Present,Present,Present,Present,Present,Present,Present,Present,Present,Present,*,*,**,Present,Present,Present,Present,Present,Present,Present,Present,Present,Present,Present,Present
135,GONZALES (N.),No Data,No Data,No Data,No Data,Present,Present,Present,Present,Present,Present,Present,Suspended,Present,Present,Present,Present,Present,Present,Present,Present,Present,Present,Present,Present,Present,Present,Present,Present,Present,Present,Present,Present,Present,Present,Present,Present,Present,Present,Present,Present,Present,Present,Present,Present,Present,Present,Present,Present,Present,Present,Present,Present,Present,Present,Present,Present,Present,Present,No Data,No Data,Present,Present,Present,Present,Present,Present,Present,Present,Present,Present,Present,Present,Present,Present,Present,Present,Present,Present,Present,Present,No Data,Present,Present,Present,Present,Present,Present,Present,Present,Present,Present,Present,Present,Present,Present,Present,**,**,Present,Present,Present,Present,Present,Present,Present,Present,Present,Present,Present,Present,Present,*,Present,Present,Present,Present,Present,Present,Present,Present,Present,Present,Present,Present,Present,Present,Present,Present,Present,*,Present,Present,Present,Present,Present,Present,Present,Present,Present,Present,Present,Present,**,**,Present,Present,Present,Present,Present,No Data,Present,Present,Present,Present,Present,Present,Present,Present,Present,Suspended,Present,Present,Present,Present,Present,Present,Present,Present,Present,Present,Present,Present,Present,Present,Present,Present,**,Present,Present,Present,Present,Present,Present,Present,Present,Present,Present,Present
136,GONZALEZ,No Data,No Data,No Data,No Data,Present,Present,Present,Present,Present,Present,Present,Suspended,Present,Present,Present,Present,Present,Present,Present,Present,Present,Present,Present,Present,Present,Present,Present,Present,Present,Present,Present,Present,Present,Present,Present,Present,Present,Present,Present,Present,Present,Present,Present,Present,Present,Present,Present,Present,Present,Present,Present,Present,Present,Present,Present,Present,Present,Present,No Data,No Data,Present,Present,Present,Present,Present,Present,Present,Present,Present,Present,Present,Present,Present,Present,Present,Present,Present,Present,Present,Present,No Data,Present,Present,****,****,****,Present,Present,****,****,Present,***,***,Present,Present,**,**,**,**,**,**,Present,Present,Present,**,Present,****,****,**,**,**,**,Present,Present,**,****,****,****,Present,*,****,****,****,****,Present,****,****,Present,Present,****,****,****,****,Present,Present,Present,****,****,****,****,****,*,****,****,****,****,*,*,*,No Data,**,****,****,****,****,****,****,***,***,Suspended,****,****,****,****,**,**,****,****,****,****,****,****,****,****,****,****,****,****,****,****,****,****,****,****,****,****,****,***
137,GORRICETA,No Data,No Data,No Data,No Data,Present,Present,Present,Present,Present,Present,Present,Suspended,**,Present,Present,Present,Present,Present,Present,Present,Present,Present,Present,Present,Present,Present,Present,Present,Present,Present,Present,Present,Present,Present,Present,Present,Present,Present,Present,Present,Present,Present,Present,Present,Present,Present,Present,Present,Present,Present,Present,Present,Present,Present,Present,Present,Present,Present,No Data,No Data,Present,Present,Present,Present,Present,Present,Present,Present,Present,Present,Present,Present,Present,Present,Present,Present,Present,Present,Present,Present,No Data,Present,Present,Present,Present,**,*,Present,**,**,Present,Present,Present,**,**,Present,Present,Present,Present,Present,Present,**,**,Present,Present,Present,Present,**,**,Present,**,**,**,**,**,Present,Present,Present,**,Present,Present,**,**,**,Present,Present,Present,Present,**,**,**,**,**,**,**,**,Present,Present,Present,Present,**,Present,**,**,**,**,**,**,**,No Data,Present,**,**,**,**,**,Present,Present,*,Suspended,**,Present,Present,**,**,**,**,Present,**,**,**,Present,Present,**,**,Present,**,**,Present,**,**,Present,**,Present,Present,**,**,Present
138,GUICO,No Data,No Data,No Data,No Data,Present,Present,Present,Present,Present,Present,Present,Suspended,Present,Present,Present,Present,Present,**,Present,Present,**,Present,**,Present,Present,Present,Present,Present,Present,Present,Present,Present,Present,Present,Present,Present,Present,Present,**,**,Present,Present,Present,Present,Present,Present,**,Present,Present,Present,Present,Present,Present,Present,Present,Present,Present,Present,No Data,No Data,Present,Present,Present,Present,Present,Present,Present,Present,Present,Present,Present,Present,Present,Present,Present,**,**,Present,Present,**,No Data,Present,Present,Present,****,Present,Present,Present,Present,Present,Present,Present,**,Present,**,Present,Present,Present,****,*,**,Present,*,Present,**,Present,Present,Present,Present,Present,Present,Present,Present,Present,Present,Present,Present,**,Present,Present,Present,Present,Present,Present,Present,Present,*,Present,Present,Present,Present,Present,Present,Present,Present,Present,Present,**,Present,**,**,Present,Present,Present,Present,Present,Present,Present,Present,No Data,Present,Present,Present,Present,**,Present,Present,Present,Present,Suspended,Present,Present,**,Present,Present,Present,Present,Present,Present,Present,Present,Present,Present,Present,Present,Present,Present,**,Present,Present,Present,Present,Present,Present,Present,Present,**,**
139,GUINTU,No Data,No Data,No Data,No Data,Present,Present,Present,Present,Present,Present,Present,Suspended,**,Present,Present,Present,Present,Present,Present,**,Present,Present,Present,Present,Present,**,Present,Present,Present,Present,Present,**,Present,Present,Present,Present,Present,Present,Present,Present,Present,Present,Present,Present,Present,Present,Present,Present,Present,Present,Present,Present,Present,Present,Present,**,Present,Present,No Data,No Data,Present,Present,Present,Present,Present,Present,Present,Present,Present,Present,Present,Present,Present,**,Present,Present,Present,Present,Present,Present,No Data,Present,**,Present,Present,Present,Present,*,Present,Present,Present,Present,*,Present,Present,Present,*,Present,Present,Present,*,**,*,Present,Present,Present,Present,Present,****,Present,*,Present,Present,Present,****,Present,Present,**,*,Present,Present,Present,****,Present,Present,*,Present,Present,*,Present,****,****,Present,*,Present,Present,Present,Present,Present,****,*,Present,*,*,****,*,****,*,*,No Data,Present,*,Present,*,*,Present,*,*,*,Suspended,Present,****,Present,****,*,*,Present,*,****,****,*,***,***,****,*,*,Present,Present,***,*,*,****,****,Present,Present,Present,*,*
140,GULLAS,No Data,No Data,No Data,No Data,Present,Present,Present,Present,Present,Present,Present,Suspended,Present,Present,Present,Present,Present,Present,Present,Present,Present,Present,Present,Present,Present,Present,Present,Present,Present,Present,Present,Present,Present,Present,Present,Present,Present,Present,Present,Present,Present,Present,Present,Present,Present,Present,Present,Present,Present,Present,Present,Present,Present,Present,Present,Present,Present,Present,No Data,No Data,Present,Present,Present,Present,Present,Present,Present,Present,Present,Present,Present,Present,Present,Present,Present,Present,Present,Present,Present,Present,No Data,Present,Present,****,Present,Present,***,***,*,Present,Present,Present,Present,Present,Present,Present,Present,Present,Present,Present,Present,Present,Present,Present,Present,Present,**,**,**,**,**,**,**,**,**,Present,Present,Present,Present,Present,Present,**,**,**,**,**,**,****,****,Present,Present,Present,Present,Present,***,*,Present,*,Present,Present,Present,Present,*,Present,Present,Present,*,Present,Present,No Data,Present,****,Present,***,***,Present,Present,Present,Present,Suspended,Present,Present,Present,Present,Present,*,Present,Present,Present,Present,Present,Present,Present,Present,Present,Present,Present,*,Present,Present,Present,Present,Present,Present,Present,*,Present,Present
141,GUTIERREZ,No Data,No Data,No Data,No Data,Present,Present,Present,Present,Present,Present,Present,Suspended,**,Present,Present,Present,Present,Present,**,Present,Present,Present,Present,Present,Present,Present,Present,Present,Present,Present,Present,Present,Present,Present,Present,Present,Present,Present,Present,Present,Present,Present,Present,Present,Present,Present,Present,Present,**,Present,Present,Present,Present,Present,Present,Present,Present,Present,No Data,No Data,Present,Present,Present,Present,Present,Present,Present,Present,Present,Present,Present,Present,Present,Present,Present,Present,Present,Present,Present,Present,No Data,Present,Present,Present,Present,Present,**,Present,**,Present,Present,Present,Present,Present,Present,Present,Present,Present,Present,Present,Present,Present,Present,Present,Present,Present,Present,*,Present,Present,Present,Present,Present,Present,Present,Present,Present,Present,Present,Present,*,Present,Present,Present,Present,Present,Present,Present,**,Present,Present,Present,Present,Present,Present,Present,Present,Present,Present,Present,Present,Present,Present,Present,Present,Present,Present,Present,Present,No Data,Present,Present,Present,Present,Present,Present,Present,Present,Present,Suspended,Present,Present,Present,**,Present,Present,Present,Present,Present,**,Present,Present,**,Present,Present,**,Present,**,Present,Present,Present,Present,**,Present,Present,Present,*,**
142,HAGEDORN,No Data,No Data,No Data,No Data,Present,Present,Present,Present,Present,Present,Present,Suspended,Present,Present,Present,Present,Present,Present,Present,Present,Present,Present,Present,Present,***,***,***,***,Present,Present,***,***,***,***,***,Present,Present,Present,Present,Present,Present,Present,Present,Present,Present,Present,Present,Present,Present,Present,Present,Present,Present,Present,Present,Present,Present,Present,No Data,No Data,Present,Present,Present,Present,Present,Present,Present,Present,Present,Present,Present,Present,Present,Present,Present,Present,Present,Present,Present,**,No Data,Present,Present,****,Present,****,**,**,**,**,Present,**,**,**,**,**,**,**,**,**,**,**,**,**,**,**,Not Listed,Not Listed,Not Listed,Not Listed,Not Listed,Not Listed,Not Listed,Not Listed,Not Listed,Not Listed,Not Listed,Not Listed,Not Listed,Not Listed,Not Listed,Not Listed,Not Listed,Not Listed,Not Listed,Not Listed,Not Listed,Not Listed,Not Listed,Not Listed,Not Listed,Not Listed,Not Listed,Not Listed,Not Listed,Not Listed,Not Listed,Not Listed,Not Listed,Not Listed,Not Listed,Not Listed,Not Listed,Not Listed,Not Listed,Not Listed,Not Listed,Not Listed,Not Listed,No Data,Not Listed,Not Listed,Not Listed,Not Listed,Not Listed,Not Listed,Not Listed,Not Listed,Not Listed,Suspended,Not Listed,Not Listed,Not Listed,Not Listed,Not Listed,Not Listed,Not Listed,Not Listed,Not Listed,Not Listed,Not Listed,Not Listed,Not Listed,Not Listed,Not Listed,Not Listed,Not Listed,Not Listed,Not Listed,Not Listed,Not Listed,Not Listed,Not Listed,Not Listed,Not Listed,Not Listed,Not Listed,Not Listed
143,HARESCO,No Data,No Data,No Data,No Data,Present,Present,Present,Present,Present,Present,Present,Suspended,Present,Present,Present,Present,Present,Present,Present,**,Present,Present,Present,Present,Present,Present,Present,Present,Present,Present,Present,**,Present,Present,Present,Present,Present,Present,Present,Present,Present,Present,Present,Present,Present,Present,Present,Present,Present,Present,Present,Present,Present,Present,Present,Present,Present,Present,No Data,No Data,Present,Present,Present,Present,Present,Present,**,Present,Present,Present,Present,Present,Present,Present,Present,Present,Present,Present,Present,Present,No Data,Present,Present,*,Present,*,*,Present,Present,Present,Present,Present,Present,Present,Present,Present,Present,Present,Present,Present,Present,**,Present,Present,Present,Present,Present,Present,Present,Present,Present,Present,Present,Present,Present,Present,Present,Present,Present,Present,Present,Present,Present,**,**,Present,Present,*,Present,Present,Present,Present,Present,Present,Present,Present,Present,Present,Present,Present,Present,Present,Present,Present,**,**,Present,*,**,No Data,*,Present,Present,Present,**,Present,Present,Present,Present,Suspended,Present,Present,**,Present,Present,*,Present,Present,Present,Present,Present,*,Present,Present,Present,Present,Present,Present,Present,Present,Present,Present,Present,Present,Present,****,****,*
144,HATAMAN,No Data,No Data,No Data,No Data,Present,Present,Present,Present,Present,Present,Present,Suspended,Present,Present,Present,Present,Present,Present,Present,Present,Present,Present,Present,Present,Present,**,**,Present,Present,Present,Present,Present,Present,Present,Present,Present,Present,Present,Present,Present,Present,Present,Present,Present,Present,Present,Present,Present,Present,Present,Present,Present,Present,Present,Present,Present,Present,Present,No Data,No Data,Present,Present,Present,Present,Present,Present,Present,Present,Present,Present,Present,Present,Present,Present,Present,Present,Present,Present,Present,Present,No Data,Present,Present,***,Present,Present,Present,Present,Present,Present,Present,Present,Present,*,Present,Present,Present,Present,Present,Present,Present,Present,Present,Present,Present,Present,Present,Present,Present,Present,Present,*,Present,Present,Present,Present,Present,Present,Present,Present,Present,Present,Present,Present,Present,Present,Present,Present,Present,*,Present,***,Present,Present,****,Present,Present,*,Present,Present,Present,Present,Present,Present,Present,Present,Present,Present,Present,No Data,Present,Present,****,****,****,*,Present,Present,Present,Suspended,*,***,Present,Present,Present,**,****,Present,*,Present,Present,Present,Present,Present,Present,Present,Present,Present,***,*,Present,Present,Present,Present,Present,Present,**,**
145,HERNANDEZ,No Data,No Data,No Data,No Data,Present,Present,Present,Present,Present,Present,Present,Suspended,Present,Present,Present,Present,**,Present,**,**,Present,Present,Present,Present,Present,Present,Present,Present,**,Present,Present,Present,Present,Present,Present,Present,Present,Present,Present,Present,Present,Present,Present,Present,Present,Present,Present,Present,Present,Present,Present,Present,Present,Present,Present,Present,Present,Present,No Data,No Data,Present,Present,Present,Present,Present,**,Present,Present,Present,Present,Present,Present,Present,Present,Present,Present,Present,Present,Present,Present,No Data,Present,Present,**,**,Present,Present,**,Present,Present,Present,Present,Present,***,***,**,**,**,**,**,**,**,**,**,**,**,**,**,**,**,**,**,Present,Present,Present,**,**,Present,**,**,Present,Present,Present,**,Present,Present,Present,*,*,Present,Present,Present,*,Present,Present,Present,****,Present,**,*,*,Present,Present,Present,****,***,***,***,***,No Data,Present,**,Present,Present,**,**,Present,Present,****,Suspended,****,****,****,****,Present,**,Present,Present,*,****,*,Present,Present,**,**,**,Present,****,*,*,**,**,**,*,*,**,**,Present
146,HERRERA,No Data,No Data,No Data,No Data,Present,Present,Present,Present,Present,Present,Present,Suspended,**,Present,Present,Present,Present,Present,Present,Present,Present,Present,Present,Present,Present,**,Present,**,Present,Present,Present,Present,Present,Present,Present,**,Present,Present,Present,Present,Present,Present,Present,Present,Present,Present,Present,Present,Present,Present,Present,Present,Present,Present,Present,Present,Present,Present,No Data,No Data,Present,Present,Present,Present,Present,Present,Present,Present,Present,Present,Present,Present,Present,Present,Present,Present,Present,Present,Present,Present,No Data,Present,Present,Present,Present,Present,Present,Present,****,*,Present,Present,**,Present,*,Present,Present,Present,Present,*,*,**,Present,Present,Present,Present,Present,Present,Present,****,Present,Present,Present,Present,Present,Present,*,Present,Present,Present,Present,Present,Present,Present,Present,Present,Present,Present,Present,Present,Present,Present,Present,Present,Present,Present,Present,Present,Present,Present,Present,Present,Present,Present,Present,Present,Present,Present,Present,No Data,Present,Present,Present,Present,**,Present,Present,Present,Present,Suspended,Present,Present,**,**,Present,*,**,**,**,**,**,**,**,Present,**,**,Present,**,Present,Present,Present,Present,Present,Present,Present,Present,Present,Present
147,HORIBATA,No Data,No Data,No Data,No Data,Present,Present,Present,Present,Present,Present,Present,Suspended,Present,Present,Present,Present,Present,Present,Present,Present,Present,Present,Present,Present,Present,Present,Present,Present,Present,Present,Present,Present,Present,Present,Present,Present,Present,Present,Present,Present,Present,Present,Present,Present,Present,Present,Present,Present,Present,Present,Present,Present,Present,Present,Present,Present,Present,Present,No Data,No Data,Present,Present,Present,Present,Present,Present,Present,Present,Present,Present,Present,Present,Present,Present,Present,Present,**,Present,Present,Present,No Data,Present,Present,*,Present,Present,Present,Present,Present,*,Present,Present,Present,*,Present,****,****,****,**,**,**,Present,*,Present,Present,*,*,Present,****,****,****,****,Present,****,****,****,****,****,****,****,*,Present,****,*,Present,****,****,*,Present,****,****,****,****,****,****,****,****,****,**,**,**,*,****,****,*,****,*,****,Present,No Data,****,****,****,****,Present,****,****,****,****,Suspended,****,****,****,****,*,**,****,****,****,****,****,****,****,****,**,****,*,****,***,*,Present,Present,Present,Present,*,****,*,*
148,JAVIER,No Data,No Data,No Data,No Data,Present,Present,Present,Present,Present,Present,Present,Suspended,**,Present,Present,Present,Present,Present,Present,Present,Present,Present,Present,Present,Present,Present,Present,Present,Present,Present,Present,Present,Present,Present,Present,Present,Present,Present,Present,Present,Present,Present,Present,Present,Present,Present,Present,Present,Present,Present,Present,Present,Present,Present,Present,Present,Present,Present,No Data,No Data,Present,Present,Present,Present,Present,Present,Present,Present,Present,Present,Present,Present,Present,Present,Present,Present,Present,Present,Present,Present,No Data,Present,Present,Present,Present,*,Present,Present,Present,Present,Present,Present,*,Present,Present,Present,Present,Present,Present,Present,Present,Present,Present,Present,Present,Present,Present,**,Present,Present,****,****,Present,Present,Present,Present,Present,Present,Present,Present,Present,Present,Present,Present,Present,Present,Present,Present,Present,Present,Present,Present,Present,Present,Present,Present,Present,Present,Present,Present,Present,Present,***,***,Present,Present,Present,Present,Present,No Data,Present,Present,Present,Present,Present,Present,Present,Present,Present,Suspended,Present,Present,Present,Present,Present,Present,Present,Present,Present,Present,Present,Present,Present,Present,Present,Present,Present,Present,Present,Present,Present,Present,Present,Present,Present,Present,Present,Present
149,KHO (O.),No Data,No Data,No Data,No Data,Present,Present,Present,Present,Present,Present,Present,Suspended,Present,Present,Present,Present,**,Present,Present,Present,Present,Present,Present,Present,Present,Present,Present,Present,Present,Present,Present,**,Present,Present,Present,Present,Present,Present,Present,Present,Present,Present,Present,Present,Present,Present,Present,Present,Present,Present,Present,Present,Present,Present,Present,Present,Present,Present,No Data,No Data,Present,Present,Present,Present,Present,Present,Present,Present,Present,Present,Present,Present,Present,Present,Present,Present,Present,Present,Present,Present,No Data,Present,**,**,Present,Present,Present,*,***,Present,Present,Present,Present,***,***,Present,***,Present,***,**,**,***,Present,Present,Present,Present,***,***,***,**,**,**,**,**,**,Present,***,***,****,****,*,***,****,****,****,****,Present,Present,****,****,***,****,***,****,Present,Present,****,****,****,****,****,**,Present,****,***,***,****,****,****,No Data,****,****,****,****,****,****,****,****,****,Suspended,****,****,****,****,****,****,****,****,****,****,****,****,****,****,****,*,*,****,****,****,***,***,***,****,****,****,****,****
150,KHO (R.),No Data,No Data,No Data,No Data,Present,Present,Present,Present,Present,Present,Present,Suspended,Present,Present,Present,Present,Present,Present,Present,Present,Present,Present,Present,Present,Present,Present,Present,Present,Present,Present,Present,**,Present,Present,Present,Present,Present,Present,Present,Present,Present,Present,Present,Present,Present,Present,Present,Present,Present,Present,Present,Present,Present,Present,Present,Present,Present,Present,No Data,No Data,Present,Present,Present,Present,Present,Present,Present,Present,Present,Present,Present,Present,Present,Present,Present,Present,Present,Present,Present,Present,No Data,Present,Present,**,Present,****,Present,***,**,**,Present,Present,**,**,**,**,**,**,**,**,**,**,**,Present,Present,Present,***,**,**,Present,*,****,****,**,**,**,****,***,****,****,*,***,Present,Present,Present,Present,Present,Present,Present,Present,Present,Present,Present,Present,Present,Present,Present,Present,*,Present,Present,Present,*,*,*,Present,Present,Present,**,No Data,Present,Present,****,Present,Present,Present,Present,Present,Present,Suspended,Present,*,****,****,*,*,****,*,Present,Present,Present,Present,Present,Present,Present,Present,Present,Present,Present,Present,***,***,***,Present,Present,****,****,*
151,KHO (W.),No Data,No Data,No Data,No Data,Present,Present,Present,Present,Present,Present,Present,Suspended,Present,Present,Present,Present,Present,Present,Present,Present,Present,Present,Present,Present,Present,Present,Present,Present,Present,Present,Present,Present,Present,Present,Present,Present,Present,Present,Present,Present,Present,Present,Present,Present,Present,Present,Present,Present,**,Present,Present,Present,Present,Present,Present,Present,Present,Present,No Data,No Data,Present,Present,Present,Present,Present,Present,Present,Present,Present,Present,Present,Present,Present,Present,Present,Present,Present,Present,Present,Present,No Data,Present,Present,Present,Present,Present,***,Present,Present,Present,Present,***,***,***,***,***,**,**,Present,Present,Present,Present,Present,Present,Present,*,*,****,****,Present,Present,Present,****,***,***,Present,Present,***,Present,*,*,Present,Present,Present,Present,Present,Present,*,Present,Present,Present,Present,Present,Present,Present,Present,Present,****,*,Present,Present,Present,Present,*,Present,Present,***,***,Present,No Data,Present,Present,****,Present,Present,Present,Present,Present,Present,Suspended,Present,*,****,*,*,*,****,*,Present,Present,Present,Present,Present,Present,Present,Present,Present,Present,Present,Present,***,***,***,Present,Present,***,***,Present
152,KHONGHUN,No Data,No Data,No Data,No Data,Present,Present,Present,Present,Present,Present,Present,Suspended,Present,Present,Present,**,Present,Present,Present,Present,Present,Present,**,Present,Present,Present,Present,Present,Present,Present,Present,Present,Present,Present,Present,Present,Present,Present,Present,Present,Present,Present,Present,Present,Present,Present,Present,Present,Present,Present,Present,Present,Present,Present,Present,Present,Present,Present,No Data,No Data,Present,Present,Present,Present,Present,Present,Present,Present,Present,Present,Present,Present,Present,Present,Present,Present,Present,Present,Present,Present,No Data,Present,Present,Present,Present,*,****,Present,Present,*,Present,Present,Present,Present,Present,****,****,****,Present,Present,Present,Present,Present,Present,Present,*,Present,Present,Present,Present,Present,Present,Present,Present,Present,*,Present,**,Present,Present,Present,Present,*,****,Present,****,***,Present,Present,Present,Present,****,Present,Present,Present,Present,Present,****,Present,Present,Present,Present,Present,*,Present,Present,Present,Present,Present,No Data,*,Present,Present,Present,Present,Present,Present,Present,Present,Suspended,Present,Present,Present,Present,Present,**,Present,**,**,**,Present,Present,Present,Present,Present,Present,Present,**,Present,**,Present,Present,**,Present,Present,Present,Present,*
153,LABADLABAD,No Data,No Data,No Data,No Data,Present,Present,Present,Present,Present,Present,Present,Suspended,Present,Present,Present,**,Present,Present,Present,Present,Present,Present,Present,Present,Present,Present,Present,**,Present,Present,Present,Present,Present,Present,Present,Present,Present,Present,Present,Present,Present,Present,Present,Present,Present,Present,Present,Present,Present,Present,Present,Present,Present,Present,Present,Present,Present,Present,No Data,No Data,Present,Present,Present,Present,Present,Present,Present,Present,Present,Present,Present,Present,Present,Present,Present,Present,Present,Present,Present,Present,No Data,Present,Present,Present,****,Present,**,**,Present,*,Present,Present,*,Present,Present,Present,*,*,Present,Present,*,Present,*,Present,Present,Present,*,*,****,Present,****,****,*,*,**,****,*,Present,**,Present,Present,Present,*,****,*,**,**,*,**,*,****,Present,Present,*,Present,Present,*,Present,*,Present,*,Present,Present,****,**,**,****,****,**,No Data,Present,****,Present,*,****,*,*,Present,****,Suspended,*,****,*,Present,Present,Present,Present,Present,Present,Present,****,*,Present,****,*,*,*,****,*,Present,**,**,**,Present,Present,****,****,Present
154,LACSON,No Data,No Data,No Data,No Data,Present,Present,Present,Present,Present,Present,Present,Suspended,Present,Present,Present,Present,**,Present,**,**,Present,Present,Present,Present,Present,Present,Present,Present,Present,Present,Present,Present,Present,Present,Present,Present,Present,Present,Present,Present,Present,Present,Present,Present,Present,Present,Present,Present,Present,Present,Present,Present,Present,Present,Present,Present,Present,Present,No Data,No Data,Present,Present,Present,Present,Present,Present,Present,Present,Present,Present,Present,Present,Present,Present,Present,Present,Present,Present,Present,Present,No Data,Present,Present,*,Present,****,Present,*,Present,*,Present,Present,Present,**,**,**,Present,*,*,Present,**,****,*,Present,Present,*,****,****,****,****,****,****,*,Present,Present,Present,Present,Present,Present,Present,Present,Present,Present,Present,Present,Present,Present,Present,Present,Present,Present,Present,Present,Present,Present,Present,Present,Present,*,Present,Present,Present,Present,Present,Present,Present,Present,Present,Present,No Data,Present,Present,***,***,*,*,Present,Present,Present,Suspended,Present,Present,Present,Present,Present,*,*,Present,***,***,***,***,***,Present,Present,Present,Present,***,Present,Present,Present,Present,Present,Present,Present,Present,**,Present
155,LACSON-NOEL,No Data,No Data,No Data,No Data,Present,Present,Present,Present,Present,Present,Present,Suspended,Present,Present,Present,Present,Present,Present,Present,Present,Present,Present,Present,Present,Present,Present,Present,Present,Present,Present,Present,Present,Present,Present,Present,Present,Present,Present,Present,Present,Present,Present,Present,Present,Present,Present,Present,Present,Present,Present,Present,Present,Present,Present,Present,Present,Present,Present,No Data,No Data,Present,Present,Present,Present,Present,Present,Present,Present,Present,Present,Present,Present,Present,Present,Present,Present,Present,Present,Present,Present,No Data,Present,Present,Present,Present,Present,***,***,***,***,Present,**,**,*,Present,Present,Present,Present,Present,Present,Present,Present,Present,Present,Present,**,Present,Present,Present,Present,Present,Present,Present,Present,Present,Present,Present,Present,Present,Present,Present,Present,Present,Present,**,Present,Present,*,Present,Present,Present,Present,Present,Present,Present,Present,Present,Present,*,Present,Present,Present,Present,Present,Present,Present,Present,***,***,No Data,Present,Present,Present,Present,Present,Present,Present,Present,Present,Suspended,Present,Present,Present,Present,*,*,*,Present,Present,Present,Present,Present,*,Present,Present,Present,Present,Present,Present,Present,Present,Present,Present,Present,Present,*,*,Present
156,LAGMAN,No Data,No Data,No Data,No Data,Present,Present,Present,Present,Present,Present,Present,Suspended,**,Present,**,**,Present,Present,**,**,Present,Present,Present,Present,Present,Present,Present,Present,Present,Present,Present,Present,Present,Present,Present,Present,Present,Present,Present,Present,Present,Present,Present,Present,Present,Present,Present,Present,Present,Present,Present,Present,Present,Present,Present,Present,Present,Present,No Data,No Data,Present,Present,Present,Present,Present,Present,Present,Present,Present,Present,Present,Present,Present,Present,Present,Present,Present,Present,Present,Present,No Data,Present,Present,Present,Present,Present,Present,Present,**,**,Present,****,**,**,**,Present,Present,**,**,**,Present,*,*,Present,Present,Present,Present,*,Present,Present,*,Present,Present,*,**,**,*,*,*,Present,*,Present,Present,Present,Present,Present,Present,Present,Present,Present,Present,**,*,Present,Present,Present,Present,Present,Present,Present,Present,Present,Present,Present,Present,Present,Present,Present,Present,No Data,Present,Present,**,**,**,**,****,**,**,Suspended,**,**,**,**,**,**,**,**,**,**,**,**,**,**,**,**,**,**,**,**,**,**,**,**,Not Listed,Not Listed,Not Listed,Not Listed
157,LAGON (D.),No Data,No Data,No Data,No Data,Present,Present,Present,Present,Present,Present,Present,Suspended,**,Present,Present,Present,**,**,**,**,Present,Present,Present,Present,Present,Present,Present,Present,**,Present,Present,Present,Present,**,Present,Present,Present,Present,Present,Present,Present,Present,Present,Present,Present,Present,Present,Present,**,Present,Present,Present,Present,Present,Present,Present,Present,Present,No Data,No Data,Present,Present,Present,Present,Present,Present,Present,Present,Present,Present,Present,Present,**,**,Present,Present,**,Present,Present,Present,No Data,Present,Present,Present,Present,Present,Present,Present,Present,Present,Present,Present,*,Present,Present,Present,Present,Present,Present,Present,Present,Present,Present,Present,Present,Present,**,**,**,Present,Present,Present,Present,Present,Present,Present,Present,Present,Present,Present,Present,**,**,**,**,**,**,Present,Present,*,Present,Present,*,Present,Present,Present,***,***,***,***,****,Present,Present,Present,Present,Present,Present,Present,Present,No Data,Present,Present,Present,Present,Present,Present,Present,Present,Present,Suspended,Present,Present,Present,Present,Present,**,Present,Present,***,***,Present,Present,Present,Present,Present,Present,Present,****,Present,Present,Present,Present,Present,Present,Present,***,***,*
158,LAGON (S.),No Data,No Data,No Data,No Data,Present,Present,Present,Present,Present,Present,Present,Suspended,**,Present,Present,Present,**,**,**,**,Present,Present,**,Present,Present,Present,Present,Present,Present,Present,Present,Present,Present,Present,Present,Present,Present,Present,Present,Present,Present,Present,Present,Present,Present,Present,Present,Present,**,Present,Present,Present,Present,Present,Present,Present,Present,Present,No Data,No Data,Present,Present,Present,Present,Present,Present,Present,Present,Present,Present,Present,Present,**,Present,Present,Present,**,Present,Present,Present,No Data,Present,Present,Present,Present,Present,Present,Present,**,Present,Present,Present,*,Present,Present,Present,Present,Present,Present,Present,Present,Present,Present,Present,Present,Present,Present,Present,Present,Present,Present,Present,Present,Present,Present,Present,Present,Present,Present,Present,Present,Present,Present,Present,Present,Present,Present,*,Present,Present,Present,Present,Present,Present,Present,Present,Present,Present,***,***,****,Present,Present,Present,Present,Present,Present,Present,Present,No Data,Present,Present,Present,Present,Present,Present,Present,Present,Present,Suspended,Present,Present,Present,Present,Present,**,Present,Present,Present,***,Present,Present,Present,Present,Present,Present,Present,****,Present,Present,Present,Present,Present,Present,Present,Present,Present,Present
159,LARA,No Data,No Data,No Data,No Data,Present,Present,Present,Present,Present,Present,Present,Suspended,Present,Present,Present,**,Present,Present,Present,Present,Present,Present,Present,Present,Present,Present,Present,Present,Present,Present,Present,Present,Present,Present,Present,Present,Present,Present,Present,Present,Present,Present,Present,Present,Present,Present,Present,Present,**,Present,Present,Present,Present,Present,Present,Present,Present,Present,No Data,No Data,Present,Present,Present,Present,Present,Present,**,Present,Present,Present,Present,Present,Present,Present,Present,Present,Present,Present,Present,Present,No Data,Present,**,Present,Present,Present,*,Present,**,Present,Present,Present,****,Present,*,Present,Present,Present,Present,**,Present,Present,Present,Present,Present,Present,Present,*,Present,Present,Present,*,*,*,Present,*,*,*,**,*,Present,*,Present,*,Present,Present,Present,*,Present,Present,Present,****,Present,Present,**,**,Present,Present,*,*,Present,*,Present,Present,*,*,Present,**,Present,No Data,***,Present,**,*,Present,Present,Present,Present,****,Suspended,Present,Present,Present,**,Present,**,***,*,Present,Present,Present,Present,Present,Present,*,Present,Present,**,Present,Present,Present,Present,Present,Present,Present,***,Present,***
160,LAZATIN,No Data,No Data,No Data,No Data,Present,Present,Present,Present,Present,Present,Present,Suspended,Present,Present,**,Present,**,Present,**,**,Present,Present,Present,Present,Present,Present,Present,Present,**,Present,Present,Present,Present,Present,Present,Present,Present,Present,Present,**,Present,Present,Present,Present,Present,Present,Present,Present,Present,Present,Present,Present,Present,Present,Present,Present,Present,Present,No Data,No Data,Present,Present,Present,Present,Present,Present,Present,Present,Present,Present,Present,Present,Present,Present,Present,Present,Present,Present,Present,Present,No Data,Present,Present,Present,****,Present,****,Present,Present,Present,Present,Present,Present,Present,****,****,Present,Present,Present,Present,Present,Present,Present,Present,Present,Present,Present,Present,****,Present,Present,****,Present,Present,****,Present,Present,Present,Present,Present,*,Present,****,Present,Present,Present,Present,Present,*,Present,Present,Present,Present,****,Present,Present,Present,Present,Present,****,****,Present,****,Present,Present,Present,Present,Present,Present,No Data,Present,Present,Present,****,Present,****,****,*,*,Suspended,*,****,Present,****,Present,Present,****,Present,*,Present,*,****,Present,Present,Present,*,Present,****,Present,****,****,****,****,****,*,Present,****,*
161,LEE,No Data,No Data,No Data,No Data,Present,Present,Present,Present,Present,Present,Present,Suspended,Present,Present,Present,Present,Present,Present,**,Present,Present,Present,Present,Present,Present,Present,Present,Present,Present,Present,Present,Present,Present,Present,Present,Present,Present,Present,Present,Present,Present,Present,Present,Present,Present,Present,Present,Present,**,Present,Present,Present,Present,Present,Present,Present,Present,Present,No Data,No Data,Present,Present,Present,Present,Present,Present,Present,Present,Present,Present,Present,Present,Present,Present,Present,Present,Present,Present,Present,Present,No Data,Present,Present,****,****,****,****,****,Present,Present,Present,**,Present,*,Present,Present,*,****,Present,Present,*,Present,*,Present,Present,*,Present,Present,Present,**,Present,*,****,*,*,Present,*,Present,****,*,*,**,****,*,*,Present,Present,*,Present,*,Present,Present,****,****,Present,*,****,****,****,*,****,*,****,****,****,****,****,****,Present,No Data,*,*,**,****,****,*,****,****,****,Suspended,**,****,****,****,****,*,*,****,****,****,****,**,****,****,*,****,*,****,****,*,****,****,**,****,****,****,**,Present
162,LEGARDA,No Data,No Data,No Data,No Data,Present,Present,Present,Present,Present,Present,Present,Suspended,**,Present,Present,Present,**,Present,Present,Present,Present,Present,Present,Present,Present,**,Present,Present,Present,Present,Present,Present,Present,Present,Present,Present,Present,Present,Present,Present,Present,Present,Present,Present,Present,Present,Present,Present,Present,Present,Present,Present,Present,Present,Present,Present,Present,Present,No Data,No Data,Present,Present,Present,Present,**,Present,Present,Present,Present,Present,Present,Present,**,Present,Present,Present,Present,Present,Present,Present,No Data,Present,Present,Present,Present,Present,Present,Present,**,**,Present,Present,Present,Present,Present,Present,****,****,Present,Present,**,Present,*,Present,Present,*,Present,**,**,Present,Present,Present,Present,**,**,*,***,*,*,Present,Present,Present,*,**,Present,Present,Present,***,***,Present,****,****,Present,Present,Present,Present,Present,**,Present,**,Present,*,****,****,Present,*,Present,**,Present,No Data,Present,Present,****,****,****,*,**,**,*,Suspended,****,****,****,****,Present,Present,Present,****,****,****,*,****,****,****,****,Present,*,Present,****,****,****,****,****,****,Present,****,*,***
163,LIBANAN,No Data,No Data,No Data,No Data,Present,Present,Present,Present,Present,Present,Present,Suspended,Present,Present,Present,**,Present,Present,Present,Present,Present,Present,Present,Present,Present,Present,Present,Present,Present,Present,Present,Present,Present,Present,Present,Present,Present,Present,Present,Present,Present,Present,Present,Present,Present,Present,Present,Present,Present,Present,Present,Present,Present,Present,Present,Present,Present,Present,No Data,No Data,Present,Present,Present,Present,Present,**,Present,Present,Present,Present,Present,Present,Present,Present,Present,Present,Present,Present,**,Present,No Data,Present,Present,Present,*,*,****,*,**,****,Present,****,****,****,****,*,*,****,*,****,*,****,Present,Present,Present,Present,Present,*,****,**,Present,**,*,****,****,*,*,**,*,*,*,*,****,*,Present,***,***,Present,*,****,****,****,****,****,Present,****,Present,Present,**,**,*,*,*,****,****,****,****,****,*,No Data,****,****,****,*,****,Present,****,****,****,Suspended,Present,****,*,****,*,**,Present,*,*,*,*,***,*,****,****,*,*,*,*,Present,****,****,Present,**,**,Present,*,*
164,LIMKAICHONG,No Data,No Data,No Data,No Data,Present,Present,Present,Present,Present,Present,Present,Suspended,**,Present,Present,**,Present,Present,**,**,Present,Present,Present,Present,Present,Present,Present,**,Present,Present,Present,Present,Present,Present,Present,Present,Present,Present,Present,Present,Present,Present,Present,Present,Present,Present,Present,Present,Present,Present,Present,Present,Present,Present,Present,Present,Present,Present,No Data,No Data,Present,Present,Present,Present,Present,Present,Present,Present,Present,Present,Present,Present,Present,Present,Present,Present,Present,Present,Present,Present,No Data,Present,Present,***,Present,Present,Present,Present,***,Present,Present,**,****,Present,Present,*,*,Present,Present,*,*,**,Present,Present,Present,Present,Present,***,***,Present,***,****,**,**,**,*,***,Present,*,*,Present,Present,*,***,***,***,***,***,*,***,***,*,Present,Present,Present,Present,Present,Present,*,Present,*,*,***,***,Present,Present,***,***,*,No Data,Present,Present,**,Present,**,Present,****,Present,*,Suspended,**,****,Present,Present,Present,Present,**,**,****,*,**,*,Present,Present,Present,*,Present,**,Present,***,****,****,****,Present,Present,*,*,***
165,LOYOLA,No Data,No Data,No Data,No Data,Present,Present,Present,Present,Present,Present,Present,Suspended,Present,Present,Present,**,**,Present,**,Present,Present,Present,Present,Present,Present,Present,Present,Present,**,Present,Present,Present,Present,Present,Present,Present,Present,Present,Present,**,Present,Present,Present,Present,Present,Present,Present,Present,Present,Present,Present,Present,Present,Present,Present,Present,Present,Present,No Data,No Data,Present,Present,Present,Present,Present,**,Present,Present,Present,Present,Present,Present,Present,Present,Present,Present,Present,Present,Present,**,No Data,Present,Present,****,****,****,****,Present,*,Present,Present,****,Present,Present,Present,Present,Present,Present,Present,Present,Present,Present,Present,Present,Present,Present,**,Present,Present,Present,Present,Present,Present,Present,Present,Present,Present,Present,Present,Present,Present,Present,Present,Present,Present,Present,Present,Present,**,*,Present,Present,Present,Present,***,*,Present,**,*,**,**,Present,***,***,Present,Present,Present,Present,Present,No Data,****,Present,Present,Present,**,Present,Present,Present,*,Suspended,Present,Present,**,*,*,**,*,Present,Present,Present,Present,Present,Present,Present,Present,Present,Present,**,Present,Present,Present,****,*,***,Present,Present,**,Present
166,LUISTRO,No Data,No Data,No Data,No Data,Present,Present,Present,Present,Present,Present,**,Suspended,Present,Present,**,Present,**,**,**,**,Present,Present,**,**,Present,Present,Present,Present,**,Present,Present,**,Present,Present,Present,**,**,**,Present,Present,Present,Present,Present,Present,Present,Present,Present,Present,Present,Present,Present,Present,Present,Present,Present,Present,Present,Present,No Data,No Data,Present,Present,Present,Present,Present,**,Present,Present,Present,Present,Present,Present,Present,Present,Present,Present,Present,Present,Present,Present,No Data,Present,Present,Present,Present,Present,Present,Present,*,*,Present,Present,Present,Present,**,Present,Present,Present,**,Present,Present,Present,*,Present,Present,Present,**,**,**,Present,Present,Present,Present,**,**,Present,*,**,*,Present,*,**,**,**,**,**,**,Present,*,Present,***,***,*,Present,Present,Present,**,**,**,Present,Present,*,Present,*,Present,Present,Present,Present,*,No Data,*,**,Present,Present,Present,Present,*,*,**,Suspended,**,*,Present,****,Present,**,Present,**,Present,**,*,Present,Present,Present,Present,Present,*,**,Present,**,*,Present,Present,*,**,*,Present,*
167,LUMAYAG,No Data,No Data,No Data,No Data,Present,Present,Present,Present,Present,Present,Present,Suspended,Present,Present,Present,Present,**,Present,Present,Present,Present,Present,Present,Present,Present,Present,Present,Present,Present,Present,Present,Present,Present,Present,Present,Present,Present,Present,Present,Present,Present,Present,Present,Present,Present,Present,Present,Present,Present,Present,Present,Present,Present,Present,Present,Present,Present,Present,No Data,No Data,Present,Present,Present,Present,Present,Present,Present,Present,Present,Present,Present,Present,Present,Present,Present,Present,Present,Present,Present,Present,No Data,Present,Present,****,Present,Present,Present,Present,Present,Present,Present,Present,****,*,Present,Present,Present,Present,Present,Present,Present,Present,Present,Present,Present,Present,Present,Present,Present,Present,Present,Present,Present,Present,**,Present,Present,Present,Present,Present,*,Present,Present,Present,Present,Present,Present,*,Present,Present,Present,Present,Present,Present,Present,Present,****,Present,Present,Present,Present,Present,Present,Present,Present,Present,****,*,Present,No Data,Present,****,Present,Present,Present,Present,Present,Present,Present,Suspended,*,Present,Present,Present,Present,Present,Present,Present,Present,***,Present,Present,*,Present,*,Present,***,****,Present,*,Present,Present,Present,Present,*,Present,*,Present
168,MACAPAGAL-ARROYO,No Data,No Data,No Data,No Data,Present,Present,Present,Present,Present,Present,Present,Suspended,Present,Present,Present,Present,Present,Present,Present,Present,Present,Present,Present,Present,Present,Present,Present,**,**,Present,Present,Present,Present,Present,Present,Present,Present,Present,Present,Present,Present,Present,Present,Present,Present,Present,Present,Present,Present,Present,Present,Present,Present,Present,Present,Present,Present,Present,No Data,No Data,Present,Present,Present,Present,Present,Present,Present,Present,Present,Present,Present,Present,Present,Present,Present,Present,Present,Present,Present,Present,No Data,Present,Present,****,Present,Present,Present,Present,Present,Present,Present,Present,**,**,**,Present,**,Present,Present,Present,**,Present,Present,**,**,**,**,**,**,Present,Present,Present,Present,Present,Present,Present,Present,Present,Present,Present,Present,****,****,Present,**,Present,**,Present,Present,**,Present,Present,Present,Present,Present,Present,Present,Present,Present,Present,*,Present,Present,Present,Present,Present,Present,Present,Present,No Data,Present,Present,Present,Present,**,Present,Present,Present,**,Suspended,**,Present,Present,Present,Present,**,Present,Present,Present,Present,Present,Present,Present,Present,Present,Present,Present,Present,Present,Present,Present,Present,Present,Present,Present,Present,Present,Present
169,MACEDA,No Data,No Data,No Data,No Data,Present,Present,Present,Present,Present,Present,Present,Suspended,**,Present,**,Present,**,**,**,**,Present,Present,Present,Present,**,Present,Present,Present,Present,Present,Present,Present,Present,Present,Present,Present,Present,Present,Present,**,Present,Present,Present,Present,Present,Present,Present,Present,Present,Present,Present,Present,Present,Present,Present,Present,Present,Present,No Data,No Data,**,Present,Present,Present,Present,Present,**,Present,Present,Present,Present,Present,**,**,Present,Present,**,Present,Present,Present,No Data,Present,Present,Present,*,*,*,Present,*,*,Present,*,*,*,*,*,*,Present,*,Present,Present,*,*,Present,Present,*,Present,*,*,Present,*,*,*,*,Present,*,*,*,*,Present,*,*,*,Present,*,*,Present,*,*,Present,*,*,*,*,Present,Present,Present,Present,*,*,*,*,*,*,Present,*,*,*,*,No Data,**,Present,*,Present,*,Present,Present,Present,**,Suspended,Present,Present,Present,Present,*,**,*,*,**,*,*,*,Present,Present,Present,Present,*,Present,Present,*,Present,*,Present,Present,Present,Present,Present,Present
170,MADRONA,No Data,No Data,No Data,No Data,Present,Present,Present,Present,Present,Present,Present,Suspended,Present,Present,Present,Present,Present,Present,Present,Present,Present,Present,Present,Present,**,Present,Present,Present,**,Present,Present,Present,Present,**,Present,Present,Present,Present,Present,Present,Present,Present,Present,Present,Present,Present,Present,Present,**,Present,Present,Present,Present,Present,Present,Present,Present,Present,No Data,No Data,Present,Present,Present,Present,Present,Present,Present,Present,Present,Present,Present,Present,Present,**,Present,Present,Present,Present,Present,Present,No Data,Present,Present,Present,Present,Present,Present,Present,Present,Present,Present,**,Present,**,*,Present,Present,Present,Present,Present,Present,Present,Present,Present,Present,Present,*,Present,Present,Present,Present,*,Present,**,**,*,Present,**,**,**,**,*,*,****,Present,Present,Present,**,**,Present,**,Present,**,Present,**,**,Present,Present,Present,Present,**,Present,****,****,**,*,Present,Present,Present,No Data,Present,Present,Present,Present,Present,Present,Present,*,Present,Suspended,Present,Present,Present,Present,Present,Present,**,**,**,****,*,***,****,Present,Present,Present,Present,***,Present,Present,Present,Present,Present,Present,Present,***,Present,Present
171,MAGSINO,No Data,No Data,No Data,No Data,Present,Present,Present,Present,Present,Present,Present,Suspended,Present,Present,**,Present,Present,Present,**,**,Present,Present,Present,Present,Present,Present,Present,**,**,Present,Present,Present,Present,**,Present,**,Present,Present,Present,Present,Present,Present,Present,Present,Present,Present,Present,Present,**,Present,Present,Present,Present,Present,Present,Present,Present,Present,No Data,No Data,Present,Present,Present,Present,Present,Present,**,Present,Present,Present,Present,Present,Present,Present,Present,Present,Present,Present,Present,Present,No Data,Present,Present,Present,Present,Present,**,**,Present,Present,Present,****,**,Present,****,****,Present,****,Present,**,****,****,Present,Present,Present,Present,*,*,****,**,**,**,*,****,Present,*,Present,*,*,Present,Present,Present,****,Present,****,Present,Present,****,*,Present,**,****,Present,Present,Present,Present,Present,****,**,**,**,*,*,*,***,*,Present,Present,*,No Data,***,***,Present,*,Present,****,**,*,Present,Suspended,**,**,****,****,Present,**,**,**,*,*,*,****,*,Present,*,***,Present,****,Present,Present,*,*,*,Present,Present,Present,Present,*
172,MALAPITAN,No Data,No Data,No Data,No Data,Present,Present,Present,Present,Present,Present,Present,Suspended,Present,Present,Present,Present,Present,**,Present,Present,**,Present,**,Present,**,Present,Present,Present,Present,Present,Present,Present,Present,Present,Present,Present,Present,Present,**,**,Present,Present,Present,Present,Present,Present,**,Present,Present,Present,Present,Present,Present,Present,Present,Present,Present,Present,No Data,No Data,Present,Present,Present,Present,Present,Present,Present,Present,Present,Present,Present,Present,Present,Present,Present,**,**,Present,Present,Present,No Data,Present,Present,Present,Present,Present,*,Present,Present,Present,Present,****,Present,Present,**,Present,Present,Present,Present,****,**,Present,*,Present,**,Present,Present,Present,****,Present,Present,****,Present,*,Present,*,Present,**,****,Present,*,Present,Present,Present,*,Present,Present,*,*,Present,****,Present,Present,****,Present,Present,*,Present,****,Present,**,Present,Present,Present,*,*,**,**,**,No Data,Present,****,****,****,Present,Present,*,Present,Present,Suspended,Present,Present,*,****,*,Present,Present,****,***,Present,Present,****,Present,Present,Present,*,*,Present,Present,Present,****,Present,Present,Present,Present,Present,Present,Present
173,MANGAOANG,No Data,No Data,No Data,No Data,Present,Present,Present,Present,Present,Present,Present,Suspended,Present,Present,**,Present,**,**,**,**,Present,Present,Present,Present,Present,**,Present,Present,Present,Present,Present,Present,Present,Present,Present,Present,Present,Present,Present,Present,Present,Present,Present,Present,Present,Present,Present,Present,Present,Present,Present,Present,Present,Present,Present,**,Present,Present,No Data,No Data,Present,Present,Present,Present,Present,Present,Present,Present,Present,Present,Present,Present,Present,Present,Present,Present,Present,Present,Present,Present,No Data,Present,Present,Present,Present,*,*,Present,****,*,Present,Present,Present,*,Present,Present,*,Present,Present,Present,Present,Present,Present,Present,Present,Present,Present,Present,*,Present,Present,Present,Present,*,*,Present,Present,Present,Present,*,Present,Present,Present,Present,Present,Present,Present,Present,Present,****,****,**,Present,Present,Present,Present,Present,Present,Present,Present,*,Present,*,Present,Present,Present,Present,Present,**,No Data,Present,Present,Present,*,Present,Present,Present,Present,Present,Suspended,Present,Present,Present,Present,Present,Present,****,Present,Present,Present,*,Present,Present,Present,Present,Present,Present,Present,Present,Present,Present,Present,Present,Present,Present,Present,Present,Present
174,MANIQUIZ,No Data,No Data,No Data,No Data,Present,Present,Present,Present,Present,Present,Present,Suspended,Present,Present,Present,**,Present,Present,**,**,Present,Present,Present,Present,Present,Present,Present,Present,Present,Present,Present,Present,Present,Present,Present,Present,Present,Present,Present,Present,Present,Present,Present,Present,Present,Present,Present,Present,Present,Present,Present,Present,Present,Present,Present,Present,Present,Present,No Data,No Data,Present,Present,Present,Present,Present,Present,Present,Present,Present,Present,Present,Present,Present,Present,Present,Present,Present,Present,Present,Present,No Data,Present,Present,**,Present,Present,*,Present,Present,Present,Present,Present,Present,Present,Present,Present,Present,Present,Present,Present,Present,Present,Present,Present,Present,Present,Present,**,Present,Present,Present,Present,Present,Present,Present,Present,Present,Present,Present,Present,Present,**,**,**,*,Present,***,Present,Present,Present,Present,Present,Present,Present,Present,Present,Present,Present,Present,Present,Present,Present,Present,Present,Present,Present,***,Present,Present,No Data,Present,Present,Present,Present,Present,Present,Present,Present,Present,Suspended,Present,Present,Present,Present,Present,**,***,***,Present,Present,*,Present,Present,Present,Present,Present,Present,Present,Present,Present,Present,Present,Present,***,Present,Present,***,Present
175,MANUEL,No Data,No Data,No Data,No Data,Present,Present,Present,Present,Present,Present,Present,Suspended,Present,Present,Present,**,Present,**,Present,Present,Present,Present,Present,Present,Present,**,Present,Present,Present,Present,Present,Present,Present,Present,Present,Present,Present,Present,Present,Present,Present,Present,Present,Present,**,Present,Present,Present,Present,Present,Present,Present,Present,Present,Present,Present,Present,Present,No Data,No Data,Present,Present,Present,Present,Present,Present,Present,Present,Present,Present,Present,Present,Present,Present,Present,Present,Present,Present,Present,Present,No Data,Present,Present,Present,Present,Present,Present,*,*,Present,Present,Present,**,Present,Present,**,*,Present,Present,Present,*,Present,Present,Present,Present,Present,*,*,Present,Present,Present,Present,*,Present,**,Present,**,**,**,Present,Present,Present,*,**,Present,****,Present,Present,Present,Present,**,*,*,*,Present,Present,Present,Present,Present,**,Present,Present,*,*,Present,*,Present,*,**,No Data,Present,Present,**,Present,**,Present,Present,**,**,Suspended,**,Present,Present,*,Present,Present,Present,Present,Present,**,Present,Present,*,Present,Present,Present,Present,**,Present,Present,**,**,**,Present,Present,Present,Present,**
176,MARAÑON,No Data,No Data,No Data,No Data,Present,Present,Present,Present,Present,Present,**,Suspended,Present,Present,Present,Present,Present,Present,Present,Present,Present,Present,Present,Present,Present,**,Present,Present,Present,Present,Present,Present,Present,Present,Present,Present,Present,Present,Present,Present,Present,Present,Present,Present,Present,Present,Present,Present,Present,Present,Present,Present,Present,Present,Present,**,Present,Present,No Data,No Data,Present,Present,Present,Present,Present,Present,Present,Present,Present,Present,Present,Present,Present,Present,Present,Present,Present,Present,Present,Present,No Data,Present,Present,Present,***,Present,Present,*,*,Present,Present,Present,Present,**,Present,*,**,Present,Present,**,**,Present,*,Present,Present,*,Present,Present,**,Present,*,Present,Present,Present,Present,Present,**,**,Present,Present,Present,*,Present,**,Present,Present,**,Present,*,Present,Present,**,Present,Present,Present,Present,Present,Present,Present,****,Present,**,Present,Present,Present,Present,****,Present,*,No Data,**,*,**,*,**,**,Present,Present,*,Suspended,Present,*,Present,Present,Present,**,**,****,Present,**,Present,Present,Present,Present,Present,Present,Present,****,Present,Present,Present,*,*,Present,Present,Present,Present,Present
177,MARCOLETA,No Data,No Data,No Data,No Data,Present,Present,Present,Present,Present,Present,**,Suspended,**,Present,Present,**,Present,**,**,Present,**,**,**,Present,Present,**,Present,Present,Present,Present,Present,Present,Present,Present,Present,Present,Present,Present,Present,Present,Present,Present,Present,Present,Present,Present,Present,Present,Present,Present,Present,Present,Present,Present,Present,Present,Present,Present,No Data,No Data,Present,Present,Present,Present,Present,Present,Present,Present,Present,Present,Present,Present,Present,Present,Present,Present,**,Present,Present,**,No Data,Present,**,Present,****,Present,Present,Present,****,****,Present,Present,*,Present,Present,Present,Present,Present,Present,Present,Present,Present,Present,Present,Present,Present,Present,Present,Present,Present,Present,Present,**,**,**,Present,Present,**,Present,Present,Present,Present,Present,Present,****,****,Present,**,**,**,**,**,Present,Present,**,**,****,****,*,Present,Present,****,Present,*,Present,Present,**,Present,*,No Data,****,Present,****,Present,**,Present,**,Present,*,Suspended,**,Present,**,*,Present,Present,****,****,****,****,*,**,****,****,****,****,****,****,***,**,*,****,****,**,**,****,****,*
178,MARCOS,No Data,No Data,No Data,No Data,Present,Present,Present,Present,Present,Present,Present,Suspended,Present,Present,Present,**,**,**,Present,Present,Present,**,**,Present,Present,Present,Present,Present,Present,Present,Present,Present,Present,Present,Present,Present,Present,Present,Present,Present,Present,Present,Present,Present,Present,Present,Present,Present,Present,Present,Present,Present,Present,Present,Present,Present,Present,Present,No Data,No Data,Present,Present,Present,Present,Present,Present,Present,Present,Present,Present,Present,Present,Present,Present,Present,Present,Present,Present,Present,Present,No Data,Present,Present,Present,Present,Present,Present,Present,**,Present,Present,Present,Present,Present,Present,**,**,**,Present,Present,**,Present,Present,Present,Present,Present,Present,Present,Present,Present,Present,Present,Present,Present,Present,Present,Present,Present,Present,Present,Present,Present,Present,Present,Present,Present,Present,Present,Present,Present,Present,Present,Present,Present,**,Present,Present,Present,Present,Present,Present,Present,Present,Present,Present,Present,Present,Present,Present,No Data,Present,Present,Present,Present,Present,Present,Present,Present,Present,Suspended,Present,Present,**,Present,Present,**,Present,Present,Present,Present,Present,Present,Present,Present,Present,Present,Present,Present,Present,Present,**,**,Present,Present,Present,Present,Present,Present
179,MARIANO-HERNANDEZ,No Data,No Data,No Data,No Data,Present,Present,Present,Present,Present,Present,Present,Suspended,Present,Present,**,Present,**,Present,**,Present,Present,Present,Present,Present,**,Present,Present,**,**,Present,Present,Present,Present,Present,Present,**,Present,Present,Present,Present,Present,Present,Present,Present,Present,Present,Present,Present,Present,Present,Present,Present,Present,Present,Present,Present,Present,Present,No Data,No Data,Present,Present,Present,Present,Present,**,Present,Present,Present,Present,Present,Present,Present,Present,Present,Present,Present,Present,Present,Present,No Data,Present,Present,*,*,*,*,Present,Present,*,Present,*,*,*,*,**,**,**,**,**,**,Present,*,Present,**,**,*,Present,**,Present,**,*,**,Present,*,***,Present,Present,*,*,*,*,*,**,Present,*,Present,Present,*,****,Present,****,*,**,Present,Present,**,***,**,**,**,*,***,***,Present,****,****,*,*,No Data,****,*,*,**,**,****,****,*,***,Suspended,Present,****,Present,**,Present,**,***,***,Present,**,Present,**,**,Present,**,Present,**,**,*,****,*,****,****,Present,*,Present,*,*
180,MARIÑO,No Data,No Data,No Data,No Data,Present,Present,Present,Present,Present,Present,Present,Suspended,**,Present,Present,Present,Present,Present,**,**,Present,**,**,Present,Present,Present,Present,Present,Present,Present,Present,Present,Present,Present,Present,Present,Present,Present,Present,Present,Present,Present,Present,Present,Present,Present,Present,Present,Present,Present,Present,Present,Present,Present,Present,Present,Present,Present,No Data,No Data,Present,Present,Present,Present,Present,**,Present,Present,Present,Present,Present,Present,Present,Present,Present,Present,Present,Present,Present,Present,No Data,Present,Present,Present,Present,Present,**,**,Present,Present,Present,*,****,*,*,Present,Present,Present,*,Present,*,**,**,Present,Present,*,*,*,*,Present,Present,Present,Present,Present,Present,Present,*,****,*,****,Present,Present,Present,*,****,Present,Present,Present,*,Present,**,*,Present,****,**,Present,*,Present,Present,Present,****,*,*,****,*,*,**,**,*,No Data,****,****,*,****,**,****,*,Present,****,Suspended,**,***,**,****,Present,*,Present,****,****,*,****,***,**,****,**,**,*,**,****,****,****,****,****,****,*,Present,**,*
181,MARQUEZ,No Data,No Data,No Data,No Data,Present,Present,Present,Present,Present,Present,Present,Suspended,Present,Present,Present,Present,Present,Present,Present,Present,Present,Present,Present,Present,Present,**,Present,Present,Present,Present,Present,Present,Present,Present,Present,**,Present,Present,Present,Present,Present,Present,Present,Present,Present,Present,Present,Present,Present,Present,Present,Present,Present,Present,Present,Present,Present,Present,No Data,No Data,Present,Present,Present,Present,Present,Present,Present,Present,Present,Present,Present,Present,Present,Present,Present,Present,Present,Present,Present,Present,No Data,Present,Present,Present,Present,Present,Present,Present,**,**,Present,***,Present,Present,Present,Present,Present,Present,*,Present,**,Present,*,Present,Present,Present,Present,Present,Present,Present,Present,**,Present,*,**,Present,Present,Present,**,Present,Present,*,*,*,Present,Present,Present,Present,**,Present,**,Present,Present,Present,Present,Present,Present,Present,Present,Present,****,*,Present,****,Present,Present,*,*,Present,No Data,Present,Present,Present,Present,*,Present,Present,Present,Present,Suspended,**,Present,Present,****,Present,Present,*,****,Present,****,Present,Present,Present,Present,*,Present,Present,****,Present,****,Present,Present,*,Present,Present,Present,Present,*
182,MARTINEZ,No Data,No Data,No Data,No Data,Present,Present,Present,Present,Present,Present,Present,Suspended,Present,Present,Present,Present,Present,Present,Present,Present,Present,Present,Present,Present,Present,Present,Present,Present,Present,Present,Present,Present,Present,Present,Present,Present,Present,Present,Present,Present,Present,Present,Present,Present,Present,Present,Present,Present,Present,Present,Present,Present,Present,Present,Present,Present,Present,Present,No Data,No Data,Present,Present,Present,Present,Present,Present,Present,Present,Present,Present,Present,Present,Present,**,Present,Present,Present,Present,Present,Present,No Data,Present,Present,Present,****,*,Present,****,****,*,Present,****,****,*,****,**,****,****,****,****,****,*,*,Present,Present,*,****,****,****,****,****,*,*,****,****,*,****,****,*,****,****,****,****,*,****,****,Present,Present,****,****,****,Present,*,****,Present,*,****,*,**,**,***,**,****,****,*,****,****,Present,*,No Data,Present,**,****,****,Present,****,**,Present,*,Suspended,****,****,****,****,*,*,****,****,Present,****,*,****,****,****,*,****,****,****,****,****,****,****,****,****,****,***,***,*
183,MASTURA,No Data,No Data,No Data,No Data,Present,Present,Present,Present,Present,Present,Present,Suspended,Present,Present,**,Present,**,**,**,**,Present,**,Present,Present,Present,Present,**,Present,**,Present,Present,**,Present,Present,Present,Present,Present,Present,Present,Present,Present,Present,Present,Present,Present,Present,Present,Present,Present,Present,Present,Present,Present,Present,Present,Present,Present,Present,No Data,No Data,Present,Present,Present,Present,Present,Present,Present,Present,Present,Present,Present,Present,Present,Present,Present,Present,Present,Present,Present,Present,No Data,Present,Present,Present,*,*,*,*,Present,*,Present,****,*,*,****,Present,Present,**,**,**,****,*,*,Present,Present,Present,*,*,****,Present,*,*,*,Present,*,Present,*,*,Present,*,*,Present,Present,****,*,Present,****,*,*,Present,*,*,****,*,Present,Present,Present,Present,***,***,***,*,****,Present,Present,*,****,Present,*,No Data,****,****,Present,****,****,*,****,*,*,Suspended,*,****,Present,*,*,*,Present,Present,****,*,****,****,****,****,Present,*,Present,****,Present,*,*,****,****,Present,*,Present,****,*
184,MATIBAG,No Data,No Data,No Data,No Data,Present,Present,Present,Present,Present,Present,Present,Suspended,**,Present,**,Present,**,Present,**,**,Present,**,**,Present,Present,Present,**,**,Present,Present,Present,Present,Present,Present,Present,Present,Present,Present,Present,Present,Present,Present,Present,Present,Present,Present,Present,Present,Present,Present,Present,Present,Present,Present,Present,**,Present,Present,No Data,No Data,Present,Present,Present,Present,Present,**,Present,Present,Present,Present,Present,Present,**,Present,Present,Present,Present,Present,Present,Present,No Data,Present,Present,Present,Present,Present,*,Present,*,Present,Present,Present,****,***,Present,Present,Present,**,**,**,***,*,*,Present,Present,*,Present,Present,*,Present,Present,***,Present,Present,*,Present,***,*,*,*,*,Present,*,*,Present,*,Present,Present,****,Present,**,*,Present,Present,Present,Present,*,*,**,**,**,**,*,Present,*,*,**,Present,Present,No Data,****,****,***,***,***,*,****,*,**,Suspended,*,****,Present,*,*,**,*,*,Present,Present,*,Present,*,Present,Present,*,Present,*,*,*,***,****,Present,Present,*,Present,Present,Present
185,MATUGAS,No Data,No Data,No Data,No Data,Present,Present,Present,Present,Present,Present,Present,Suspended,**,Present,Present,Present,Present,Present,Present,Present,Present,Present,Present,Present,Present,Present,Present,Present,Present,Present,Present,**,Present,Present,Present,Present,Present,Present,Present,Present,Present,Present,Present,Present,Present,Present,Present,Present,Present,Present,Present,Present,Present,Present,Present,Present,Present,Present,No Data,No Data,Present,Present,Present,Present,Present,Present,Present,Present,Present,Present,Present,Present,Present,Present,Present,Present,Present,Present,Present,Present,No Data,Present,Present,Present,****,****,Present,Present,Present,****,Present,Present,****,****,****,****,****,****,**,**,Present,****,*,Present,Present,Present,****,Present,Present,****,****,****,Present,Present,****,Present,Present,**,****,Present,*,Present,****,****,****,Present,Present,Present,****,Present,**,Present,Present,Present,Present,Present,Present,Present,****,****,****,Present,Present,Present,*,Present,****,Present,*,No Data,****,**,****,Present,****,*,****,Present,*,Suspended,**,Present,*,*,Present,*,****,Present,***,***,Present,Present,Present,Present,Present,Present,Present,**,Present,**,****,**,****,****,*,****,Present,*
186,MENDOZA,No Data,No Data,No Data,No Data,Present,Present,Present,Present,Present,Present,Present,Suspended,Present,Present,Present,Present,Present,Present,Present,Present,Present,Present,Present,Present,Present,Present,Present,Present,Present,Present,Present,Present,Present,Present,Present,Present,Present,Present,Present,Present,Present,Present,Present,Present,Present,Present,Present,Present,Present,Present,Present,Present,Present,Present,Present,Present,Present,Present,No Data,No Data,Present,Present,Present,Present,Present,Present,Present,Present,Present,Present,Present,Present,Present,Present,Present,Present,Present,Present,Present,Present,No Data,Present,Present,****,****,*,**,**,*,**,Present,**,Present,**,**,**,*,**,**,Present,Present,*,*,Present,Present,Present,**,**,**,Present,**,*,**,**,**,****,Present,Present,***,Present,*,Present,*,****,*,*,Present,*,Present,****,****,****,*,Present,Present,*,****,Present,****,*,*,Present,Present,*,****,*,****,****,*,No Data,**,**,**,****,****,Present,*,Present,*,Suspended,****,**,Present,*,Present,**,****,*,Present,Present,*,Present,****,**,**,****,*,****,Present,Present,**,**,**,*,Present,Present,Present,Present
187,MERCADO,No Data,No Data,No Data,No Data,Present,Present,Present,Present,Present,Present,Present,Suspended,Present,Present,Present,Present,Present,Present,Present,Present,Present,Present,Present,Present,Present,Present,Present,Present,Present,Present,Present,Present,Present,Present,Present,Present,Present,Present,Present,Present,Present,Present,Present,Present,Present,Present,Present,Present,Present,Present,Present,Present,Present,Present,Present,Present,Present,Present,No Data,No Data,Present,Present,Present,Present,Present,Present,Present,Present,Present,Present,Present,Present,Present,Present,Present,Present,Present,Present,Present,Present,No Data,Present,Present,Present,Present,***,Present,Present,Present,***,Present,Present,***,*,Present,Present,Present,***,Present,Present,Present,Present,*,Present,Present,Present,Present,****,****,Present,*,**,***,Present,****,*,****,Present,Present,Present,Present,Present,Present,Present,***,***,***,Present,*,***,***,***,Present,Present,Present,Present,Present,****,Present,*,****,Present,Present,*,Present,Present,***,***,Present,No Data,Present,****,****,Present,*,****,****,*,****,Suspended,*,Present,****,Present,*,**,Present,Present,Present,****,***,Present,***,***,*,Present,*,***,***,***,***,****,****,****,Present,Present,Present,Present
188,MERCADO-REVILLA,No Data,No Data,No Data,No Data,Present,Present,Present,Present,Present,Present,Present,Suspended,Present,Present,Present,Present,Present,**,Present,Present,**,Present,**,Present,Present,Present,Present,Present,Present,Present,Present,Present,Present,Present,Present,Present,Present,Present,**,**,Present,Present,Present,Present,Present,Present,**,Present,Present,Present,Present,Present,Present,Present,Present,Present,Present,Present,No Data,No Data,Present,Present,Present,Present,Present,Present,Present,Present,Present,Present,Present,Present,Present,Present,Present,**,**,Present,Present,**,No Data,Present,Present,Present,****,*,Present,Present,Present,****,Present,Present,Present,Present,**,Present,Present,Present,Present,*,**,Present,*,Present,**,*,Present,Present,Present,Present,Present,Present,Present,****,Present,Present,Present,**,Present,Present,Present,Present,Present,***,***,***,***,***,***,Present,*,****,*,Present,Present,Present,Present,**,****,**,Present,Present,Present,****,Present,Present,Present,**,Present,No Data,**,****,**,****,**,Present,**,**,Present,Suspended,Present,Present,****,**,Present,**,Present,*,Present,Present,Present,**,Present,Present,*,**,**,**,Present,Present,*,**,Present,Present,Present,Present,**,Present
189,MIGUEL,No Data,No Data,No Data,No Data,Present,Present,Present,Present,Present,Present,Present,Suspended,Present,Present,**,Present,**,Present,Present,Present,Present,Present,Present,Present,Present,Present,Present,Present,Present,Present,Present,Present,Present,Present,Present,Present,Present,Present,Present,Present,Present,Present,Present,Present,Present,Present,Present,Present,Present,Present,Present,Present,Present,Present,Present,Present,Present,Present,No Data,No Data,Present,Present,Present,Present,**,**,Present,Present,Present,Present,Present,Present,Present,Present,Present,Present,Present,Present,Present,Present,No Data,Present,Present,**,**,**,**,**,**,Present,Present,Present,Present,Present,Present,**,Present,**,*,Present,*,Present,*,Present,Present,Present,*,*,Present,Present,*,*,*,Present,Present,*,*,*,*,*,Present,*,*,**,*,****,Present,Present,*,****,Present,Present,*,Present,Present,Present,Present,*,Present,*,*,*,*,*,*,Present,*,*,Present,No Data,*,*,*,Present,Present,Present,*,Present,*,Suspended,**,Present,*,Present,*,*,***,***,*,**,*,*,Present,Present,*,*,*,****,Present,*,*,*,Present,Present,*,*,*,**
190,MOMO,No Data,No Data,No Data,No Data,Present,Present,Present,Present,Present,Present,Present,Suspended,Present,Present,Present,**,Present,Present,Present,Present,Present,Present,Present,Present,Present,**,Present,Present,Present,Present,Present,Present,Present,Present,Present,**,Present,Present,Present,Present,Present,Present,Present,Present,Present,Present,Present,Present,Present,Present,Present,Present,Present,Present,Present,Present,Present,Present,No Data,No Data,Present,Present,Present,Present,Present,**,**,Present,Present,Present,Present,Present,Present,Present,Present,Present,Present,Present,Present,Present,No Data,Present,Present,Present,Present,Present,****,****,Present,*,Present,**,**,*,**,*,Present,**,****,**,Present,Present,**,Present,Present,Present,*,*,Present,**,**,**,*,*,**,*,Present,*,***,Present,Present,Present,*,*,Present,Present,Present,*,***,Present,Present,Present,Present,Present,Present,Present,Present,Present,*,Present,Present,Present,*,Present,*,Present,Present,***,*,No Data,Present,*,****,****,****,Present,**,**,*,Suspended,****,****,Present,*,Present,**,**,**,*,*,Present,****,*,****,Present,Present,*,Present,Present,*,Present,Present,Present,****,Present,Present,Present,Present
191,MORDEN,No Data,No Data,No Data,No Data,Present,Present,Present,Present,Present,Present,Present,Suspended,Present,Present,Present,Present,Present,Present,Present,Present,Present,Present,Present,Present,Present,Present,Present,Present,Present,Present,Present,Present,Present,Present,Present,Present,Present,Present,Present,Present,Present,Present,Present,Present,Present,Present,Present,Present,Present,Present,Present,Present,Present,Present,Present,Present,Present,Present,No Data,No Data,Present,Present,Present,Present,Present,Present,Present,Present,Present,Present,Present,Present,Present,Present,Present,Present,Present,Present,Present,Present,No Data,Present,Present,Present,****,Present,Present,Present,Present,Present,Present,Present,Present,Present,Present,*,Present,Present,Present,Present,Present,Present,Present,Present,Present,Present,Present,Present,Present,Present,Present,Present,Present,Present,Present,Present,Present,Present,Present,Present,Present,Present,Present,Present,Present,****,Present,Present,*,Present,Present,Present,Present,Present,Present,Present,Present,Present,Present,Present,Present,Present,Present,Present,Present,Present,Present,Present,Present,No Data,Present,Present,Present,Present,Present,Present,Present,Present,Present,Suspended,*,Present,Present,Present,*,**,**,Present,Present,Present,Present,Present,Present,Present,Present,Present,Present,Present,Present,Present,Present,Present,Present,Present,Present,****,****,****
192,NAVA,No Data,No Data,No Data,No Data,Present,Present,Present,Present,Present,Present,Present,Suspended,Present,Present,Present,Present,**,**,**,Present,Present,Present,**,Present,Present,**,Present,**,Present,Present,Present,Present,Present,Present,Present,Present,Present,Present,Present,Present,Present,Present,Present,Present,Present,Present,Present,Present,Present,Present,Present,Present,Present,Present,Present,Present,Present,Present,No Data,No Data,Present,Present,Present,Present,Present,Present,Present,Present,Present,Present,Present,Present,Present,Present,Present,Present,Present,Present,Present,Present,No Data,Present,Present,*,Present,*,*,*,Present,Present,Present,**,**,**,Present,*,Present,**,**,Present,Present,**,Present,Present,Present,Present,Present,**,**,Present,Present,**,**,**,*,*,*,Present,**,Present,Present,**,Present,*,Present,Present,Present,*,*,Present,Present,Present,Present,Present,Present,Present,Present,*,*,Present,Present,**,*,Present,Present,**,Present,Present,**,No Data,Present,Present,Present,Present,Present,Present,Present,Present,Present,Suspended,Present,Present,Present,Present,*,**,Present,Present,Present,Present,Present,Present,*,Present,Present,Present,Present,Present,Present,Present,Present,Present,Present,Present,Present,*,Present,**
193,NISAY,No Data,No Data,No Data,No Data,Present,Present,Present,Present,Present,Present,Present,Suspended,Present,Present,Present,Present,Present,Present,Present,Present,Present,Present,Present,Present,Present,Present,Present,Present,Present,Present,Present,Present,Present,Present,Present,Present,Present,Present,Present,Present,Present,Present,Present,Present,Present,Present,Present,Present,Present,Present,Present,Present,Present,Present,Present,Present,Present,Present,No Data,No Data,Present,Present,Present,Present,Present,Present,Present,Present,Present,Present,Present,Present,Present,Present,Present,Present,Present,Present,Present,Present,No Data,Present,Present,*,Present,Present,Present,**,*,Present,Present,Present,Present,Present,Present,Present,Present,Present,Present,Present,*,Present,Present,Present,Present,Present,**,**,**,Present,**,**,*,*,*,**,Present,*,Present,*,Present,Present,Present,Present,Present,****,Present,Present,Present,Present,*,Present,Present,Present,Present,*,Present,Present,*,*,Present,*,*,**,**,Present,*,**,Present,No Data,Present,**,Present,**,**,Present,**,**,*,Suspended,Present,****,Present,Present,Present,*,Present,Present,Present,*,Present,Present,*,Present,Present,Present,Present,Present,*,Present,Present,Present,Present,*,*,Present,Present,**
194,NOEL,No Data,No Data,No Data,No Data,Present,Present,Present,Present,Present,Present,Present,Suspended,Present,Present,Present,Present,Present,Present,Present,Present,Present,Present,Present,Present,Present,Present,Present,Present,Present,Present,Present,Present,Present,Present,Present,Present,Present,Present,Present,Present,Present,Present,Present,Present,Present,Present,Present,Present,Present,Present,Present,Present,Present,Present,Present,Present,Present,Present,No Data,No Data,Present,Present,Present,Present,Present,Present,Present,Present,Present,Present,Present,Present,Present,Present,Present,Present,Present,Present,Present,Present,No Data,Present,Present,Present,Present,Present,Present,Present,Present,Present,Present,Present,Present,Present,Present,Present,Present,Present,**,Present,Present,Present,Present,Present,Present,Not Listed,Not Listed,Not Listed,Not Listed,Not Listed,Not Listed,Not Listed,Not Listed,Not Listed,Not Listed,Not Listed,Not Listed,Not Listed,Not Listed,Not Listed,Not Listed,Not Listed,Not Listed,Not Listed,Not Listed,Not Listed,Not Listed,Not Listed,Not Listed,Not Listed,Not Listed,Not Listed,Not Listed,Not Listed,Not Listed,Not Listed,Not Listed,Not Listed,Not Listed,Not Listed,Not Listed,Not Listed,Not Listed,Not Listed,Not Listed,Not Listed,Not Listed,Not Listed,Not Listed,No Data,Not Listed,Not Listed,Not Listed,Not Listed,Not Listed,Not Listed,Not Listed,Not Listed,Not Listed,Suspended,Not Listed,Not Listed,Not Listed,Not Listed,Not Listed,Not Listed,Not Listed,Not Listed,Not Listed,Not Listed,Not Listed,Not Listed,Not Listed,Not Listed,Not Listed,Not Listed,Not Listed,Not Listed,Not Listed,Not Listed,Not Listed,Not Listed,Not Listed,Not Listed,Not Listed,Not Listed,Not Listed,Not Listed
195,NOGRALES,No Data,No Data,No Data,No Data,Present,Present,Present,Present,Present,Present,Present,Suspended,Present,Present,Present,Present,Present,**,Present,Present,Present,Present,Present,Present,Present,Present,Present,Present,Present,Present,Present,Present,Present,Present,Present,Present,Present,Present,Present,Present,Present,Present,Present,Present,Present,Present,Present,Present,Present,Present,Present,Present,Present,Present,Present,Present,Present,Present,No Data,No Data,Present,Present,Present,Present,Present,Present,Present,Present,Present,Present,Present,Present,Present,Present,Present,Present,Present,Present,Present,Present,No Data,Present,Present,****,Present,****,****,****,Present,****,Present,Present,****,****,*,****,****,**,**,*,****,****,*,Present,Present,*,*,****,****,****,****,****,*,****,*,*,*,****,****,Present,****,****,*,****,****,****,Present,****,****,***,****,****,****,****,****,Present,Present,****,****,*,Present,*,****,****,****,****,****,****,Present,No Data,****,****,*,****,****,****,****,**,****,Suspended,**,*,**,*,*,*,****,****,****,****,****,****,Present,Present,****,****,*,****,****,**,****,****,****,*,*,**,**,**
196,NOGRALES-ALMARIO,No Data,No Data,No Data,No Data,Present,Present,Present,Present,Present,Present,Present,Suspended,**,Present,Present,Present,Present,Present,Present,**,Present,Present,Present,Present,**,Present,Present,**,Present,Present,Present,Present,Present,Present,Present,Present,Present,Present,Present,Present,Present,Present,Present,Present,**,**,**,Present,Present,Present,Present,Present,Present,Present,Present,Present,Present,Present,No Data,No Data,Present,Present,Present,Present,Present,Present,Present,Present,**,**,**,Present,Present,Present,Present,Present,Present,Present,Present,**,No Data,Present,Present,Present,Present,Present,Present,Present,**,Present,Present,Present,**,*,*,****,****,*,**,**,**,Present,Present,Present,**,Present,Present,****,****,Present,Present,Present,*,Present,**,**,****,**,Present,Present,*,****,*,**,*,Present,**,Present,Present,****,**,**,Present,Present,Present,**,****,Present,****,**,*,Present,Present,Present,****,*,**,****,*,No Data,Present,**,****,Present,****,Present,Present,****,**,Suspended,****,****,****,****,*,Present,****,Present,****,****,*,Present,Present,Present,*,****,*,****,Present,****,****,****,****,****,*,****,****,****
197,NOLASCO,No Data,No Data,No Data,No Data,Present,Present,Present,Present,Present,Present,Present,Suspended,Present,Present,Present,Present,Present,Present,Present,Present,Present,Present,Present,Present,Present,Present,Present,Present,Present,Present,Present,Present,Present,Present,Present,Present,Present,Present,Present,Present,Present,Present,Present,Present,Present,Present,Present,Present,Present,Present,Present,Present,Present,Present,Present,Present,Present,Present,No Data,No Data,Present,Present,Present,Present,Present,Present,Present,Present,Present,Present,Present,Present,Present,Present,Present,Present,Present,Present,Present,Present,No Data,Present,Present,Present,Present,Present,Present,Present,Present,Present,Present,Present,Present,Present,Present,Present,Present,Present,Present,Present,Present,****,*,Present,Present,Present,Present,Present,*,Present,Present,*,****,****,****,Present,Present,****,Present,****,****,Present,**,**,**,**,**,**,****,Present,Present,Present,Present,Present,Present,Present,Present,Present,Present,*,Present,Present,Present,Present,Present,Present,Present,Present,Present,No Data,Present,Present,Present,Present,Present,*,Present,Present,Present,Suspended,*,****,****,****,*,Present,**,**,**,**,Present,****,Present,****,****,Present,Present,****,Present,Present,Present,Present,*,*,Present,***,***,*
198,OAMINAL,No Data,No Data,No Data,No Data,Present,Present,Present,Present,Present,Present,Present,Suspended,**,Present,**,**,Present,Present,Present,Present,Present,Present,Present,Present,Present,**,Present,Present,Present,Present,Present,Present,Present,Present,Present,Present,Present,Present,Present,Present,Present,Present,Present,Present,Present,Present,Present,Present,Present,Present,Present,Present,Present,Present,Present,Present,Present,Present,No Data,No Data,Present,Present,Present,Present,Present,Present,Present,Present,Present,Present,Present,Present,Present,Present,Present,Present,Present,Present,Present,Present,No Data,Present,Present,Present,*,*,****,Present,****,*,Present,*,Present,Present,Present,Present,****,*,Present,*,****,Present,*,Present,Present,Present,Present,Present,Present,*,*,*,*,Present,****,Present,Present,Present,*,*,*,*,*,****,****,****,****,Present,Present,*,****,Present,Present,Present,Present,*,Present,Present,*,*,Present,*,****,Present,Present,*,*,Present,Present,No Data,**,**,****,****,*,**,Present,*,*,Suspended,Present,*,Present,Present,Present,*,***,***,*,*,*,****,*,****,Present,*,*,****,**,*,*,*,*,*,*,Present,Present,*
199,OLASO,No Data,No Data,No Data,No Data,Present,Present,Present,Present,Present,Present,Present,Suspended,Present,Present,Present,Present,Present,Present,Present,**,Present,Present,Present,Present,Present,Present,Present,Present,Present,Present,Present,Present,Present,Present,Present,Present,Present,Present,Present,Present,Present,Present,Present,Present,Present,Present,Present,Present,Present,Present,Present,Present,Present,Present,Present,Present,Present,Present,No Data,No Data,Present,Present,Present,Present,Present,Present,Present,Present,Present,Present,Present,Present,Present,Present,Present,Present,Present,Present,Present,Present,No Data,Present,Present,****,**,**,**,**,Present,Present,Present,Present,Present,Present,Present,Present,Present,Present,Present,Present,Present,Present,Present,Present,Present,Present,Present,Present,****,Present,****,****,**,**,**,**,****,*,****,****,*,*,Present,****,*,*,Present,*,*,**,**,**,*,*,Present,*,****,****,Present,*,*,Present,**,**,Present,****,****,****,*,No Data,****,*,*,****,****,*,****,*,****,Suspended,*,*,**,Present,**,**,*,*,Present,****,****,*,****,****,****,*,*,****,Present,*,**,**,**,****,*,**,**,**
200,OLIVAREZ,No Data,No Data,No Data,No Data,Present,Present,Present,Present,Present,Present,Present,Suspended,Present,Present,Present,Present,Present,Present,Present,Present,Present,Present,Present,Present,Present,Present,Present,Present,Present,Present,Present,Present,Present,Present,Present,Present,Present,Present,Present,Present,Present,Present,Present,Present,Present,Present,Present,Present,Present,Present,Present,Present,Present,Present,Present,Present,Present,Present,No Data,No Data,Present,Present,Present,Present,Present,Present,Present,Present,Present,Present,Present,Present,Present,Present,Present,Present,Present,Present,Present,**,No Data,Present,Present,Present,****,Present,Present,Present,Present,Present,Present,*,**,Present,**,Present,*,Present,Present,**,****,Present,Present,Present,Present,Present,Present,Present,**,Present,Present,Present,Present,Present,Present,*,Present,Present,*,Present,Present,Present,Present,**,Present,Present,****,Present,Present,Present,Present,Present,Present,*,Present,Present,Present,Present,Present,**,Present,*,Present,Present,Present,Present,Present,Present,Present,No Data,****,**,Present,****,Present,*,Present,Present,*,Suspended,Present,Present,Present,Present,Present,Present,*,Present,Present,Present,Present,Present,Present,Present,Present,Present,Present,Present,Present,Present,Present,Present,Present,Present,Present,Present,Present,Present
201,ONGCHUAN,No Data,No Data,No Data,No Data,Present,Present,Present,Present,Present,Present,Present,Suspended,Present,Present,Present,Present,Present,Present,Present,Present,Present,Present,Present,Present,Present,Present,Present,Present,Present,Present,Present,**,Present,Present,Present,Present,Present,Present,Present,Present,Present,Present,Present,Present,Present,Present,Present,Present,Present,Present,Present,Present,Present,Present,Present,Present,Present,Present,No Data,No Data,Present,Present,Present,Present,Present,Present,Present,Present,Present,Present,Present,Present,Present,Present,Present,Present,Present,Present,Present,Present,No Data,Present,Present,Present,Present,Present,Present,Present,**,Present,Present,Present,**,Present,Present,Present,Present,****,Present,Present,Present,*,*,Present,Present,*,Present,Present,Present,Present,Present,****,Present,Present,****,**,Present,Present,****,Present,Present,Present,**,**,Present,****,Present,Present,Present,Present,****,****,Present,Present,**,*,Present,Present,Present,****,****,Present,Present,Present,Present,Present,Present,*,*,No Data,Present,Present,Present,****,****,****,****,****,Present,Suspended,****,****,****,****,Present,Present,Present,**,**,**,*,**,**,Present,Present,****,Present,Present,*,****,****,****,Present,*,Present,***,*,Present
202,ORDANES,No Data,No Data,No Data,No Data,Present,Present,Present,Present,Present,Present,Present,Suspended,Present,Present,Present,Present,Present,Present,Present,Present,Present,Present,**,Present,**,Present,Present,Present,Present,Present,Present,**,Present,Present,Present,Present,Present,Present,Present,Present,Present,Present,Present,Present,Present,Present,Present,Present,Present,Present,Present,Present,Present,Present,Present,Present,Present,Present,No Data,No Data,Present,Present,Present,Present,Present,Present,Present,Present,Present,Present,Present,Present,Present,**,Present,Present,Present,Present,Present,Present,No Data,Present,Present,Present,Present,Present,Present,Present,Present,Present,Present,Present,Present,Present,Present,*,Present,Present,Present,Present,Present,Present,*,Present,Present,Present,Present,Present,****,Present,*,Present,Present,Present,Present,Present,Present,Present,*,****,Present,Present,*,Present,Present,Present,****,Present,*,Present,Present,*,*,*,Present,Present,Present,Present,*,Present,****,Present,Present,Present,Present,Present,*,****,****,No Data,****,****,****,****,****,****,****,*,Present,Suspended,Present,Present,Present,Present,Present,Present,Present,Present,*,Present,Present,*,*,Present,Present,Present,Present,Present,Present,**,Present,**,*,Present,*,Present,****,Present
203,ORTEGA,No Data,No Data,No Data,No Data,Present,Present,Present,Present,Present,Present,Present,Suspended,Present,Present,Present,Present,Present,Present,Present,Present,Present,Present,Present,Present,Present,Present,Present,Present,Present,Present,Present,Present,Present,Present,Present,Present,Present,Present,Present,Present,Present,Present,Present,Present,Present,Present,Present,Present,Present,Present,Present,Present,Present,Present,Present,Present,Present,Present,No Data,No Data,Present,Present,Present,Present,Present,Present,Present,Present,Present,Present,Present,Present,**,Present,Present,Present,Present,Present,Present,Present,No Data,Present,Present,Present,Present,Present,****,Present,Present,Present,Present,Present,Present,Present,Present,Present,Present,Present,Present,Present,Present,Present,*,Present,Present,Present,Present,Present,Present,Present,Present,Present,**,Present,Present,Present,Present,Present,Present,Present,*,Present,*,Present,Present,Present,Present,Present,Present,*,Present,Present,Present,Present,Present,Present,Present,Present,Present,Present,Present,Present,Present,Present,Present,Present,Present,Present,Present,No Data,Present,Present,Present,*,Present,Present,Present,Present,**,Suspended,*,*,Present,*,Present,Present,Present,**,**,**,Present,Present,Present,Present,Present,Present,Present,****,Present,**,*,Present,**,Present,Present,Present,Present,**
204,OUANO-DIZON,No Data,No Data,No Data,No Data,Present,Present,Present,Present,Present,Present,Present,Suspended,Present,Present,**,Present,**,Present,**,Present,Present,Present,Present,Present,Present,Present,Present,**,**,Present,Present,**,Present,Present,Present,Present,Present,Present,Present,Present,Present,Present,Present,Present,Present,Present,Present,Present,Present,Present,Present,Present,Present,Present,Present,Present,Present,Present,No Data,No Data,Present,Present,Present,Present,Present,Present,Present,Present,Present,Present,Present,Present,Present,Present,Present,Present,Present,Present,Present,Present,No Data,Present,Present,Present,Present,Present,Present,Present,**,**,Present,**,**,**,**,Present,Present,Present,**,Present,Present,*,*,Present,Present,*,**,**,**,Present,*,Present,Present,Present,Present,**,Present,*,*,Present,*,**,**,**,**,**,**,Present,Present,Present,Present,****,**,**,Present,*,Present,**,*,Present,*,Present,**,**,Present,Present,Present,*,Present,No Data,Present,*,****,****,*,*,****,*,****,Suspended,**,****,*,****,*,**,Present,*,Present,****,*,*,*,*,Present,Present,*,*,Present,Present,Present,Present,*,Present,**,****,****,****
205,PADIERNOS,No Data,No Data,No Data,No Data,Present,Present,Present,Present,Present,Present,**,Suspended,Present,Present,**,Present,**,**,**,**,Present,Present,**,Present,Present,**,Present,Present,Present,Present,Present,Present,Present,**,Present,Present,Present,Present,**,**,Present,Present,Present,Present,Present,Present,**,Present,Present,Present,Present,Present,Present,Present,Present,Present,Present,Present,No Data,No Data,Present,Present,Present,Present,Present,Present,Present,Present,Present,Present,Present,Present,**,Present,Present,**,**,Present,Present,**,No Data,Present,Present,****,****,****,*,**,Present,Present,Present,***,****,*,****,****,****,****,Present,****,**,****,*,Present,Present,Present,Present,Present,Present,Present,Present,**,**,**,**,Present,Present,**,Present,Present,Present,Present,Present,Present,Present,Present,*,Present,Present,Present,Present,Present,Present,Present,Present,*,Present,**,Present,Present,Present,Present,Present,Present,Present,Present,Present,**,**,No Data,Present,Present,Present,Present,**,Present,Present,Present,Present,Suspended,Present,Present,Present,Present,Present,*,Present,Present,Present,***,Present,Present,Present,Present,Present,Present,Present,**,***,Present,Present,Present,Present,Present,**,****,**,**
206,PADUANO,No Data,No Data,No Data,No Data,Present,Present,Present,Present,Present,Present,**,Suspended,Present,Present,**,Present,**,Present,**,**,Present,Present,Present,Present,Present,**,Present,Present,Present,Present,**,Present,Present,Present,Present,Present,Present,Present,Present,**,Present,Present,Present,Present,**,Present,Present,Present,**,Present,Present,Present,Present,Present,Present,Present,Present,Present,No Data,No Data,Present,Present,Present,Present,Present,Present,Present,Present,Present,Present,Present,Present,Present,Present,Present,Present,**,Present,Present,**,No Data,Present,**,Present,Present,Present,*,Present,**,Present,Present,Present,Present,Present,*,Present,Present,*,Present,*,Present,*,Present,Present,Present,Present,Present,Present,Present,*,*,*,*,Present,**,**,*,**,**,Present,Present,***,***,Present,Present,**,Present,*,*,*,**,*,****,****,Present,Present,Present,Present,Present,**,*,Present,Present,**,Present,*,**,**,Present,No Data,*,**,****,*,**,**,****,**,**,Suspended,**,*,Present,**,**,Present,Present,**,**,**,Present,Present,**,Present,**,Present,Present,**,***,*,Present,**,**,**,Present,Present,Present,**
207,PAGLAS,No Data,No Data,No Data,No Data,Present,Present,Present,Present,Present,Present,**,Suspended,Present,Present,Present,Present,Present,Present,**,Present,Present,Present,Present,Present,Present,Present,Present,Present,Present,Present,Present,Present,Present,Present,Present,Present,Present,Present,Present,Present,Present,Present,Present,Present,Present,Present,Present,Present,Present,Present,Present,Present,Present,Present,Present,Present,Present,Present,No Data,No Data,Present,Present,Present,Present,Present,Present,Present,Present,Present,Present,Present,Present,Present,Present,Present,Present,Present,Present,Present,Present,No Data,Present,Present,Present,Present,Present,Present,Present,Present,****,Present,**,**,**,**,**,Present,Present,Present,Present,Present,Present,Present,Present,Present,Present,Present,Present,Present,Present,Present,**,**,**,**,Present,**,**,**,*,Present,Present,Present,Present,Present,Present,Present,**,**,**,**,**,**,**,**,**,Present,Present,****,Present,Present,Present,Present,Present,*,Present,Present,Present,Present,No Data,***,***,Present,Present,Present,Present,*,*,*,Suspended,**,****,****,****,*,Present,****,**,**,**,**,**,**,Present,Present,Present,*,**,****,**,**,**,**,**,Present,****,****,Present
208,PALMA,No Data,No Data,No Data,No Data,Present,Present,Present,Present,Present,Present,Present,Suspended,**,Present,Present,Present,**,Present,**,Present,Present,Present,Present,Present,Present,Present,Present,Present,Present,Present,Present,Present,Present,Present,Present,Present,Present,Present,Present,Present,Present,Present,Present,Present,Present,Present,Present,Present,Present,Present,Present,Present,Present,Present,Present,Present,Present,Present,No Data,No Data,Present,Present,Present,Present,Present,Present,Present,Present,Present,Present,Present,Present,Present,Present,Present,Present,**,Present,Present,Present,No Data,Present,Present,Present,Present,Present,Present,Present,**,Present,Present,Present,Present,Present,Present,Present,Present,Present,Present,Present,Present,**,Present,Present,Present,Present,Present,Present,Present,Present,*,Present,*,Present,**,Present,Present,**,**,**,**,**,**,**,**,**,**,*,Present,Present,Present,****,Present,Present,Present,Present,Present,Present,Present,**,****,Present,**,**,**,**,**,**,**,No Data,Present,Present,Present,Present,Present,Present,****,****,Present,Suspended,**,Present,****,****,Present,**,****,****,Present,****,Present,Present,**,Present,Present,Present,Present,Present,Present,Present,Present,Present,Present,****,Present,Present,Present,****
209,PANALIGAN,No Data,No Data,No Data,No Data,Present,Present,Present,Present,Present,Present,Present,Suspended,Present,Present,Present,Present,Present,Present,**,**,Present,Present,Present,Present,Present,Present,Present,Present,**,Present,Present,Present,Present,Present,Present,Present,Present,Present,Present,Present,Present,Present,Present,Present,Present,Present,Present,Present,Present,Present,Present,Present,Present,Present,Present,**,Present,Present,No Data,No Data,Present,Present,Present,Present,Present,Present,Present,Present,Present,Present,Present,Present,**,Present,Present,Present,Present,Present,Present,Present,No Data,Present,Present,Present,Present,Present,Present,Present,**,Present,Present,*,Present,*,Present,**,**,**,*,**,*,*,Present,Present,Present,Present,Present,Present,****,Present,Present,Present,Present,Present,Present,Present,Present,Present,Present,Present,Present,Present,Present,**,Present,Present,Present,Present,*,Present,**,Present,Present,Present,Present,Present,Present,Present,Present,Present,*,Present,Present,Present,Present,*,Present,Present,Present,No Data,Present,Present,Present,Present,Present,Present,Present,Present,**,Suspended,Present,Present,Present,Present,Present,**,Present,Present,Present,**,Present,Present,Present,Present,Present,Present,Present,Present,Present,Present,Present,*,Present,Present,Present,Present,Present,Present
210,PANCHO,No Data,No Data,No Data,No Data,Present,Present,Present,Present,Present,Present,Present,Suspended,**,Present,Present,Present,Present,**,Present,**,Present,Present,Present,Present,Present,Present,Present,Present,**,Present,Present,Present,Present,Present,Present,**,Present,Present,Present,Present,Present,Present,Present,Present,Present,Present,Present,Present,**,Present,Present,Present,Present,Present,Present,Present,Present,Present,No Data,No Data,Present,Present,Present,Present,Present,Present,**,Present,Present,Present,Present,Present,Present,**,Present,Present,**,Present,Present,Present,No Data,Present,Present,Present,Present,Present,*,Present,Present,Present,Present,*,*,Present,**,Present,Present,Present,**,Present,Present,Present,*,Present,Present,Present,Present,Present,Present,Present,Present,Present,Present,Present,Present,*,Present,**,**,**,*,Present,Present,**,Present,Present,Present,Present,Present,*,Present,Present,Present,Present,Present,Present,Present,****,Present,**,Present,Present,Present,Present,**,Present,**,Present,**,No Data,Present,Present,Present,*,**,Present,Present,**,*,Suspended,**,Present,Present,**,Present,**,***,***,Present,Present,Present,Present,**,**,Present,Present,*,Present,Present,**,Present,Present,**,Present,*,Present,Present,Present
211,PANOTES,No Data,No Data,No Data,No Data,Present,Present,Present,Present,Present,Present,Present,Suspended,Present,Present,Present,Present,**,Present,Present,Present,Present,Present,Present,Present,Present,Present,Present,Present,Present,Present,Present,Present,Present,Present,Present,Present,Present,Present,Present,Present,Present,Present,Present,Present,Present,Present,Present,Present,Present,Present,Present,Present,Present,Present,Present,Present,Present,Present,No Data,No Data,Present,Present,Present,Present,Present,Present,Present,Present,Present,Present,Present,Present,Present,Present,Present,Present,Present,Present,Present,Present,No Data,Present,Present,Present,Present,****,****,Present,Present,Present,Present,Present,Present,Present,Present,Present,Present,**,Present,Present,*,Present,*,Present,Present,*,*,*,***,****,*,*,****,****,**,*,*,*,*,*,*,Present,*,****,*,*,***,*,*,*,*,***,*,***,Present,***,****,*,*,**,***,*,***,*,*,*,***,*,*,No Data,*,*,*,*,***,*,Present,***,***,Suspended,**,***,****,***,**,*,*,*,*,**,Present,*,***,***,*,*,*,**,*,****,Present,**,**,*,*,*,Present,*
212,PASCUAL,No Data,No Data,No Data,No Data,Present,Present,Present,Present,Present,Present,Present,Suspended,Present,Present,Present,Present,Present,Present,Present,**,Present,Present,Present,Present,Present,Present,Present,Present,Present,Present,Present,Present,Present,Present,Present,Present,Present,Present,Present,Present,Present,Present,Present,Present,Present,Present,Present,Present,Present,Present,Present,Present,Present,Present,Present,Present,Present,Present,No Data,No Data,Present,Present,Present,Present,Present,Present,Present,Present,Present,Present,Present,Present,Present,Present,Present,Present,Present,Present,Present,Present,No Data,Present,Present,Present,Present,Present,Present,Present,Present,****,Present,Present,Present,*,*,Present,Present,Present,****,Present,****,Present,*,Present,Present,Present,*,Present,Present,Present,Present,****,Present,Present,****,*,Present,*,Present,Present,*,****,****,****,Present,****,Present,Present,Present,Present,Present,Present,****,*,Present,Present,Present,Present,*,Present,*,*,Present,****,Present,*,Present,****,Present,No Data,Present,Present,Present,Present,Present,*,Present,****,*,Suspended,*,****,Present,****,Present,Present,Present,****,Present,**,****,Present,*,*,***,Present,*,****,***,*,****,****,****,*,Present,****,****,Present
213,PEÑA,No Data,No Data,No Data,No Data,Present,Present,Present,Present,Present,Present,Present,Suspended,Present,Present,**,Present,Present,Present,Present,Present,Present,Present,Present,Present,**,Present,Present,Present,Present,Present,Present,**,Present,Present,Present,Present,Present,Present,Present,**,Present,Present,Present,Present,Present,Present,Present,Present,**,Present,Present,Present,Present,Present,Present,**,Present,Present,No Data,No Data,Present,Present,Present,Present,Present,Present,Present,Present,Present,Present,Present,Present,Present,**,Present,Present,Present,Present,Present,Present,No Data,Present,Present,Present,*,*,Present,Present,*,Present,Present,Present,****,Present,Present,Present,Present,Present,Present,Present,Present,Present,Present,Present,Present,*,Present,Present,Present,Present,*,Present,Present,Present,****,Present,Present,****,Present,Present,*,Present,*,Present,Present,*,Present,Present,Present,Present,Present,Present,Present,Present,Present,Present,Present,Present,*,Present,Present,Present,***,Present,*,*,Present,Present,Present,No Data,Present,Present,Present,Present,Present,Present,*,Present,Present,Suspended,Present,Present,Present,Present,Present,*,Present,Present,Present,Present,Present,Present,Present,***,*,Present,Present,Present,Present,Present,Present,Present,Present,Present,Present,Present,Present,*
214,PIMENTEL,No Data,No Data,No Data,No Data,Present,Present,Present,Present,Present,Present,Present,Suspended,Present,Present,Present,Present,Present,**,Present,Present,**,Present,**,Present,**,Present,Present,Present,Present,Present,Present,Present,Present,Present,Present,Present,Present,Present,**,**,Present,Present,Present,Present,Present,Present,**,Present,**,Present,Present,Present,Present,Present,Present,Present,Present,Present,No Data,No Data,Present,Present,Present,Present,Present,Present,**,Present,Present,Present,Present,Present,Present,Present,Present,**,**,Present,Present,**,No Data,Present,**,*,*,Present,*,*,**,*,Present,Present,**,Present,****,*,****,Present,****,*,*,****,*,Present,**,*,Present,****,Present,****,****,****,*,Present,**,****,****,**,****,Present,Present,*,Present,**,**,**,Present,**,**,*,**,****,****,****,**,**,Present,*,*,**,Present,Present,Present,**,***,***,**,*,Present,No Data,Present,**,****,****,**,Present,*,*,**,Suspended,**,****,****,****,Present,*,*,*,*,**,****,****,**,****,**,**,*,**,*,**,****,****,****,****,**,Present,**,**
215,PLAZA,No Data,No Data,No Data,No Data,Present,Present,Present,Present,Present,Present,**,Suspended,Present,Present,**,Present,**,Present,**,Present,Present,Present,Present,Present,Present,Present,Present,Present,Present,Present,Present,**,Present,Present,Present,Present,Present,Present,Present,Present,Present,Present,Present,Present,Present,Present,Present,Present,Present,**,Present,Present,Present,Present,Present,Present,Present,Present,No Data,No Data,Present,Present,Present,Present,**,**,Present,Present,Present,Present,**,Present,Present,Present,Present,Present,Present,Present,Present,Present,No Data,Present,Present,Present,***,Present,*,Present,Present,Present,Present,**,**,**,Present,Present,**,Present,Present,**,Present,*,*,Present,Present,Present,Present,**,**,Present,**,**,Present,**,**,Present,**,**,**,**,**,**,**,**,**,Present,**,Present,**,*,Present,****,Present,*,Present,Present,Present,****,*,*,Present,Present,***,*,**,**,Present,Present,Present,No Data,*,*,*,Present,Present,****,*,Present,Present,Suspended,**,Present,*,Present,*,**,Present,Present,Present,**,Present,Present,Present,Present,Present,Present,**,***,Present,Present,Present,Present,Present,*,Present,*,*,**
216,PLEYTO,No Data,No Data,No Data,No Data,Present,Present,Present,Present,Present,Present,Present,Suspended,Present,Present,Present,**,**,Present,Present,**,Present,Present,Present,Present,**,**,Present,Present,Present,Present,Present,Present,Present,Present,Present,**,Present,Present,Present,Present,Present,Present,Present,Present,Present,Present,Present,Present,Present,Present,Present,Present,Present,Present,Present,**,Present,Present,No Data,No Data,Present,Present,Present,Present,Present,Present,Present,Present,Present,Present,Present,Present,Present,Present,Present,Present,Present,Present,Present,Present,No Data,Present,Present,Present,Present,Present,Present,Present,**,*,Present,**,****,*,**,Present,**,****,**,**,Present,**,Present,Present,Present,Present,Present,Present,Present,*,**,Present,Present,Present,**,**,Present,Present,**,Present,*,Present,*,**,*,**,Present,**,**,Present,**,Present,Present,Present,Present,Present,Present,Present,Present,*,*,**,Present,Present,**,**,*,Present,**,No Data,****,Present,Present,*,*,**,**,**,**,Suspended,**,Present,****,Present,Present,**,Present,*,Present,**,Present,Present,Present,Present,*,Present,Present,Present,Present,Present,**,Present,Present,Present,Present,Present,Present,Present
217,PRIMICIAS-AGABAS,No Data,No Data,No Data,No Data,Present,Present,Present,Present,Present,Present,Present,Suspended,Present,Present,Present,Present,Present,Present,**,**,Present,Present,Present,Present,Present,Present,Present,**,Present,Present,Present,Present,Present,Present,Present,Present,Present,Present,Present,Present,Present,Present,Present,Present,Present,Present,Present,Present,Present,Present,Present,Present,Present,Present,Present,Present,Present,Present,No Data,No Data,Present,Present,Present,Present,Present,**,Present,Present,Present,Present,Present,Present,Present,Present,Present,Present,Present,Present,Present,Present,No Data,Present,Present,Present,Present,Present,Present,Present,*,****,Present,**,**,Present,Present,Present,Present,Present,Present,Present,Present,Present,Present,Present,Present,Present,Present,Present,Present,Present,Present,Present,Present,Present,Present,****,Present,Present,Present,**,*,Present,Present,**,**,**,**,Present,Present,**,Present,Present,Present,Present,Present,Present,Present,Present,Present,*,**,**,Present,Present,****,**,****,Present,Present,No Data,Present,Present,Present,Present,Present,Present,**,**,*,Suspended,**,Present,**,**,Present,**,Present,Present,Present,**,**,**,**,Present,Present,**,Present,**,Present,Present,Present,*,Present,Present,Present,Present,Present,Present
218,PUMAREN,No Data,No Data,No Data,No Data,Present,Present,Present,Present,Present,Present,Present,Suspended,**,Present,Present,Present,Present,Present,Present,**,Present,Present,Present,Present,Present,Present,Present,Present,Present,Present,Present,**,Present,Present,Present,Present,Present,Present,Present,Present,Present,Present,Present,Present,Present,Present,Present,Present,Present,Present,Present,Present,Present,Present,Present,Present,Present,Present,No Data,No Data,Present,Present,Present,Present,Present,Present,Present,Present,Present,Present,Present,Present,Present,Present,Present,Present,Present,Present,**,Present,No Data,Present,Present,**,Present,Present,Present,Present,**,Present,Present,Present,Present,*,Present,**,Present,Present,Present,Present,Present,*,*,**,**,**,Present,*,****,Present,****,Present,Present,Present,**,***,***,****,*,*,Present,Present,Present,Present,*,Present,Present,****,Present,Present,Present,****,****,*,Present,Present,Present,Present,Present,**,Present,Present,*,Present,Present,Present,****,**,*,No Data,Present,**,****,Present,****,****,****,****,****,Suspended,****,****,**,****,Present,*,***,Present,Present,**,Present,Present,Present,Present,****,*,Present,****,Present,Present,Present,Present,*,*,**,Present,Present,Present
219,PUNO,No Data,No Data,No Data,No Data,Present,Present,Present,Present,Present,Present,Present,Suspended,Present,Present,Present,Present,Present,Present,Present,Present,Present,Present,Present,Present,Present,Present,Present,Present,Present,Present,Present,Present,Present,Present,Present,Present,Present,Present,Present,Present,Present,Present,Present,Present,Present,Present,Present,Present,Present,Present,Present,Present,Present,Present,Present,Present,Present,Present,No Data,No Data,Present,Present,Present,Present,Present,Present,Present,Present,Present,Present,Present,Present,Present,Present,Present,Present,Present,Present,Present,Present,No Data,Present,Present,****,****,****,Present,*,*,****,Present,Present,Present,****,**,****,Present,Present,****,*,**,****,*,Present,Present,*,Present,Present,Present,Present,****,Present,****,Present,****,*,*,****,****,**,Present,Present,*,Present,*,*,Present,Present,*,**,Present,****,****,*,Present,Present,Present,Present,Present,****,Present,Present,Present,Present,**,*,***,***,***,No Data,**,**,**,**,**,Present,Present,Present,*,Suspended,Present,****,****,****,*,*,Present,Present,Present,Present,****,****,*,Present,*,****,Present,****,****,****,Present,Present,****,****,*,Present,Present,*
220,QUIMBO,No Data,No Data,No Data,No Data,Present,Present,Present,Present,Present,Present,Present,Suspended,**,Present,Present,**,Present,**,**,**,Present,**,Present,Present,Present,Present,Present,**,**,Present,Present,**,Present,Present,Present,Present,Present,Present,Present,Present,Present,Present,Present,Present,Present,Present,Present,Present,Present,Present,Present,Present,Present,Present,Present,Present,Present,Present,No Data,No Data,Present,Present,Present,Present,Present,**,Present,Present,Present,Present,**,Present,Present,**,Present,Present,Present,Present,Present,Present,No Data,Present,Present,*,Present,Present,*,*,**,**,Present,**,**,**,**,**,**,**,**,**,Present,Present,Present,Present,Present,Present,**,**,**,**,**,**,*,*,Present,Present,Present,**,*,Present,*,Present,Present,*,*,Present,Present,*,*,*,**,*,*,*,Present,Present,Present,Present,Present,Present,*,Present,Present,**,**,*,**,Present,**,No Data,**,**,**,*,**,Present,**,**,**,Suspended,**,**,Present,*,Present,Present,Present,**,Present,Present,Present,Present,Present,Present,*,Present,*,Present,Present,**,*,**,Present,**,*,Present,Present,Present
221,RAMA,No Data,No Data,No Data,No Data,Present,Present,Present,Present,Present,Present,Present,Suspended,Present,Present,Present,**,**,**,Present,Present,Present,Present,Present,Present,Present,Present,Present,Present,**,Present,Present,Present,Present,Present,Present,Present,Present,Present,Present,**,Present,Present,Present,Present,Present,Present,Present,Present,Present,Present,Present,Present,Present,Present,Present,**,Present,Present,No Data,No Data,Present,Present,Present,Present,Present,Present,Present,Present,Present,Present,Present,Present,Present,Present,Present,Present,Present,Present,Present,**,No Data,Present,Present,****,Present,Present,Present,Present,Present,Present,Present,*,Present,Present,Present,Present,*,*,Present,Present,Present,Present,*,Present,Present,Present,Present,Present,*,Present,Present,Present,Present,Present,Present,Present,Present,Present,*,*,*,Present,*,Present,Present,*,Present,Present,*,****,Present,Present,****,Present,Present,Present,Present,Present,*,Present,Present,*,****,Present,Present,*,Present,Present,*,No Data,***,****,****,****,*,****,Present,*,*,Suspended,Present,Present,Present,*,*,*,****,Present,****,****,*,*,*,Present,*,***,*,Present,***,***,***,***,**,Present,Present,****,*,*
222,RECTO,No Data,No Data,No Data,No Data,Present,Present,Present,Present,Present,Present,Present,Suspended,Present,Present,**,Present,**,Present,Present,Present,Present,Present,Present,Present,Present,Present,Present,Present,Present,Present,Present,Present,Present,Present,Present,Present,Present,Present,Present,Present,Present,Present,Present,Present,Present,Present,Present,Present,Present,Present,Present,Present,Present,Present,Present,Present,Present,Present,No Data,No Data,Present,Present,Present,Present,Present,Present,Present,Present,Present,Present,Present,Present,Present,Present,Present,Present,Present,Present,Present,Present,No Data,Present,Present,Present,****,Present,Present,*,****,Present,Present,Present,**,Present,Present,****,*,*,Present,*,*,Present,*,Present,Present,*,Present,Present,****,****,**,**,**,****,****,Present,*,****,****,Present,****,Not Listed,Not Listed,Not Listed,Not Listed,Not Listed,Not Listed,Not Listed,Not Listed,Not Listed,Not Listed,Not Listed,Not Listed,Not Listed,Not Listed,Not Listed,Not Listed,Not Listed,Not Listed,Not Listed,Not Listed,Not Listed,Not Listed,Not Listed,Not Listed,Not Listed,Not Listed,Not Listed,Not Listed,No Data,Not Listed,Not Listed,Not Listed,Not Listed,Not Listed,Not Listed,Not Listed,Not Listed,Not Listed,Suspended,Not Listed,Not Listed,Not Listed,Not Listed,Not Listed,Not Listed,Not Listed,Not Listed,Not Listed,Not Listed,Not Listed,Not Listed,Not Listed,Not Listed,Not Listed,Not Listed,Not Listed,Not Listed,Not Listed,Not Listed,Not Listed,Not Listed,Not Listed,Not Listed,Not Listed,Not Listed,Not Listed,Not Listed
223,REGENCIA,No Data,No Data,No Data,No Data,Present,Present,Present,Present,Present,Present,Present,Suspended,Present,Present,Present,Present,Present,Present,Present,Present,Present,Present,Present,Present,Present,**,Present,Present,Present,Present,Present,Present,Present,Present,Present,Present,Present,Present,**,Present,Present,Present,Present,Present,**,Present,Present,Present,Present,Present,Present,Present,Present,Present,Present,**,Present,Present,No Data,No Data,Present,Present,Present,Present,Present,Present,Present,Present,Present,Present,Present,Present,Present,Present,Present,Present,Present,Present,Present,Present,No Data,Present,Present,Present,Present,Present,Present,Present,Present,Present,Present,Present,Present,Present,*,Present,Present,Present,Present,Present,Present,Present,Present,Present,Present,Present,Present,Present,Present,Present,Present,Present,Present,Present,Present,Present,Present,Present,Present,Present,Present,****,****,****,Present,*,****,**,**,Present,**,Present,Present,Present,Present,Present,Present,Present,*,*,Present,Present,Present,Present,Present,Present,Present,Present,Present,No Data,**,**,**,**,**,****,****,****,****,Suspended,**,Present,Present,Present,Present,Present,Present,Present,Present,Present,Present,Present,Present,Present,Present,Present,Present,Present,****,****,Present,Present,Present,Present,Present,Present,Present,Present
224,REVILLA (B.),No Data,No Data,No Data,No Data,Present,Present,Present,Present,Present,Present,Present,Suspended,Present,Present,Present,Present,Present,Present,Present,Present,Present,Present,Present,Present,Present,Present,Present,Present,Present,Present,Present,Present,Present,**,Present,Present,Present,Present,**,Present,Present,Present,Present,Present,Present,Present,Present,Present,Present,Present,Present,Present,Present,Present,Present,Present,Present,Present,No Data,No Data,Present,Present,Present,Present,Present,Present,Present,Present,Present,Present,Present,Present,Present,Present,Present,Present,Present,Present,Present,Present,No Data,Present,Present,Present,Present,Present,Present,Present,**,Present,Present,Present,****,***,***,Present,***,***,Present,Present,****,Present,*,Present,Present,*,****,Present,****,Present,Present,Present,*,****,***,Present,Present,Present,****,Present,Present,Present,Present,****,****,Present,Present,Present,*,Present,*,Present,*,*,Present,Present,Present,Present,Present,Present,Present,Present,Present,**,***,Present,***,Present,Present,No Data,Present,*,***,Present,Present,Present,***,Present,Present,Suspended,**,**,Present,**,Present,**,**,**,Present,*,**,Present,Present,Present,Present,*,**,**,***,***,**,Present,**,Present,**,Present,Present,Present
225,REVILLA (R.J.),No Data,No Data,No Data,No Data,Present,Present,Present,Present,Present,Present,Present,Suspended,Present,Present,**,Present,Present,Present,Present,**,Present,Present,Present,Present,Present,Present,Present,Present,Present,Present,Present,**,Present,Present,Present,**,Present,Present,Present,**,Present,Present,Present,Present,Present,Present,Present,Present,**,Present,Present,Present,Present,Present,Present,Present,Present,Present,No Data,No Data,Present,Present,Present,Present,Present,**,Present,Present,Present,Present,Present,Present,**,**,Present,Present,Present,Present,Present,Present,No Data,Present,Present,Present,Present,Present,Present,Present,*,Present,Present,Present,**,Present,**,**,Present,**,**,**,**,*,Present,Present,Present,Present,*,****,**,**,**,**,**,**,**,**,**,Present,**,Present,*,**,**,**,**,**,**,**,**,**,**,**,**,**,**,Present,Present,****,Present,Present,Present,**,Present,**,**,**,**,**,Present,No Data,**,**,Present,**,**,**,**,Present,Present,Suspended,Present,**,**,**,Present,**,Present,**,**,**,***,**,**,**,**,**,**,***,**,**,**,**,**,Present,**,Present,Present,**
226,REYES,No Data,No Data,No Data,No Data,Present,Present,Present,Present,Present,Present,Present,Suspended,Present,Present,**,**,**,Present,**,Present,Present,Present,Present,Present,Present,Present,Present,Present,Present,Present,**,Present,Present,Present,Present,Present,Present,Present,Present,Present,Present,Present,Present,Present,Present,Present,Present,Present,Present,Present,Present,Present,Present,Present,Present,Present,Present,Present,No Data,No Data,Present,Present,Present,Present,Present,Present,Present,Present,Present,Present,Present,Present,Present,Present,Present,Present,Present,Present,Present,Present,No Data,Present,Present,Present,Present,Present,Present,Present,****,Present,Present,***,**,Present,Present,Present,Present,Present,Present,Present,Present,**,*,Present,Present,Present,Present,Present,Present,Present,Present,*,Present,Present,**,Present,Present,Present,Present,Present,Present,Present,****,**,Present,*,Present,Present,Present,Present,Present,Present,Present,Present,Present,Present,Present,**,Present,Present,*,Present,**,Present,**,**,****,Present,Present,No Data,**,*,Present,Present,*,*,****,*,*,Suspended,Present,Present,*,*,*,Present,Present,**,Present,**,Present,Present,**,*,*,Present,Present,**,Present,Present,Present,Present,**,**,**,Present,Present,Present
227,RILLO,No Data,No Data,No Data,No Data,Present,Present,Present,Present,Present,Present,Present,Suspended,Present,Present,**,Present,Present,Present,Present,Present,Present,Present,**,Present,Present,Present,Present,Present,Present,Present,Present,Present,Present,**,Present,Present,Present,Present,Present,Present,Present,Present,Present,Present,Present,Present,Present,Present,Present,Present,Present,Present,Present,Present,Present,**,Present,Present,No Data,No Data,Present,Present,Present,Present,Present,Present,Present,Present,Present,Present,Present,Present,Present,Present,Present,Present,Present,Present,Present,Present,No Data,Present,Present,Present,*,Present,Present,Present,Present,***,Present,Present,***,*,Present,***,Present,***,Present,***,***,Present,*,Present,Present,*,**,**,**,Present,Present,***,Present,*,***,Present,Present,*,***,Present,*,Present,***,***,***,***,***,***,***,Present,***,*,Present,*,Present,Present,Present,Present,****,Present,Present,Present,*,*,Present,*,***,**,Present,No Data,Present,***,***,***,***,***,***,**,*,Suspended,***,*,***,***,Present,*,Present,***,***,**,Present,*,*,****,Present,***,*,****,*,****,****,****,***,****,*,****,****,***
228,RIVERA,No Data,No Data,No Data,No Data,Present,Present,Present,Present,Present,Present,Present,Suspended,Present,Present,Present,**,Present,Present,Present,Present,Present,Present,Present,Present,Present,Present,Present,Present,Present,Present,Present,**,Present,Present,Present,Present,Present,Present,Present,Present,Present,Present,Present,Present,Present,Present,Present,Present,Present,Present,Present,Present,Present,Present,Present,Present,Present,Present,No Data,No Data,Present,Present,Present,Present,Present,Present,Present,Present,Present,Present,Present,Present,**,Present,Present,Present,Present,Present,Present,Present,No Data,Present,Present,*,****,Present,Present,*,Present,Present,Present,Present,Present,Present,Present,Present,Present,Present,Present,Present,Present,Present,Present,Present,Present,Present,Present,Present,Present,Present,Present,****,Present,Present,Present,Present,Present,Present,Present,Present,Present,Present,**,Present,Present,Present,Present,**,**,Present,Present,Present,Present,Present,Present,Present,Present,Present,Present,Present,Present,Present,Present,Present,Present,Present,**,**,Present,No Data,Present,Present,Present,Present,Present,Present,Present,Present,Present,Suspended,Present,Present,Present,Present,Present,**,Present,Present,Present,Present,Present,Present,Present,Present,Present,Present,Present,Present,Present,Present,Present,Present,Present,Present,*,Present,*,Present
229,ROBES,No Data,No Data,No Data,No Data,Present,Present,Present,Present,Present,Present,**,Suspended,**,Present,**,Present,**,Present,**,**,Present,Present,Present,Present,Present,Present,Present,**,**,Present,Present,Present,Present,Present,Present,Present,Present,Present,Present,Present,Present,Present,Present,Present,Present,Present,Present,Present,Present,Present,Present,Present,Present,Present,Present,Present,Present,Present,No Data,No Data,Present,Present,Present,Present,**,Present,Present,Present,Present,Present,Present,Present,Present,Present,Present,Present,Present,Present,Present,Present,No Data,Present,Present,Present,Present,Present,*,*,Present,*,Present,*,Present,Present,Present,Present,*,Present,Present,*,Present,Present,Present,Present,Present,Present,**,**,**,Present,*,*,*,Present,*,Present,Present,*,Present,*,Present,**,**,**,**,**,**,*,*,Present,*,**,Present,*,Present,*,Present,*,*,Present,Present,Present,*,*,**,Present,Present,*,**,No Data,*,Present,*,*,*,Present,Present,Present,*,Suspended,**,**,*,Present,*,*,***,*,*,*,***,*,**,Present,Present,**,Present,***,*,Present,*,Present,*,**,Present,*,Present,Present
230,RODRIGUEZ (E.),No Data,No Data,No Data,No Data,Present,Present,Present,Present,Present,Present,Present,Suspended,Present,Present,Present,**,Present,Present,Present,Present,Present,Present,**,Present,Present,Present,Present,Present,Present,Present,Present,**,Present,Present,Present,**,Present,Present,Present,Present,Present,Present,Present,Present,Present,Present,Present,Present,Present,Present,Present,Present,Present,Present,Present,Present,Present,Present,No Data,No Data,Present,Present,Present,Present,Present,Present,Present,Present,Present,Present,Present,Present,**,Present,Present,Present,Present,Present,Present,Present,No Data,Present,Present,Present,Present,Present,Present,Present,Present,Present,Present,Present,Present,Present,*,Present,Present,Present,Present,**,*,*,Present,Present,Present,Present,Present,Present,Present,*,Present,**,Present,*,*,Present,Present,*,*,Present,*,**,**,**,**,**,**,*,Present,Present,Present,Present,*,****,Present,Present,Present,Present,****,****,****,Present,Present,Present,**,**,**,**,Present,No Data,**,**,Present,Present,****,Present,**,Present,**,Suspended,**,**,Present,Present,**,**,Present,*,**,**,**,Present,Present,**,**,*,Present,**,Present,Present,Present,Present,Present,Present,Present,Present,Present,Present
231,RODRIGUEZ (R.),No Data,No Data,No Data,No Data,Present,Present,Present,Present,Present,Present,Present,Suspended,Present,Present,**,Present,**,**,Present,**,Present,Present,Present,Present,Present,Present,Present,Present,Present,Present,Present,Present,Present,Present,**,**,**,**,Present,Present,Present,Present,Present,Present,Present,Present,Present,Present,Present,Present,Present,Present,Present,Present,Present,Present,Present,Present,No Data,No Data,Present,Present,Present,Present,Present,Present,Present,Present,Present,Present,Present,Present,Present,Present,Present,Present,Present,Present,Present,**,No Data,Present,Present,**,**,**,Present,Present,**,Present,Present,*,**,**,Present,Present,Present,Present,**,**,**,**,**,**,**,**,Present,*,Present,**,**,**,**,**,**,Present,**,**,*,Present,Present,Present,Present,Present,Present,Present,Present,Present,**,*,Present,Present,Present,Present,Present,Present,Present,Present,Present,**,*,**,Present,Present,**,**,**,**,*,No Data,**,**,**,**,**,**,Present,Present,**,Suspended,Present,**,Present,Present,Present,**,Present,Present,*,*,Present,Present,Present,Present,Present,*,Present,Present,Present,**,Present,**,Present,**,**,Present,Present,Present
232,ROMAN,No Data,No Data,No Data,No Data,Present,Present,Present,Present,Present,Present,Present,Suspended,Present,Present,Present,Present,Present,Present,Present,Present,Present,Present,Present,Present,Present,Present,Present,Present,**,Present,Present,Present,Present,Present,Present,Present,Present,Present,Present,Present,Present,Present,Present,Present,Present,Present,Present,Present,Present,**,Present,Present,Present,Present,Present,**,Present,Present,No Data,No Data,Present,Present,Present,Present,Present,Present,Present,Present,Present,Present,Present,Present,Present,Present,Present,Present,Present,Present,Present,Present,No Data,Present,Present,****,*,*,**,**,*,*,Present,****,*,****,****,****,*,****,**,**,**,**,**,**,**,**,****,****,*,Present,****,*,**,**,Present,**,**,**,**,**,****,**,**,**,****,Present,Present,*,*,****,**,Present,****,****,Present,*,****,*,**,**,**,**,**,**,****,*,*,Present,**,No Data,*,**,**,**,**,Present,*,*,**,Suspended,****,****,Present,Present,*,**,**,**,**,****,*,****,*,**,Present,Present,Present,*,**,**,*,Present,*,Present,Present,**,Present,*
233,ROMERO,No Data,No Data,No Data,No Data,Present,Present,Present,Present,Present,Present,Present,Suspended,Present,Present,Present,Present,Present,Present,Present,Present,Present,Present,Present,Present,Present,Present,Present,Present,Present,Present,Present,Present,Present,Present,Present,Present,Present,Present,Present,Present,Present,Present,Present,Present,Present,Present,Present,Present,**,Present,Present,Present,Present,Present,Present,Present,Present,Present,No Data,No Data,Present,Present,Present,Present,Present,Present,Present,Present,Present,Present,Present,Present,Present,Present,Present,Present,Present,Present,**,Present,No Data,Present,Present,Present,Present,Present,Present,Present,Present,*,Present,Present,Present,Present,**,**,**,**,**,**,**,**,**,**,**,**,**,**,**,**,**,**,**,**,**,Present,**,**,****,**,**,Present,Present,**,****,Present,****,**,**,**,**,**,*,Present,Present,**,**,**,**,**,**,**,Present,**,Present,**,**,****,**,No Data,**,*,****,**,Present,Present,****,Present,**,Suspended,**,****,*,****,*,*,**,**,**,**,*,**,**,Present,Present,Present,Present,**,****,*,****,****,****,****,**,****,****,*
234,ROMUALDEZ (F.M.),No Data,No Data,No Data,No Data,Present,Present,Present,Present,Present,Present,Present,Suspended,Present,Present,Present,**,**,**,Present,Present,Present,**,**,Present,Present,Present,Present,Present,Present,Present,Present,Present,Present,Present,Present,Present,Present,Present,Present,Present,Present,Present,Present,Present,Present,Present,Present,Present,Present,Present,Present,Present,Present,Present,Present,Present,Present,Present,No Data,No Data,Present,Present,Present,Present,Present,Present,Present,Present,Present,Present,Present,Present,Present,Present,Present,Present,Present,Present,Present,Present,No Data,Present,Present,Present,Present,Present,**,**,Present,Present,Present,Present,Present,Present,Present,**,**,**,**,**,**,**,Present,Present,Present,Present,Present,Present,Present,Present,**,**,**,Present,Present,Present,Present,**,Present,Present,Present,Present,Present,Present,**,**,Present,Present,Present,Present,Present,Present,Present,Present,Present,Present,**,**,**,**,**,Present,Present,Present,Present,Present,Present,Present,Present,No Data,Present,Present,Present,Present,Present,Present,Present,Present,Present,Suspended,Present,Present,Present,Present,Present,Present,Present,**,Present,Present,**,Present,**,Present,Present,Present,Present,Present,Present,Present,**,**,**,Present,Present,Present,Present,Present
235,ROMUALDEZ (Y.M.),No Data,No Data,No Data,No Data,Present,Present,Present,Present,Present,Present,Present,Suspended,Present,Present,Present,Present,Present,Present,Present,Present,Present,Present,Present,Present,Present,Present,Present,**,Present,Present,Present,Present,Present,Present,Present,Present,Present,Present,Present,Present,Present,Present,Present,Present,Present,Present,Present,Present,Present,Present,Present,Present,Present,Present,Present,Present,Present,Present,No Data,No Data,Present,Present,Present,Present,Present,Present,Present,Present,Present,Present,Present,Present,Present,Present,Present,Present,Present,Present,Present,Present,No Data,Present,Present,Present,Present,Present,Present,Present,Present,Present,Present,Present,Present,**,**,**,Present,**,**,Present,Present,Present,Present,Present,Present,Present,Present,Present,Present,Present,**,**,**,Present,Present,Present,Present,Present,Present,Present,Present,Present,Present,Present,Present,**,Present,Present,Present,Present,Present,Present,Present,Present,Present,Present,Present,Present,Present,Present,Present,**,Present,Present,Present,Present,Present,Present,Present,No Data,***,***,**,***,***,Present,Present,Present,***,Suspended,***,Present,Present,Present,Present,Present,Present,Present,Present,Present,***,***,***,Present,Present,Present,Present,***,***,Present,**,**,**,Present,Present,Present,Present,Present
236,ROMUALDO,No Data,No Data,No Data,No Data,Present,Present,Present,Present,Present,Present,Present,Suspended,Present,Present,Present,Present,Present,**,Present,Present,**,Present,**,Present,Present,Present,Present,Present,Present,Present,Present,Present,Present,Present,Present,Present,Present,Present,**,**,Present,Present,Present,Present,Present,Present,**,Present,Present,Present,Present,Present,Present,Present,Present,Present,Present,Present,No Data,No Data,Present,Present,Present,Present,Present,Present,Present,Present,Present,Present,Present,Present,Present,Present,Present,**,**,Present,Present,Present,No Data,Present,Present,***,***,*,Present,*,***,***,Present,*,Present,Present,**,Present,Present,**,*,****,**,*,*,Present,**,Present,Present,Present,**,Present,Present,**,**,Present,Present,Present,Present,**,**,Present,Present,Present,Present,Present,Present,Present,Present,*,*,Present,Present,Present,*,*,Present,Present,*,**,*,**,**,**,Present,*,**,**,**,**,Present,No Data,****,****,*,****,**,****,Present,**,*,Suspended,Present,**,**,**,*,*,Present,*,*,Present,**,****,*,Present,Present,Present,Present,**,Present,**,Present,Present,Present,**,Present,*,**,**
237,ROMULO,No Data,No Data,No Data,No Data,Present,Present,Present,Present,Present,Present,Present,Suspended,Present,Present,Present,Present,Present,Present,Present,Present,Present,Present,Present,Present,Present,Present,Present,Present,Present,Present,Present,**,Present,Present,Present,Present,Present,Present,Present,Present,Present,Present,Present,Present,Present,Present,Present,Present,Present,Present,Present,Present,**,Present,Present,Present,Present,Present,No Data,No Data,Present,Present,Present,Present,Present,Present,Present,Present,Present,Present,Present,Present,**,Present,Present,Present,Present,Present,Present,Present,No Data,Present,Present,*,**,Present,Present,Present,Present,Present,Present,Present,Present,Present,**,Present,Present,****,Present,**,Present,Present,*,Present,Present,Present,****,****,*,Present,****,****,*,Present,**,****,*,*,Present,*,*,Present,*,*,Present,**,Present,****,Present,Present,**,*,Present,***,Present,Present,Present,Present,Present,****,Present,Present,Present,**,*,*,**,*,**,No Data,****,****,**,****,*,*,Present,**,**,Suspended,**,*,*,****,Present,**,Present,Present,Present,Present,Present,Present,Present,Present,Present,Present,*,**,*,Present,Present,Present,Present,Present,Present,Present,Present,Present
238,ROQUE,No Data,No Data,No Data,No Data,Present,Present,Present,Present,Present,Present,Present,Suspended,Present,Present,Present,Present,Present,Present,**,Present,Present,Present,Present,Present,Present,Present,Present,Present,Present,Present,Present,Present,Present,Present,Present,Present,Present,Present,Present,Present,Present,Present,Present,Present,Present,Present,Present,Present,Present,Present,Present,Present,Present,Present,Present,Present,Present,Present,No Data,No Data,Present,Present,Present,Present,Present,**,Present,Present,Present,Present,Present,Present,Present,Present,Present,Present,Present,Present,Present,**,No Data,Present,Present,****,****,****,Present,Present,**,Present,Present,Present,****,**,Present,****,Present,**,****,*,Present,Present,*,Present,Present,Present,Present,Present,****,Present,**,**,Present,Present,Present,Present,Present,*,*,Present,Present,**,**,**,Present,Present,Present,****,*,****,****,****,Present,*,Present,*,Present,Present,Present,****,*,Present,****,****,Present,**,**,**,**,No Data,*,Present,**,Present,**,**,**,**,Present,Suspended,Present,***,Present,Present,**,*,Present,Present,Present,Present,Present,Present,Present,Present,Present,**,Present,Present,**,**,Present,Present,Present,Present,*,Present,****,**
239,SACDALAN,No Data,No Data,No Data,No Data,Present,Present,Present,Present,Present,Present,**,Suspended,Present,Present,Present,**,Present,Present,Present,Present,Present,Present,Present,Present,Present,**,**,Present,Present,Present,Present,Present,Present,Present,Present,Present,Present,Present,Present,Present,Present,Present,Present,Present,Present,Present,Present,Present,Present,Present,Present,Present,Present,Present,Present,Present,Present,Present,No Data,No Data,Present,Present,Present,Present,Present,Present,Present,Present,Present,Present,Present,Present,Present,Present,Present,Present,Present,Present,Present,**,No Data,Present,Present,Present,Present,Present,**,**,*,Present,Present,Present,Present,Present,Present,Present,Present,Present,**,Present,Present,Present,Present,Present,Present,*,Present,Present,*,Present,Present,Present,Present,Present,Present,**,****,*,****,****,****,****,*,Present,Present,Present,Present,Present,Present,**,**,**,**,**,Present,Present,Present,****,Present,*,Present,*,****,****,Present,Present,*,Present,**,No Data,Present,****,****,****,****,Present,Present,*,****,Suspended,**,Present,Present,Present,Present,Present,****,****,****,****,****,Present,Present,****,****,*,*,****,Present,*,*,Present,Present,**,*,Present,Present,*
240,SAGARBARRIA,No Data,No Data,No Data,No Data,Present,Present,Present,Present,Present,Present,Present,Suspended,Present,Present,Present,Present,Present,**,Present,**,**,Present,**,Present,Present,Present,Present,Present,Present,Present,Present,Present,Present,Present,Present,Present,Present,Present,**,**,Present,Present,Present,Present,Present,Present,**,Present,Present,Present,Present,Present,Present,Present,Present,Present,Present,Present,No Data,No Data,Present,Present,Present,Present,Present,Present,Present,Present,Present,Present,Present,Present,Present,Present,Present,**,**,Present,Present,**,No Data,Present,Present,***,*,*,***,*,***,**,Present,**,**,**,**,**,Present,**,*,*,**,Present,*,Present,**,Present,Present,****,****,****,****,****,****,****,****,Present,****,**,Present,*,*,****,****,****,*,*,Present,****,****,****,****,****,****,****,****,Present,Present,Present,*,*,*,*,Present,Present,*,Present,****,****,*,No Data,****,****,****,****,**,****,****,****,*,Suspended,*,Present,*,****,****,*,****,****,****,****,****,****,****,****,**,****,*,****,****,****,****,****,****,****,*,****,****,*
241,SAKALURAN,No Data,No Data,No Data,No Data,Present,Present,Present,Present,Present,Present,Present,Suspended,Present,Present,Present,Present,**,Present,**,**,Present,Present,**,Present,Present,Present,Present,Present,Present,Present,Present,Present,Present,Present,Present,Present,Present,Present,Present,Present,Present,Present,Present,Present,Present,Present,Present,Present,Present,Present,Present,Present,Present,Present,Present,Present,Present,Present,No Data,No Data,Present,Present,Present,Present,Present,Present,Present,Present,Present,Present,Present,Present,Present,Present,Present,Present,Present,Present,Present,Present,No Data,Present,Present,Present,*,**,**,**,Present,****,Present,**,**,**,**,Present,Present,*,*,**,**,*,*,**,**,*,**,**,**,Present,****,****,**,**,**,**,****,****,**,**,*,Present,*,**,***,***,***,**,Present,Present,****,**,Present,**,**,**,****,****,****,Present,****,*,**,**,****,**,**,**,**,No Data,Present,*,****,Present,****,Present,Present,Present,**,Suspended,**,*,*,****,*,**,****,****,**,**,**,**,**,**,**,*,Present,**,****,**,Present,Present,Present,***,*,***,***,*
242,SALCEDA,No Data,No Data,No Data,No Data,Present,Present,Present,Present,Present,Present,Present,Suspended,Present,Present,Present,Present,**,Present,**,Present,Present,Present,Present,Present,**,Present,Present,Present,Present,Present,Present,Present,Present,Present,Present,**,Present,Present,Present,Present,Present,Present,Present,Present,Present,Present,Present,Present,Present,Present,Present,Present,Present,Present,Present,Present,Present,Present,No Data,No Data,Present,Present,Present,Present,Present,**,**,Present,Present,Present,Present,Present,Present,Present,Present,Present,Present,Present,Present,Present,No Data,Present,Present,Present,Present,Present,Present,Present,**,****,Present,Present,**,Present,Present,****,Present,**,*,Present,*,*,Present,Present,Present,Present,**,*,Present,Present,****,*,*,*,**,Present,*,Present,**,****,***,***,*,*,***,Present,Present,Present,*,****,***,***,****,*,Present,*,****,****,****,****,*,*,***,***,***,**,**,*,**,No Data,****,****,***,****,***,Present,**,**,***,Suspended,****,****,***,****,*,*,***,***,**,***,**,***,**,Present,****,Present,**,***,****,**,**,***,***,**,*,****,***,****
243,SALI,No Data,No Data,No Data,No Data,Present,Present,Present,Present,Present,Present,Present,Suspended,Present,Present,Present,Present,**,**,**,Present,Present,Present,Present,Present,Present,Present,**,Present,Present,Present,Present,Present,Present,Present,Present,Present,Present,Present,Present,Present,Present,Present,Present,Present,Present,Present,Present,Present,Present,Present,Present,Present,Present,Present,Present,Present,Present,Present,No Data,No Data,Present,Present,Present,Present,Present,Present,Present,Present,Present,Present,Present,Present,Present,Present,Present,Present,Present,Present,Present,Present,No Data,Present,Present,****,Present,Present,Present,Present,****,Present,Present,Present,Present,Present,****,Present,****,*,Present,****,****,****,*,Present,Present,*,****,****,*,Present,****,****,*,Present,Present,Present,Present,****,****,****,*,*,*,*,*,****,Present,Present,****,****,****,****,****,****,Present,*,****,*,*,Present,****,*,****,****,****,****,****,****,****,No Data,****,****,****,****,****,****,****,Present,****,Suspended,****,Present,****,****,*,**,***,***,****,*,*,*,****,****,*,****,*,****,****,****,****,****,****,*,*,****,****,*
244,SALIMBANGON,No Data,No Data,No Data,No Data,Present,Present,Present,Present,Present,Present,Present,Suspended,Present,Present,Present,Present,**,Present,Present,**,Present,Present,Present,**,Present,Present,Present,Present,Present,**,**,**,Present,Present,Present,Present,Present,Present,Present,Present,Present,Present,Present,Present,Present,Present,Present,Present,Present,Present,Present,Present,Present,Present,Present,Present,Present,Present,No Data,No Data,Present,Present,Present,Present,Present,Present,Present,Present,Present,Present,Present,Present,Present,Present,Present,Present,Present,Present,Present,**,No Data,Present,Present,Present,Present,Present,Present,Present,Present,Present,Present,Present,Present,Present,Present,Present,Present,Present,**,Present,Present,*,*,Present,Present,Present,**,**,**,**,**,**,Present,Present,Present,**,Present,Present,Present,*,Present,**,**,**,**,**,**,Present,Present,**,**,**,**,*,Present,Present,**,**,**,Present,Present,Present,Present,Present,**,Present,**,**,**,No Data,Present,Present,**,**,**,Present,Present,Present,Present,Suspended,Present,***,***,***,Present,**,Present,*,Present,Present,**,Present,**,Present,Present,Present,Present,**,**,**,Present,Present,Present,Present,**,****,*,*
245,SALO,No Data,No Data,No Data,No Data,Present,Present,Present,Present,Present,Present,**,Suspended,Present,Present,**,**,**,Present,**,**,Present,Present,Present,Present,Present,Present,Present,Present,Present,Present,Present,Present,Present,Present,Present,Present,Present,Present,Present,Present,Present,Present,Present,Present,Present,Present,Present,Present,Present,Present,Present,Present,Present,Present,Present,Present,Present,Present,No Data,No Data,Present,Present,Present,Present,Present,Present,Present,Present,Present,Present,Present,Present,Present,Present,Present,Present,Present,Present,Present,Present,No Data,Present,Present,*,Present,Present,Present,Present,Present,**,Present,Present,**,Present,Present,**,Present,Present,Present,Present,Present,Present,Present,Present,Present,Present,Present,Present,Present,Present,Present,**,Present,Present,*,**,Present,Present,*,*,*,Present,Present,**,*,Present,**,Present,*,Present,**,*,Present,Present,Present,Present,Present,Present,Present,**,**,Present,Present,*,Present,****,Present,**,**,No Data,Present,Present,****,Present,Present,**,**,**,Present,Suspended,*,Present,Present,Present,**,**,Present,*,**,Present,Present,Present,Present,Present,Present,Present,Present,*,Present,Present,Present,Present,Present,Present,*,****,****,Present
246,SALVAME,No Data,No Data,No Data,No Data,Present,Present,Present,Present,Present,Present,Present,Suspended,Present,Present,**,Present,Present,**,**,**,Present,Present,**,Present,Present,Present,Present,Present,Present,Present,Present,Present,Present,Present,Present,Present,Present,Present,Present,Present,Present,Present,Present,Present,Present,Present,Present,Present,Present,Present,Present,Present,Present,Present,Present,Present,Present,Present,No Data,No Data,Present,Present,Present,Present,Present,Present,Present,Present,Present,Present,Present,Present,Present,Present,Present,Present,Present,Present,Present,Present,No Data,Present,Present,Present,Present,Present,Present,Present,**,**,Present,**,**,Present,Present,Present,Present,Present,Present,Present,Present,Present,*,Present,Present,Present,**,**,**,**,**,**,**,**,**,**,**,**,**,**,**,***,***,*,***,***,***,**,**,**,**,**,**,**,**,**,**,**,**,**,Not Listed,Not Listed,Not Listed,Not Listed,Not Listed,Not Listed,Not Listed,Not Listed,Not Listed,No Data,Not Listed,Not Listed,Not Listed,Not Listed,Not Listed,Not Listed,Not Listed,Not Listed,Not Listed,Suspended,Not Listed,Not Listed,Not Listed,Not Listed,Not Listed,Not Listed,Not Listed,Not Listed,Not Listed,Not Listed,Not Listed,Not Listed,Not Listed,Not Listed,Not Listed,Not Listed,Not Listed,Not Listed,Not Listed,Not Listed,Not Listed,Not Listed,Not Listed,Not Listed,Not Listed,Not Listed,Not Listed,Not Listed
247,SANTOS,No Data,No Data,No Data,No Data,Present,Present,Present,Present,Present,***,Present,Suspended,Present,Present,**,**,Present,Present,Present,**,Present,Present,Present,Present,Present,Present,Present,Present,*,Present,Present,Present,Present,Present,Present,Present,Present,Present,Present,Present,Present,Present,Present,Present,Present,Present,Present,Present,Present,Present,Present,Present,Present,Present,Present,Present,Present,Present,No Data,No Data,Present,**,**,**,Present,Present,Present,Present,Present,Present,Present,Present,Present,Present,Present,Present,Present,Present,Present,Present,No Data,Present,Present,Present,Present,Present,*,*,****,Present,Present,****,Present,Present,****,Present,****,Present,****,Present,Present,Present,*,Present,Present,*,Present,****,****,****,****,****,**,**,**,Present,Present,Present,****,*,*,Present,****,****,Present,****,Present,Present,Present,Present,Present,Present,Present,Present,Present,Present,Present,Present,Present,****,*,Present,****,****,*,****,*,Present,*,No Data,Present,Present,Present,Present,****,*,*,*,**,Suspended,***,***,***,***,*,**,****,**,****,Present,****,*,Present,*,*,****,*,****,Present,*,*,****,Present,*,**,Present,Present,Present
248,SAULOG,No Data,No Data,No Data,No Data,Present,Present,Present,Present,Present,Present,Present,Suspended,Present,Present,Present,Present,Present,Present,Present,Present,Present,Present,Present,Present,Present,Present,**,**,Present,Present,Present,Present,Present,Present,Present,Present,Present,Present,Present,Present,Present,Present,Present,Present,Present,Present,Present,Present,Present,Present,Present,Present,Present,Present,Present,Present,Present,Present,No Data,No Data,Present,Present,Present,Present,**,Present,Present,Present,Present,Present,Present,Present,Present,Present,Present,Present,Present,Present,Present,Present,No Data,Present,Present,****,*,*,Present,Present,**,**,Present,****,****,*,****,Present,**,Present,Present,Present,*,Present,*,Present,Present,*,**,**,**,Present,Present,****,Present,*,*,*,****,****,****,*,*,****,****,*,****,****,Present,****,****,*,****,*,*,Present,Present,Present,Present,Present,****,Present,Present,*,****,****,****,Present,**,*,**,No Data,Present,****,****,****,****,****,Present,*,****,Suspended,**,****,****,****,*,**,****,*,Present,****,*,****,Present,*,*,**,*,****,****,****,****,Present,*,Present,*,****,****,*
249,SILVERIO,No Data,No Data,No Data,No Data,Present,Present,Present,Present,Present,Present,Present,Suspended,Present,Present,**,Present,**,Present,Present,Present,Present,Present,Present,Present,Present,Present,Present,Present,Present,Present,Present,Present,Present,Present,Present,Present,Present,Present,Present,Present,Present,Present,Present,Present,Present,Present,Present,Present,Present,Present,Present,Present,Present,Present,Present,Present,Present,Present,No Data,No Data,Present,Present,Present,Present,Present,Present,**,Present,Present,Present,Present,Present,Present,Present,Present,Present,Present,Present,Present,**,No Data,Present,Present,Present,****,Present,*,Present,Present,*,Present,Present,Present,****,**,**,Present,Present,Present,****,Present,Present,*,Present,Present,*,**,**,Present,Present,Present,Present,**,**,*,*,Present,*,****,*,Present,*,Present,****,Present,Present,Present,*,*,Present,Present,Present,*,Present,Present,Present,***,***,*,*,****,Present,Present,*,***,Present,Present,Present,*,No Data,Present,****,****,****,**,Present,*,Present,Present,Suspended,**,*,Present,****,*,*,Present,*,*,****,*,Present,Present,Present,*,*,*,****,Present,*,*,****,*,*,Present,****,Present,Present
250,SINGSON (R.),No Data,No Data,No Data,No Data,Present,Present,Present,Present,Present,Present,Present,Suspended,Present,Present,**,Present,Present,Present,**,Present,Present,Present,Present,Present,Present,Present,Present,Present,Present,Present,Present,Present,Present,**,Present,Present,Present,Present,Present,Present,Present,Present,Present,Present,Present,Present,Present,Present,Present,Present,Present,Present,Present,Present,Present,Present,Present,Present,No Data,No Data,Present,Present,Present,Present,Present,Present,Present,Present,Present,Present,Present,Present,**,Present,Present,Present,Present,Present,Present,Present,No Data,Present,Present,Present,Present,Present,*,**,**,Present,Present,Present,Present,Present,Present,**,Present,**,Present,**,Present,Present,Present,Present,Present,Present,*,*,Present,****,**,Present,Present,Present,Present,***,Present,*,Present,**,Present,Present,Present,Present,Present,Present,Present,Present,**,Present,Present,**,Present,Present,**,**,****,Present,Present,Present,Present,Present,**,**,Present,Present,Present,*,Present,No Data,Present,Present,Present,Present,**,Present,****,Present,Present,Suspended,**,**,**,**,**,**,Present,Present,Present,**,Present,**,Present,**,**,**,**,Present,Present,Present,**,Present,Present,**,Present,Present,Present,Present
251,SINGSON (R.V.),No Data,No Data,No Data,No Data,Present,Present,Present,Present,Present,Present,Present,Suspended,Present,Present,**,**,Present,Present,Present,Present,Present,Present,Present,Present,Present,Present,Present,Present,Present,Present,Present,Present,Present,Present,Present,Present,Present,Present,Present,Present,Present,Present,Present,Present,Present,Present,Present,Present,Present,Present,Present,Present,Present,Present,Present,Present,Present,Present,No Data,No Data,Present,Present,Present,Present,Present,Present,Present,Present,Present,Present,Present,Present,Present,Present,Present,Present,Present,Present,Present,Present,No Data,Present,Present,****,****,****,Present,Present,****,Present,Present,Present,Present,Present,Present,****,**,**,Present,Present,**,*,Present,Present,Present,Present,Present,**,**,**,****,Present,Present,Present,Present,****,Present,Present,Present,*,Present,Present,****,****,****,Present,Present,Present,Present,****,****,****,Present,Present,Present,Present,Present,Present,Present,Present,*,Present,****,****,*,Present,****,Present,*,No Data,****,****,****,****,****,****,****,*,*,Suspended,Present,****,****,****,*,**,Present,Present,*,Present,****,Present,Present,****,Present,****,*,****,Present,Present,****,****,****,Present,*,****,****,*
252,SINGSON-MEEHAN,No Data,No Data,No Data,No Data,Present,Present,Present,Present,Present,Present,Present,Suspended,Present,Present,Present,Present,Present,Present,Present,Present,Present,Present,**,Present,Present,Present,Present,Present,Present,Present,Present,Present,Present,Present,Present,Present,Present,Present,Present,Present,Present,Present,Present,Present,Present,Present,Present,Present,Present,Present,Present,Present,Present,Present,Present,Present,Present,Present,No Data,No Data,Present,Present,Present,Present,Present,Present,Present,Present,Present,Present,Present,Present,Present,Present,Present,Present,Present,Present,Present,Present,No Data,Present,Present,Present,Present,Present,Present,Present,**,Present,Present,Present,Present,Present,*,Present,Present,Present,Present,Present,****,**,Present,Present,Present,Present,**,**,**,**,**,**,Present,Present,Present,Present,Present,****,****,Present,Present,Present,Present,Present,Present,Present,Present,Present,*,Present,Present,Present,Present,Present,Present,Present,Present,Present,***,Present,*,Present,Present,Present,**,**,Present,Present,Present,No Data,****,****,**,**,Present,**,Present,*,*,Suspended,Present,Present,**,****,Present,**,**,**,*,**,Present,Present,Present,Present,Present,**,*,****,Present,*,Present,*,Present,**,Present,Present,Present,Present
253,SOLON,No Data,No Data,No Data,No Data,Present,Present,Present,Present,Present,Present,**,Suspended,**,Present,Present,Present,**,Present,**,Present,Present,Present,Present,Present,Present,Present,Present,Present,**,Present,Present,Present,Present,Present,Present,Present,Present,Present,Present,Present,Present,Present,Present,Present,Present,Present,Present,Present,Present,Present,Present,Present,Present,Present,Present,Present,Present,Present,No Data,No Data,Present,Present,Present,Present,Present,Present,**,Present,Present,Present,Present,Present,Present,Present,Present,Present,Present,Present,Present,Present,No Data,Present,Present,Present,Present,Present,Present,*,**,Present,Present,**,**,Present,**,Present,Present,Present,****,****,****,Present,*,Present,Present,Present,Present,**,**,Present,****,****,**,**,*,**,Present,Present,Present,Present,Present,Present,*,Present,****,*,Present,Present,*,**,**,**,Present,Present,Present,Present,***,***,Present,Present,**,*,Present,****,Present,Present,**,*,**,No Data,Present,Present,Present,*,Present,Present,****,Present,*,Suspended,****,****,****,**,*,Present,****,*,Present,****,****,**,**,Present,Present,**,*,****,Present,*,****,****,Present,*,Present,Present,*,Present
254,SORIANO,No Data,No Data,No Data,No Data,Present,Present,Present,Present,Present,Present,Present,Suspended,Present,Present,Present,Present,Present,Present,Present,Present,Present,Present,Present,Present,Present,**,Present,Present,Present,Present,Present,Present,Present,Present,Present,Present,Present,Present,Present,Present,Present,Present,Present,Present,Present,Present,Present,Present,Present,Present,Present,Present,Present,Present,Present,Present,Not Listed,Not Listed,No Data,No Data,Not Listed,Not Listed,Not Listed,Not Listed,Not Listed,Not Listed,Not Listed,Not Listed,Not Listed,Not Listed,Not Listed,Not Listed,Not Listed,Not Listed,Not Listed,Not Listed,Not Listed,Not Listed,Not Listed,Not Listed,No Data,Not Listed,Not Listed,Not Listed,Not Listed,Not Listed,Not Listed,Not Listed,Not Listed,Not Listed,Not Listed,Not Listed,Not Listed,Not Listed,Not Listed,Not Listed,Not Listed,Not Listed,Not Listed,Not Listed,Not Listed,Not Listed,Not Listed,Not Listed,Not Listed,Not Listed,Not Listed,Not Listed,Not Listed,Not Listed,Not Listed,Not Listed,Not Listed,Not Listed,Not Listed,Not Listed,Not Listed,Not Listed,Not Listed,Not Listed,Not Listed,Not Listed,Not Listed,Not Listed,Not Listed,Not Listed,Not Listed,Not Listed,Not Listed,Not Listed,Not Listed,Not Listed,Not Listed,Not Listed,Not Listed,Not Listed,Not Listed,Not Listed,Not Listed,Not Listed,Not Listed,Not Listed,Not Listed,Not Listed,Not Listed,Not Listed,Not Listed,Not Listed,Not Listed,No Data,Not Listed,Not Listed,Not Listed,Not Listed,Not Listed,Not Listed,Not Listed,Not Listed,Not Listed,Suspended,Not Listed,Not Listed,Not Listed,Not Listed,Not Listed,Not Listed,Not Listed,Not Listed,Not Listed,Not Listed,Not Listed,Not Listed,Not Listed,Not Listed,Not Listed,Not Listed,Not Listed,Not Listed,Not Listed,Not Listed,Not Listed,Not Listed,Not Listed,Not Listed,Not Listed,Not Listed,Not Listed,Not Listed
254,TULFO (E.),No Data,No Data,No Data,No Data,Not Listed,Not Listed,Not Listed,Not Listed,Not Listed,Not Listed,Not Listed,Suspended,Not Listed,Not Listed,Not Listed,Not Listed,Not Listed,Not Listed,Not Listed,Not Listed,Not Listed,Not Listed,Not Listed,Not Listed,Not Listed,Not Listed,Not Listed,Not Listed,Not Listed,Not Listed,Not Listed,Not Listed,Not Listed,Not Listed,Not Listed,Not Listed,Not Listed,Not Listed,Not Listed,Not Listed,Not Listed,Not Listed,Not Listed,Not Listed,Not Listed,Not Listed,Not Listed,Not Listed,Not Listed,Not Listed,Not Listed,Not Listed,Not Listed,Not Listed,Not Listed,Not Listed,Not Listed,Not Listed,No Data,No Data,Not Listed,Not Listed,Not Listed,Not Listed,Not Listed,Not Listed,Not Listed,Not Listed,Not Listed,Not Listed,Not Listed,Not Listed,Not Listed,Not Listed,Not Listed,Not Listed,Not Listed,Not Listed,Not Listed,Not Listed,No Data,Present,Present,Present,Present,Present,Present,Present,Present,Present,Present,*,****,**,**,Present,****,**,Present,*,Present,*,*,Present,Present,*,Present,Present,Present,*,Present,*,Present,*,Present,Present,Present,*,**,Present,Present,*,Present,Present,Present,Present,**,*,Present,Present,Present,Present,Present,Present,Present,Present,Present,Present,Present,Present,Present,Present,Present,Present,Present,Present,Present,**,Present,No Data,Present,*,***,***,Present,Present,Present,*,Present,Suspended,Present,Present,Present,Present,Present,*,Present,Present,Present,*,Present,*,Present,Present,Present,*,Present,Present,*,Present,*,****,****,***,Present,Present,****,*
255,SUAN,No Data,No Data,No Data,No Data,Present,Present,Present,Present,Present,Present,Present,Suspended,Present,Present,Present,Present,**,**,Present,Present,Present,Present,Present,Present,Present,Present,Present,Present,**,Present,Present,Present,Present,Present,Present,**,Present,Present,Present,**,Present,Present,Present,Present,Present,Present,Present,Present,Present,Present,Present,Present,Present,Present,Present,Present,Present,Present,No Data,No Data,Present,Present,Present,Present,Present,Present,Present,Present,**,**,**,Present,Present,Present,Present,Present,Present,Present,Present,**,No Data,Present,Present,Present,Present,Present,Present,*,Present,Present,Present,*,Present,Present,Present,Present,Present,Present,Present,Present,Present,**,**,Present,Present,Present,Present,Present,Present,Present,Present,Present,Present,Present,Present,Present,Present,Present,Present,Present,Present,Present,Present,Present,Present,Present,*,Present,Present,****,***,****,Present,Present,Present,Present,Present,Present,Present,Present,Present,Present,Present,Present,Present,Present,Present,****,Present,No Data,Present,Present,Present,Present,Present,*,Present,Present,Present,Suspended,Present,Present,Present,Present,Present,Present,Present,Present,Present,**,Present,Present,Present,Present,Present,Present,Present,Present,Present,**,Present,Present,**,Present,Present,Present,****,**
256,SUANSING (H.),No Data,No Data,No Data,No Data,Present,Present,Present,Present,Present,Present,Present,Suspended,**,Present,Present,Present,Present,Present,Present,Present,Present,Present,Present,Present,**,Present,Present,Present,Present,Present,Present,Present,Present,Present,Present,Present,Present,Present,Present,Present,Present,Present,Present,Present,Present,Present,Present,Present,Present,Present,Present,Present,Present,Present,Present,Present,Present,Present,No Data,No Data,Present,Present,Present,Present,Present,Present,Present,Present,Present,Present,Present,Present,Present,Present,Present,Present,Present,Present,Present,Present,No Data,Present,**,Present,****,Present,****,****,****,****,Present,****,Present,Present,****,**,**,****,****,****,****,****,*,Present,Present,****,****,Present,****,Present,****,****,****,Present,****,*,*,****,****,*,*,Present,****,****,*,****,****,****,****,****,****,****,****,****,Present,****,****,Present,****,****,****,**,****,Present,****,****,****,****,***,No Data,****,***,****,****,****,****,****,****,**,Suspended,****,****,****,****,Present,*,****,****,****,****,****,Present,***,****,****,**,*,****,****,**,***,***,***,***,***,***,***,*
257,SUANSING (M.A.),No Data,No Data,No Data,No Data,Present,Present,Present,Present,Present,Present,Present,Suspended,Present,Present,Present,**,Present,Present,Present,Present,Present,Present,Present,Present,**,Present,Present,Present,Present,Present,Present,Present,Present,Present,Present,Present,Present,Present,Present,Present,Present,Present,Present,Present,Present,Present,Present,Present,Present,Present,Present,Present,Present,Present,Present,Present,Present,Present,No Data,No Data,Present,Present,Present,Present,Present,Present,Present,Present,Present,Present,Present,Present,Present,Present,Present,Present,Present,Present,Present,Present,No Data,Present,Present,**,Present,Present,Present,Present,Present,Present,Present,Present,Present,Present,*,**,*,*,Present,*,Present,Present,Present,Present,Present,*,Present,Present,****,Present,*,**,Present,Present,*,Present,Present,Present,*,*,*,Present,Present,*,*,****,Present,*,*,Present,**,*,Present,***,Present,Present,Present,Present,Present,*,*,*,Present,Present,**,Present,*,Present,***,No Data,Present,*,****,*,****,Present,*,*,**,Suspended,****,Present,Present,*,*,*,Present,**,**,****,****,Present,****,****,****,**,*,****,***,***,***,***,***,Present,*,***,***,*
258,SUAREZ,No Data,No Data,No Data,No Data,Present,Present,Present,Present,Present,Present,**,Suspended,**,Present,**,Present,Present,Present,**,Present,Present,Present,Present,Present,Present,Present,Present,Present,Present,Present,Present,Present,Present,Present,Present,Present,Present,Present,Present,Present,Present,Present,Present,Present,Present,Present,Present,Present,Present,Present,Present,Present,Present,Present,Present,Present,Present,Present,No Data,No Data,Present,Present,Present,Present,**,**,Present,Present,Present,Present,Present,Present,Present,**,Present,Present,Present,Present,Present,Present,No Data,Present,Present,Present,Present,Present,Present,Present,**,****,Present,Present,Present,Present,****,Present,*,**,Present,****,Present,Present,*,Present,Present,Present,Present,*,****,****,****,*,Present,Present,Present,*,****,**,Present,Present,Present,*,Present,Present,Present,****,Present,Present,*,*,Present,Present,*,Present,Present,Present,Present,Present,Present,Present,Present,*,Present,*,Present,Present,**,Present,**,No Data,*,Present,Present,*,Present,Present,*,Present,*,Suspended,Present,Present,Present,Present,Present,Present,Present,**,**,**,Present,Present,Present,Present,*,**,Present,**,Present,**,*,Present,Present,Present,Present,Present,Present,**
259,TALLADO,No Data,No Data,No Data,No Data,Present,Present,Present,Present,Present,Present,Present,Suspended,Present,Present,Present,Present,Present,Present,Present,Present,Present,Present,Present,Present,Present,Present,Present,**,**,Present,Present,**,Present,Present,Present,Present,Present,Present,Present,Present,Present,Present,Present,Present,Present,Present,Present,Present,Present,Present,Present,Present,Present,Present,Present,Present,Present,Present,No Data,No Data,Present,Present,Present,Present,Present,Present,Present,Present,Present,Present,Present,Present,Present,Present,Present,Present,Present,Present,Present,Present,No Data,Present,Present,Present,Present,Present,Present,Present,Present,*,Present,*,**,Present,**,**,**,**,Present,*,Present,*,*,Present,Present,*,**,**,**,Present,*,Present,Present,*,Present,Present,Present,Present,Present,*,*,Present,**,**,**,**,**,Present,Present,Present,Present,****,Present,Present,Present,*,Present,Present,Present,Present,Present,*,Present,Present,****,***,**,**,*,No Data,***,***,Present,Present,Present,***,***,**,**,Suspended,****,***,***,Present,*,*,Present,***,***,***,**,****,Present,****,****,Present,Present,**,**,**,Present,****,***,****,Present,*,Present,*
260,TAMAYO,No Data,No Data,No Data,No Data,Present,Present,Present,Present,Present,Present,Present,Suspended,**,Present,**,Present,Present,**,Present,Present,Present,Present,Present,Present,Present,**,Present,Present,Present,Present,Present,Present,Present,Present,Present,Present,Present,Present,Present,Present,Present,Present,Present,Present,Present,Present,Present,Present,Present,Present,Present,Present,Present,Present,Present,Present,Present,Present,No Data,No Data,Present,Present,Present,Present,Present,Present,Present,Present,Present,Present,Present,Present,Present,Present,Present,Present,Present,Present,Present,Present,No Data,Present,Present,Present,***,Present,***,***,***,Present,Present,Present,Present,Present,Present,Present,Present,Present,Present,Present,Present,Present,Present,Present,Present,*,Present,Present,Present,Present,Present,Present,Present,*,Present,Present,Present,Present,Present,Present,Present,****,****,****,****,****,****,****,****,****,****,****,****,****,****,****,****,****,****,****,****,**,****,****,****,****,Present,Present,Present,No Data,Present,Present,Present,Present,Present,Present,Present,Present,Present,Suspended,*,Present,*,Present,*,****,****,****,****,****,****,****,****,****,****,*,Present,****,Present,Present,Present,Present,Present,Present,Present,****,****,****
261,TAMBUNTING,No Data,No Data,No Data,No Data,Present,Present,Present,Present,Present,Present,Present,Suspended,**,Present,Present,Present,Present,Present,Present,Present,Present,Present,Present,Present,**,Present,Present,Present,**,Present,Present,Present,Present,Present,Present,Present,Present,Present,Present,**,Present,Present,Present,Present,Present,Present,Present,Present,**,Present,Present,Present,Present,Present,Present,**,Present,Present,No Data,No Data,Present,Present,Present,Present,**,Present,Present,Present,Present,Present,Present,Present,Present,**,Present,Present,**,Present,Present,Present,No Data,Present,Present,****,***,***,***,***,**,Present,Present,Present,**,Present,****,*,****,*,*,*,*,Present,*,Present,Present,*,****,*,Present,*,*,*,*,Present,**,*,Present,**,Present,Present,Present,Present,*,**,**,****,Present,Present,*,****,*,****,*,*,Present,Present,**,**,**,**,Present,*,Present,*,Present,Present,**,***,**,No Data,Present,**,**,*,*,Present,**,Present,*,Suspended,**,*,*,**,*,**,Present,Present,*,*,*,Present,*,Present,Present,Present,Present,****,Present,**,Present,**,Present,Present,Present,Present,Present,*
262,TAN (J.),No Data,No Data,No Data,No Data,Present,Present,Present,Present,Present,Present,Present,Suspended,Present,Present,Present,**,**,**,**,Present,Present,Present,Present,Present,Present,Present,Present,Present,Present,Present,Present,Present,Present,Present,Present,Present,Present,Present,Present,Present,Present,Present,Present,Present,Present,Present,Present,Present,**,**,**,**,**,Present,Present,Present,Present,Present,No Data,No Data,Present,Present,Present,Present,Present,Present,Present,Present,Present,Present,Present,Present,Present,Present,Present,Present,Present,Present,Present,Present,No Data,Present,Present,Present,****,Present,Present,Present,*,**,Present,Present,****,Present,Present,Present,*,Present,Present,Present,Present,*,Present,Present,Present,Present,Present,Present,Present,Present,Present,Present,Present,Present,Present,Present,Present,*,Present,Present,Present,Present,Present,Present,Present,**,**,Present,Present,Present,Present,Present,Present,Present,Present,Present,Present,Present,Present,Present,Present,Present,Present,Present,*,Present,Present,Present,Present,No Data,Present,**,Present,Present,Present,Present,Present,Present,*,Suspended,Present,Present,*,****,Present,**,Present,Present,*,Present,Present,Present,Present,Present,Present,Present,Present,*,Present,Present,Present,Present,*,Present,Present,Present,Present,Present
263,TAN (K.M.),No Data,No Data,No Data,No Data,Present,Present,Present,Present,Present,Present,Present,Suspended,Present,Present,Present,Present,**,Present,Present,Present,Present,Present,Present,Present,Present,Present,Present,Present,Present,Present,Present,Present,Present,Present,Present,Present,Present,Present,Present,Present,Present,Present,Present,Present,Present,Present,Present,Present,Present,Present,Present,Present,Present,Present,Present,Present,Present,Present,No Data,No Data,Present,Present,Present,Present,Present,Present,Present,Present,Present,Present,Present,Present,Present,Present,Present,Present,Present,Present,Present,Present,No Data,Present,Present,****,Present,Present,Present,*,****,Present,Present,Present,Present,Present,Present,Present,Present,Present,****,Present,Present,*,Present,Present,Present,Present,Present,*,Present,*,Present,Present,Present,Present,Present,**,Present,Present,Present,Present,Present,Present,**,**,Present,Present,Present,***,Present,Present,Present,Present,****,*,Present,Present,Present,Present,Present,Present,Present,Present,Present,*,Present,Present,Present,Present,Present,No Data,*,****,Present,*,Present,Present,Present,Present,****,Suspended,Present,Present,****,**,Present,Present,Present,Present,Present,Present,Present,Present,****,Present,Present,Present,*,Present,Present,****,**,****,Present,Present,*,Present,****,*
264,TAN (R.M.),No Data,No Data,No Data,No Data,Present,Present,Present,Present,Present,Present,Present,Suspended,Present,Present,Present,Present,Present,Present,Present,Present,Present,Present,Present,Present,Present,Present,Present,Present,Present,Present,Present,Present,Present,Present,Present,Present,Present,Present,Present,Present,Present,Present,Present,Present,Present,Present,Present,Present,Present,Present,Present,Present,Present,***,***,***,Present,Present,No Data,No Data,Present,Present,Present,Present,Present,Present,Present,***,Present,Present,Present,Present,Present,Present,Present,Present,Present,Present,Present,**,No Data,Present,Present,Present,Present,Present,****,****,Present,*,Present,Present,*,****,****,Present,****,****,*,Present,****,Present,*,Present,Present,*,****,*,**,**,**,**,*,****,****,*,****,****,****,****,****,****,Present,****,Present,Present,Present,***,***,***,***,****,****,Present,Present,Present,****,****,*,****,****,Present,Present,Present,Present,****,****,***,Present,No Data,****,****,****,****,****,****,****,****,*,Suspended,**,****,****,****,*,*,****,****,Present,****,****,****,****,****,****,****,***,****,****,Present,Present,*,*,****,****,***,***,***
265,TAN (S.),No Data,No Data,No Data,No Data,Present,Present,Present,Present,Present,Present,Present,Suspended,Present,Present,Present,Present,Present,Present,Present,Present,Present,Present,Present,Present,Present,Present,Present,Present,Present,Present,Present,Present,Present,Present,Present,Present,Present,Present,Present,Present,Present,Present,Present,Present,Present,Present,Present,Present,Present,Present,Present,Present,Present,Present,Present,Present,Present,Present,No Data,No Data,Present,Present,Present,Present,Present,Present,Present,Present,Present,Present,Present,Present,Present,Present,Present,Present,Present,Present,Present,Present,No Data,Present,Present,****,****,****,****,Present,****,****,Present,****,****,****,****,****,****,****,****,****,****,****,****,Present,Present,*,****,****,****,*,****,****,****,****,****,****,****,****,****,****,****,***,****,***,****,****,****,****,****,****,****,****,****,****,****,****,****,****,****,****,****,**,****,****,****,****,****,****,****,No Data,****,****,****,****,****,*,*,****,****,Suspended,****,****,****,****,****,*,****,****,****,****,****,****,*,****,****,*,*,****,****,****,****,****,****,****,****,****,****,****
266,TAN (S.J.),No Data,No Data,No Data,No Data,Present,Present,Present,Present,Present,Present,Present,Suspended,Present,Present,Present,Present,Present,Present,Present,Present,Present,Present,Present,Present,Present,Present,Present,Present,Present,Present,Present,Present,Present,Present,Present,Present,Present,Present,Present,Present,Present,Present,Present,Present,Present,Present,Present,Present,Present,Present,Present,***,***,***,***,***,Present,Present,No Data,No Data,Present,Present,Present,Present,***,***,***,***,***,***,***,Present,Present,Present,Present,Present,Present,Present,Present,**,No Data,Present,Present,Present,Present,Present,****,****,Present,**,Present,**,**,**,**,Present,Present,****,*,Present,****,Present,*,Present,Present,*,**,*,****,**,**,****,*,*,****,****,****,****,****,****,****,*,****,****,****,Present,Present,****,***,***,***,***,****,****,****,****,****,****,*,*,****,Present,*,Present,****,Present,****,****,*,No Data,****,****,****,****,****,****,****,****,*,Suspended,**,****,****,****,*,*,****,****,Present,****,****,****,****,****,****,****,***,****,****,Present,Present,*,*,****,****,****,***,***
267,TAN-TAMBUT,No Data,No Data,No Data,No Data,Present,Present,Present,Present,Present,Present,**,Suspended,Present,Present,Present,Present,**,Present,Present,Present,Present,Present,Present,Present,Present,Present,**,Present,Present,Present,Present,Present,Present,Present,Present,Present,Present,Present,Present,Present,Present,Present,Present,Present,Present,Present,Present,Present,Present,Present,Present,Present,Present,Present,Present,Present,Present,Present,No Data,No Data,Present,Present,Present,Present,Present,Present,Present,Present,Present,Present,Present,Present,Present,Present,Present,Present,Present,Present,Present,Present,No Data,Present,Present,****,****,****,****,****,*,****,Present,****,****,****,****,****,****,****,****,****,****,****,****,Present,Present,****,*,****,*,****,****,****,****,****,****,****,****,****,****,****,****,****,****,****,****,****,****,****,****,****,****,****,****,****,****,*,****,****,****,****,****,**,****,****,****,****,*,****,****,No Data,****,****,****,****,****,****,****,****,****,Suspended,****,****,****,****,****,****,****,****,****,****,****,****,****,****,****,****,****,****,****,****,****,****,****,****,****,*,****,****
268,TANCHAY,No Data,No Data,No Data,No Data,Present,Present,Present,Present,Present,Present,Present,Suspended,Present,Present,**,Present,**,Present,**,**,Present,Present,**,Present,**,Present,Present,Present,Present,Present,Present,Present,Present,Present,Present,**,Present,Present,Present,Present,Present,Present,Present,Present,Present,Present,Present,Present,Present,Present,Present,Present,Present,Present,Present,Present,Present,Present,No Data,No Data,Present,Present,Present,Present,Present,Present,Present,Present,Present,Present,Present,Present,Present,Present,Present,Present,Present,Present,Present,Present,No Data,Present,Present,Present,****,****,****,*,*,****,Present,Present,****,****,****,****,****,****,*,****,****,****,*,Present,Present,*,****,****,****,****,****,****,*,Present,****,Present,****,*,Present,Present,Present,****,Present,****,****,****,****,****,*,Present,Present,Present,Present,****,****,Present,Present,****,*,*,*,*,Present,Present,*,Present,Present,Present,Present,No Data,*,Present,Present,Present,Present,Present,Present,Present,*,Suspended,*,Present,****,Present,Present,*,Present,Present,Present,****,Present,Present,Present,Present,****,Present,Present,****,*,Present,Present,****,*,*,Present,****,****,****
269,TANJUATCO,No Data,No Data,No Data,No Data,Present,Present,Present,Present,Present,Present,Present,Suspended,**,Present,Present,**,Present,Present,Present,Present,Present,Present,Present,Present,Present,Present,Present,Present,Present,Present,Present,Present,Present,**,Present,**,Present,Present,Present,Present,Present,Present,Present,Present,Present,Present,Present,Present,**,Present,Present,Present,Present,Present,Present,Present,Present,Present,No Data,No Data,Present,Present,Present,Present,Present,Present,Present,Present,Present,Present,Present,Present,**,Present,Present,Present,Present,Present,Present,Present,No Data,Present,Present,****,**,**,Present,Present,Present,Present,Present,Present,**,**,Present,Present,Present,**,**,**,Present,Present,Present,Present,Present,Present,Present,Present,**,Present,Present,**,**,Present,**,**,**,**,**,*,**,**,**,**,**,Present,Present,Present,*,Present,Present,**,Present,Present,Present,Present,Present,Present,**,Present,**,Present,Present,**,Present,Present,Present,*,Present,No Data,Present,****,Present,Present,**,**,Present,Present,Present,Suspended,*,Present,****,**,**,Present,Present,Present,Present,Present,**,Present,Present,Present,Present,Present,**,Present,Present,**,**,**,Present,**,Present,Present,Present,***
270,TARRIELA,No Data,No Data,No Data,No Data,Present,Present,Present,Present,Present,Present,Present,Suspended,Present,Present,Present,Present,Present,Present,**,Present,Present,Present,**,Present,Present,Present,Present,Present,Present,Present,Present,Present,Present,Present,Present,Present,Present,Present,Present,Present,Present,Present,Present,Present,Present,Present,Present,Present,Present,Present,Present,Present,Present,Present,Present,Present,Present,Present,No Data,No Data,Present,Present,Present,Present,Present,Present,Present,Present,Present,Present,Present,Present,Present,Present,Present,Present,Present,Present,Present,Present,No Data,Present,**,Present,Present,Present,Present,*,Present,*,Present,****,Present,Present,Present,Present,Present,Present,*,**,***,Present,Present,Present,Present,Present,Present,****,Present,***,***,***,Present,Present,Present,*,*,Present,*,Present,*,*,****,Present,*,****,***,Present,Present,Present,****,****,*,Present,Present,Present,Present,*,Present,*,Present,Present,****,*,Present,***,*,*,*,No Data,*,*,*,****,*,*,Present,Present,*,Suspended,*,Present,**,Present,Present,*,Present,*,****,****,*,Present,*,*,*,Present,*,*,Present,Present,Present,*,*,*,*,*,Present,Present
271,TEODORO,No Data,No Data,No Data,No Data,Present,Present,Present,Present,Present,Present,Present,Suspended,**,Present,Present,Present,**,Present,Present,Present,Present,Present,**,Present,**,Present,Present,**,Present,Present,Present,Present,Present,Present,Present,Present,Present,Present,Present,Present,Present,Present,Present,Present,Present,Present,Present,Present,Present,Present,Present,Present,Present,Present,Present,Present,Present,Present,No Data,No Data,Present,Present,Present,Present,Present,Present,Present,Present,Present,Present,Present,Present,Present,Present,Present,Present,Present,Present,Present,Present,No Data,Present,Present,****,Present,*,*,*,Present,Present,Present,*,Present,Present,Present,Present,Present,Present,Present,Present,*,Present,**,Present,Present,*,*,*,Present,Present,*,Present,Present,Present,**,Present,Present,Present,Present,Present,Present,Present,Present,Present,Present,Present,****,*,Present,*,*,Present,Present,*,Present,Present,****,Present,Present,Present,Present,Present,*,Present,****,Present,*,Present,*,No Data,**,**,*,Present,Present,Present,Present,Present,Present,Suspended,*,Present,Present,*,*,*,*,Present,Present,Present,****,Present,Present,****,Present,Present,Present,****,Present,Present,Present,Present,Present,*,Present,***,****,*
272,TEVES (A.),No Data,No Data,No Data,No Data,Present,Present,Present,Present,Present,Present,**,Suspended,**,Present,Present,Present,**,Present,Present,**,Present,Present,Present,Present,Present,**,Present,Present,Present,Present,Present,Present,Present,Present,Present,Present,Present,Present,Present,Present,Present,Present,Present,Present,Present,Present,Present,Present,Present,Present,Present,Present,Present,Present,Present,Present,Present,Present,No Data,No Data,Present,****,****,***,***,***,***,Present,*****,*****,*****,*****,*****,*****,****,****,****,****,****,****,No Data,*****,*****,****,****,****,****,****,****,****,****,Not Listed,Not Listed,Not Listed,Not Listed,Not Listed,Not Listed,Not Listed,Not Listed,Not Listed,Not Listed,Not Listed,Not Listed,Not Listed,Not Listed,Not Listed,Not Listed,Not Listed,Not Listed,Not Listed,Not Listed,Not Listed,Not Listed,Not Listed,Not Listed,Not Listed,Not Listed,Not Listed,Not Listed,Not Listed,Not Listed,Not Listed,Not Listed,Not Listed,Not Listed,Not Listed,Not Listed,Not Listed,Not Listed,Not Listed,Not Listed,Not Listed,Not Listed,Not Listed,Not Listed,Not Listed,Not Listed,Not Listed,Not Listed,Not Listed,Not Listed,Not Listed,Not Listed,Not Listed,Not Listed,Not Listed,Not Listed,Not Listed,Not Listed,No Data,Not Listed,Not Listed,Not Listed,Not Listed,Not Listed,Not Listed,Not Listed,Not Listed,Not Listed,Suspended,Not Listed,Not Listed,Not Listed,Not Listed,Not Listed,Not Listed,Not Listed,Not Listed,Not Listed,Not Listed,Not Listed,Not Listed,Not Listed,Not Listed,Not Listed,Not Listed,Not Listed,Not Listed,Not Listed,Not Listed,Not Listed,Not Listed,Not Listed,Not Listed,Not Listed,Not Listed,Not Listed,Not Listed
273,TEVES (J.),No Data,No Data,No Data,No Data,Present,Present,Present,Present,Present,Present,Present,Suspended,Present,Present,Present,Present,Present,Present,Present,Present,Present,Present,Present,Present,Present,Present,Present,Present,Present,Present,Present,Present,Present,Present,Present,Present,Present,Present,Present,Present,Present,Present,Present,Present,Present,Present,Present,Present,Present,Present,Present,Present,Present,Present,Present,Present,Present,Present,No Data,No Data,Present,Present,Present,Present,**,Present,Present,Present,Present,Present,Present,Present,Present,Present,Present,Present,Present,Present,Present,Present,No Data,Present,Present,Present,Present,Present,Present,Present,**,Present,Present,Present,Present,**,*,Present,Present,**,*,Present,Present,*,*,Present,Present,Present,*,Present,Present,Present,*,Present,Present,Present,*,Present,Present,Present,*,Present,Present,**,Present,Present,Present,**,**,Present,*,Present,Present,*,****,Present,Present,Present,Present,Present,Present,*,*,*,Present,Present,**,*,*,*,Present,No Data,*,****,**,*,*,Present,*,*,**,Suspended,*,Present,Present,****,Present,**,Present,*,Present,**,**,**,**,Present,Present,*,Present,**,Present,*,Present,****,Present,Present,Present,*,*,*
274,TIANGCO,No Data,No Data,No Data,No Data,Present,Present,Present,Present,Present,Present,Present,Suspended,Present,Present,Present,Present,Present,Present,Present,**,**,Present,Present,Present,Present,Present,Present,Present,Present,Present,Present,Present,Present,**,Present,Present,Present,Present,Present,Present,Present,Present,Present,Present,Present,Present,Present,Present,Present,Present,Present,Present,Present,Present,Present,Present,Present,Present,No Data,No Data,Present,Present,Present,Present,Present,Present,Present,Present,Present,Present,Present,Present,**,Present,Present,Present,Present,Present,Present,Present,No Data,Present,Present,Present,Present,***,**,**,Present,**,Present,Present,Present,**,Present,**,**,**,**,**,**,**,**,**,**,**,Present,*,*,Present,Present,*,Present,Present,Present,Present,Present,**,****,Present,Present,Present,Present,Present,Present,Present,Present,Present,Present,**,*,Present,Present,Present,***,***,Present,Present,****,****,*,Present,Present,**,****,*,*,*,***,No Data,*,Present,*,*,*,Present,*,*,**,Suspended,Present,Present,Present,Present,*,Present,*,Present,****,Present,****,*,***,****,*,*,*,****,Present,****,****,****,****,****,****,Present,*,Present
275,TIENG,No Data,No Data,No Data,No Data,Present,Present,Present,Present,Present,Present,Present,Suspended,**,Present,Present,Present,Present,Present,Present,Present,Present,Present,Present,Present,**,Present,Present,Present,Present,Present,Present,**,Present,Present,Present,Present,Present,Present,Present,Present,Present,Present,Present,Present,Present,Present,Present,Present,Present,Present,Present,Present,Present,Present,Present,Present,Present,Present,No Data,No Data,Present,Present,Present,Present,Present,Present,**,Present,Present,Present,Present,Present,Present,Present,Present,Present,Present,Present,Present,Present,No Data,Present,Present,*,**,**,Present,Present,Present,Present,Present,Present,Present,Present,Present,Present,Present,Present,Present,Present,Present,Present,Present,Present,Present,Present,Present,Present,Present,Present,Present,Present,**,Present,Present,Present,Present,*,Present,Present,Present,*,**,**,**,**,**,*,Present,Present,Present,Present,Present,Present,Present,Present,Present,*,Present,Present,Present,Present,Present,*,Present,Present,Present,Present,**,No Data,Present,*,Present,*,Present,****,Present,Present,Present,Suspended,Present,*,Present,**,Present,*,****,Present,Present,Present,*,Present,*,Present,Present,Present,Present,Present,*,Present,Present,Present,Present,*,*,Present,****,****
276,TOLENTINO,No Data,No Data,No Data,No Data,Present,Present,Present,Present,Present,Present,Present,Suspended,Present,Present,Present,Present,Present,Present,Present,Present,Present,Present,Present,Present,Present,Present,Present,Present,Present,Present,Present,Present,Present,Present,Present,Present,Present,Present,Present,Present,Present,Present,Present,Present,Present,Present,Present,Present,Present,Present,Present,Present,Present,Present,Present,Present,Present,Present,No Data,No Data,Present,Present,Present,Present,Present,Present,Present,Present,Present,Present,Present,Present,Present,Present,Present,Present,Present,Present,Present,Present,No Data,Present,Present,Present,Present,****,**,Present,Present,Present,Present,Present,*,Present,**,***,**,**,**,Present,**,**,*,**,**,**,Present,**,**,Present,****,**,*,**,*,Present,Present,Present,**,Present,**,Present,Present,**,Present,Present,**,Present,*,Present,**,Present,**,**,Present,Present,****,Present,**,**,****,Present,Present,*,Present,****,****,**,Present,No Data,**,**,**,**,**,**,**,**,Present,Suspended,Present,****,Present,Present,*,*,Present,Present,*,****,Present,****,Present,****,*,****,****,****,***,***,***,***,***,*,Present,Present,*,*
277,TULFO (J.),No Data,No Data,No Data,No Data,Present,Present,Present,Present,Present,Present,Present,Suspended,Present,Present,Present,Present,Present,Present,Present,Present,Present,Present,Present,Present,Present,Present,Present,**,**,Present,Present,Present,Present,Present,Present,Present,Present,Present,Present,Present,Present,Present,Present,Present,Present,Present,Present,Present,Present,Present,Present,Present,Present,Present,Present,Present,Present,Present,No Data,No Data,Present,Present,Present,Present,Present,Present,Present,Present,Present,Present,Present,Present,Present,Present,Present,Present,Present,Present,Present,Present,No Data,Present,Present,Present,Present,Present,Present,Present,Present,Present,Present,Present,Present,Present,Present,Present,Present,Present,Present,Present,Present,Present,*,Present,Present,Present,Present,**,**,Present,Present,Present,Present,Present,**,**,**,Present,Present,Present,Present,Present,Present,Present,Present,**,Present,**,Present,Present,Present,Present,Present,Present,Present,Present,Present,Present,Present,**,**,Present,Present,Present,Present,Present,Present,Present,Present,No Data,Present,Present,Present,Present,Present,Present,Present,Present,Present,Suspended,Present,Present,Present,Present,Present,**,Present,Present,Present,Present,Present,Present,Present,Present,Present,Present,***,Present,Present,Present,Present,Present,Present,Present,Present,Present,Present,Present
278,TULFO (R.W.),No Data,No Data,No Data,No Data,Present,Present,Present,Present,Present,Present,Present,Suspended,Present,Present,Present,Present,Present,Present,**,Present,Present,Present,Present,Present,Present,Present,Present,Present,Present,Present,Present,**,Present,Present,Present,Present,Present,Present,Present,Present,Present,Present,Present,Present,Present,Present,Present,Present,Present,Present,Present,Present,Present,Present,Present,Present,Present,Present,No Data,No Data,Present,Present,Present,Present,Present,Present,Present,Present,Present,Present,Present,Present,Present,Present,Present,Present,Present,Present,Present,Present,No Data,Present,Present,Present,*,Present,***,*,*,Present,Present,Present,Present,Present,Present,Present,****,*,****,Present,Present,Present,Present,Present,Present,Present,Present,Present,Present,Present,Present,Present,Present,Present,Present,Present,Present,Present,Present,Present,Present,*,Present,Present,Present,Present,Present,Present,*,Present,****,Present,Present,Present,Present,Present,Present,Present,Present,Present,Present,Present,*,Present,Present,Present,Present,Present,Present,No Data,Present,Present,*,Present,Present,Present,Present,Present,Present,Suspended,Present,Present,Present,****,*,Present,Present,Present,Present,Present,Present,Present,Present,Present,Present,Present,***,Present,Present,Present,Present,Present,Present,Present,Present,Present,Present,Present
279,TUPAS,No Data,No Data,No Data,No Data,Present,Present,Present,Present,Present,Present,Present,Suspended,Present,Present,Present,Present,Present,Present,Present,Present,Present,Present,Present,Present,Present,Present,Present,Present,Present,Present,Present,Present,**,Present,Present,Present,Present,Present,Present,Present,Present,Present,Present,Present,Present,Present,Present,Present,Present,Present,Present,Present,Present,Present,Present,Present,Present,Present,No Data,No Data,Present,Present,Present,Present,Present,Present,Present,Present,Present,Present,Present,Present,Present,Present,Present,Present,Present,Present,Present,**,No Data,Present,Present,Present,*,Present,****,Present,*,*,Present,****,****,Present,****,****,****,Present,*,*,Present,*,*,Present,Present,Present,Present,****,****,****,****,****,****,****,****,*,****,*,Present,**,Present,*,*,Present,Present,Present,*,*,*,*,Present,*,*,*,****,*,Present,Present,*,Present,*,Present,*,Present,****,*,Present,Present,Present,No Data,Present,****,*,Present,**,Present,Present,Present,*,Suspended,*,Present,Present,Present,*,*,*,Present,Present,Present,*,Present,Present,Present,Present,Present,Present,Present,Present,Present,Present,Present,Present,Present,Present,***,**,**
280,TUTOR,No Data,No Data,No Data,No Data,Present,Present,Present,Present,Present,Present,Present,Suspended,Present,Present,Present,Present,Present,Present,Present,Present,Present,Present,Present,Present,Present,Present,Present,Present,Present,Present,Present,Present,Present,Present,Present,Present,Present,Present,Present,Present,Present,Present,Present,Present,Present,Present,Present,Present,Present,Present,Present,Present,Present,Present,Present,Present,Present,Present,No Data,No Data,Present,Present,Present,Present,Present,Present,Present,Present,Present,Present,Present,Present,Present,Present,Present,Present,Present,Present,Present,Present,No Data,Present,Present,**,**,**,*,Present,*,Present,Present,Present,*,Present,*,**,Present,**,Present,Present,*,**,**,**,**,Present,**,**,Present,**,**,**,**,*,*,**,*,*,Present,*,*,**,**,**,**,**,**,****,****,Present,Present,*,****,Present,Present,*,Present,**,*,**,*,Present,*,*,**,**,**,**,**,No Data,*,**,**,**,**,**,**,Present,***,Suspended,*,**,**,**,*,**,**,**,*,*,**,***,***,***,*,*,*,Present,**,**,*,Present,*,**,*,*,Present,*
281,TY,No Data,No Data,No Data,No Data,Present,Present,Present,Present,Present,Present,Present,Suspended,Present,Present,Present,Present,Present,Present,Present,Present,Present,Present,Present,Present,Present,Present,Present,Present,Present,Present,Present,Present,Present,Present,Present,Present,Present,Present,Present,Present,Present,Present,Present,Present,Present,Present,Present,Present,Present,Present,Present,Present,Present,Present,Present,Present,Present,Present,No Data,No Data,Present,Present,Present,Present,Present,Present,Present,Present,Present,Present,Present,Present,Present,Present,Present,Present,Present,Present,Present,Present,No Data,Present,Present,****,****,****,****,*,**,****,Present,****,Present,**,****,****,Present,****,****,*,*,****,*,Present,Present,Present,**,**,**,**,**,*,*,****,Present,****,Present,**,Present,Present,Present,Present,**,**,**,**,**,**,**,Present,****,****,Present,*,Present,Present,*,**,Present,**,**,Present,Present,Present,****,*,*,*,**,No Data,Present,Present,Present,*,**,****,****,*,**,Suspended,Present,****,****,****,*,**,****,*,*,*,***,*,*,***,***,Present,*,***,**,**,**,**,**,*,Present,Present,**,**
282,UMALI,No Data,No Data,No Data,No Data,Present,Present,Present,Present,Present,Present,Present,Suspended,Present,Present,Present,Present,Present,**,**,**,Present,Present,Present,Present,Present,Present,Present,Present,Present,Present,Present,Present,Present,Present,Present,Present,Present,Present,Present,Present,Present,Present,Present,Present,Present,Present,Present,Present,Present,Present,Present,Present,Present,Present,Present,**,Present,Present,No Data,No Data,Present,Present,Present,Present,Present,Present,Present,Present,Present,Present,Present,Present,Present,Present,Present,Present,Present,Present,Present,Present,No Data,Present,Present,Present,Present,Present,Present,Present,Present,Present,Present,Present,Present,Present,Present,Present,Present,Present,Present,Present,Present,Present,Present,Present,Present,Present,Present,Present,Present,Present,Present,Present,Present,Present,**,Present,Present,Present,Present,Present,Present,***,***,****,****,Present,Present,Present,Present,Present,Present,Present,Present,Present,****,Present,Present,****,Present,Present,Present,Present,Present,Present,Present,Present,Present,Present,Present,No Data,Present,Present,Present,Present,Present,Present,Present,Present,Present,Suspended,Present,Present,Present,Present,Present,**,Present,Present,Present,Present,Present,Present,Present,Present,Present,Present,Present,Present,Present,Present,Present,Present,Present,Present,Present,Present,Present,*
283,UNABIA,No Data,No Data,No Data,No Data,Present,Present,Present,Present,Present,Present,Present,Suspended,Present,Present,Present,**,Present,Present,Present,**,Present,Present,Present,Present,Present,Present,Present,Present,Present,Present,Present,Present,Present,Present,Present,Present,Present,Present,Present,Present,Present,Present,Present,Present,Present,Present,Present,Present,Present,Present,Present,Present,Present,Present,Present,Present,Present,Present,No Data,No Data,Present,Present,Present,Present,Present,Present,Present,Present,Present,Present,Present,Present,Present,Present,Present,Present,Present,Present,Present,Present,No Data,Present,**,Present,Present,Present,*,Present,**,Present,Present,***,**,Present,Present,**,Present,Present,Present,Present,Present,Present,Present,Present,Present,Present,***,***,***,Present,Present,*,***,***,***,***,Present,Present,Present,Present,Present,Present,Present,Present,Present,Present,***,Present,Present,Present,Present,Present,Present,Present,Present,Present,Present,Present,Present,Present,Present,Present,Present,Present,Present,Present,Present,**,Present,No Data,*,Present,Present,*,Present,Present,Present,Present,Present,Suspended,Present,Present,Present,Present,Present,Present,Present,Present,Present,Present,Present,Present,Present,Present,Present,Present,Present,*,***,Present,Present,Present,Present,Present,Present,****,****,****
284,UNGAB,No Data,No Data,No Data,No Data,Present,Present,Present,Present,Present,Present,Present,Suspended,Present,Present,Present,Present,Present,Present,Present,Present,Present,Present,Present,Present,Present,Present,Present,Present,Present,Present,Present,Present,Present,Present,Present,Present,Present,Present,Present,Present,Present,Present,Present,Present,Present,Present,Present,Present,Present,Present,Present,Present,Present,Present,Present,Present,Present,Present,No Data,No Data,Present,Present,Present,Present,**,Present,Present,Present,Present,Present,Present,Present,Present,Present,Present,Present,Present,Present,Present,Present,No Data,Present,Present,***,***,***,Present,Present,Present,Present,Present,Present,Present,Present,**,Present,Present,Present,Present,Present,Present,Present,Present,Present,Present,Present,Present,****,****,****,****,****,****,****,****,****,****,****,****,****,****,****,****,****,****,****,****,****,****,****,****,****,****,****,****,***,***,***,****,****,****,****,Present,****,****,****,****,****,Present,No Data,****,****,****,****,****,****,****,Present,**,Suspended,****,****,**,****,****,*,Present,Present,****,****,*,****,****,****,****,****,****,Present,*,****,****,****,****,****,****,Present,*,****
285,VALERIANO,No Data,No Data,No Data,No Data,Present,Present,Present,Present,Present,Present,Present,Suspended,Present,Present,Present,Present,Present,Present,Present,Present,Present,Present,Present,Present,Present,Present,Present,Present,Present,Present,Present,**,Present,Present,Present,Present,Present,Present,Present,Present,Present,Present,Present,Present,Present,Present,Present,Present,Present,Present,Present,Present,Present,Present,Present,**,Present,Present,No Data,No Data,Present,Present,Present,Present,Present,Present,Present,Present,Present,Present,Present,Present,Present,**,Present,Present,Present,Present,Present,Present,No Data,Present,Present,Present,Present,Present,Present,Present,Present,Present,Present,****,Present,****,Present,Present,****,Present,Present,****,Present,Present,*,Present,Present,Present,Present,Present,*,Present,****,Present,Present,Present,Present,Present,Present,****,****,*,Present,Present,*,****,Present,Present,Present,Present,Present,Present,Present,Present,Present,Present,Present,*,Present,Present,Present,*,Present,Present,Present,****,Present,*,Present,**,Present,No Data,****,**,****,Present,****,Present,****,*,Present,Suspended,Present,****,****,**,Present,*,****,*,**,*,Present,Present,*,Present,Present,**,*,**,****,Present,****,*,****,****,*,Present,Present,Present
286,VALMAYOR,No Data,No Data,No Data,No Data,Present,Present,Present,Present,Present,Present,Present,Suspended,Present,Present,Present,Present,Present,Present,Present,Present,**,Present,Present,Present,Present,Present,Present,Present,Present,Present,Present,Present,Present,Present,Present,Present,Present,Present,Present,Present,Present,Present,Present,Present,Present,Present,Present,Present,Present,Present,Present,Present,Present,Present,Present,Present,Present,Present,No Data,No Data,Present,Present,Present,Present,Present,Present,Present,Present,Present,Present,Present,Present,Present,Present,Present,Present,Present,Present,Present,Present,No Data,Present,Present,Present,Present,****,****,****,Present,Present,Present,Present,Present,****,****,Present,Present,Present,****,Present,Present,Present,Present,Present,Present,Present,****,*,Present,****,****,****,****,Present,Present,Present,Present,Present,Present,Present,Present,Present,Present,****,Present,Present,Present,Present,*,****,****,****,Present,*,**,**,Present,Present,Present,Present,Present,***,Present,Present,Present,****,Present,Present,Present,No Data,Present,Present,****,****,**,Present,Present,*,Present,Suspended,****,Present,****,Present,Present,Present,****,****,Present,Present,****,****,Present,****,Present,Present,Present,****,Present,*,Present,****,****,Present,*,****,Present,Present
287,VARGAS,No Data,No Data,No Data,No Data,Present,Present,Present,Present,Present,Present,Present,Suspended,Present,Present,**,Present,**,Present,Present,Present,**,Present,**,Present,**,Present,Present,Present,Present,Present,Present,**,Present,**,Present,Present,Present,Present,Present,Present,Present,Present,Present,Present,Present,Present,Present,Present,**,Present,Present,Present,Present,Present,Present,Present,Present,Present,No Data,No Data,Present,Present,Present,Present,Present,Present,Present,Present,Present,Present,Present,Present,Present,**,Present,Present,Present,Present,Present,Present,No Data,Present,Present,Present,Present,Present,Present,Present,****,Present,Present,Present,****,*,*,**,Present,*,**,Present,*,Present,*,Present,Present,Present,*,Present,****,****,****,****,Present,Present,****,*,****,Present,*,****,*,Present,*,Present,****,Present,Present,Present,*,****,*,****,****,****,Present,Present,Present,Present,Present,****,*,Present,****,Present,**,Present,Present,Present,Present,No Data,Present,Present,Present,Present,Present,Present,Present,Present,Present,Suspended,Present,Present,Present,Present,Present,**,**,Present,Present,Present,Present,Present,Present,Present,Present,Present,Present,***,Present,Present,Present,Present,Present,Present,Present,*,Present,Present
288,VARGAS-ALFONSO,No Data,No Data,No Data,No Data,Present,Present,Present,Present,Present,Present,Present,Suspended,Present,Present,Present,Present,**,**,**,Present,Present,Present,Present,Present,Present,Present,Present,Present,Present,Present,Present,Present,Present,Present,Present,Present,Present,Present,Present,Present,Present,Present,Present,Present,Present,Present,Present,Present,**,Present,Present,Present,Present,Present,Present,Present,Present,Present,No Data,No Data,Present,Present,Present,Present,**,Present,Present,Present,Present,Present,Present,Present,Present,Present,Present,Present,Present,Present,Present,Present,No Data,Present,Present,Present,****,*,Present,*,Present,*,Present,Present,**,Present,Present,*,****,*,Present,*,*,*,*,Present,Present,Present,Present,*,****,****,Present,****,*,Present,*,*,Present,Present,Present,Present,*,Present,Present,Present,****,****,****,Present,Present,****,****,****,****,*,Present,Present,Present,Present,Present,*,Present,*,****,Present,Present,*,****,Present,*,No Data,Present,Present,Present,****,****,Present,*,*,Present,Suspended,*,****,****,****,*,**,*,*,*,Present,Present,****,****,*,*,*,*,Present,Present,*,Present,Present,Present,****,*,Present,Present,*
289,VELASCO,No Data,No Data,No Data,No Data,Present,Present,Present,Present,Present,Present,Present,Suspended,Present,Present,Present,Present,Present,Present,Present,Present,Present,Present,**,Present,Present,Present,Present,Present,Present,Present,Present,Present,Present,Present,Present,Present,Present,Present,Present,Present,Present,Present,Present,Present,Present,Present,Present,Present,Present,Present,Present,Present,Present,Present,Present,Present,Present,Present,No Data,No Data,Present,Present,Present,Present,Present,Present,Present,Present,Present,Present,Present,Present,**,Present,Present,Present,Present,Present,Present,Present,No Data,Present,Present,**,**,**,Present,**,Present,Present,Present,Present,Present,*,*,Present,****,****,**,**,**,**,*,Present,Present,Present,**,**,**,**,**,**,****,**,**,**,****,**,**,**,****,****,****,****,****,****,****,Present,****,****,****,****,****,****,Present,**,Present,**,**,****,Present,*,****,****,****,****,**,****,Present,No Data,****,****,**,**,Present,*,*,****,****,Suspended,**,****,****,****,****,****,****,****,****,****,****,****,****,****,****,****,****,****,****,****,****,****,****,****,****,****,****,****
290,VELOSO-TUAZON,No Data,No Data,No Data,No Data,Present,Present,Present,Present,Present,Present,Present,Suspended,Present,Present,**,Present,Present,**,Present,Present,Present,Present,**,Present,Present,Present,Present,Present,Present,Present,Present,Present,Present,Present,Present,Present,Present,Present,Present,Present,Present,Present,Present,Present,Present,Present,Present,Present,Present,Present,Present,Present,Present,Present,Present,Present,Present,Present,No Data,No Data,**,Present,Present,Present,Present,Present,Present,Present,Present,Present,Present,Present,Present,Present,Present,Present,Present,Present,Present,Present,No Data,Present,Present,Present,Present,*,Present,Present,Present,Present,Present,Present,Present,Present,*,Present,Present,Present,Present,Present,**,Present,Present,Present,Present,Present,Present,Present,Present,Present,*,****,Present,Present,**,Present,**,**,**,Present,Present,Present,Present,**,Present,Present,Present,Present,*,Present,Present,Present,Present,Present,Present,Present,Present,Present,Present,Present,*,Present,Present,Present,**,**,***,***,Present,No Data,Present,Present,Present,Present,Present,Present,**,*,Present,Suspended,Present,Present,Present,Present,Present,Present,Present,Present,Present,Present,**,Present,Present,Present,Present,Present,*,**,Present,Present,**,**,**,**,*,Present,Present,Present
291,VERGARA,No Data,No Data,No Data,No Data,Present,Present,Present,Present,Present,Present,**,Suspended,Present,Present,Present,Present,Present,Present,Present,Present,Present,Present,**,Present,Present,Present,Present,**,**,Present,**,Present,Present,Present,Present,Present,Present,Present,Present,Present,Present,Present,Present,Present,Present,Present,Present,Present,Present,Present,Present,Present,Present,Present,Present,Present,Present,Present,No Data,No Data,Present,Present,Present,Present,Present,**,Present,Present,Present,Present,Present,Present,Present,Present,Present,Present,Present,Present,Present,Present,No Data,Present,Present,Present,Present,Present,Present,Present,**,Present,Present,**,*,Present,Present,Present,Present,Present,Present,****,*,*,*,Present,Present,Present,**,**,**,**,**,**,*,Present,Present,Present,*,*,**,*,*,*,****,Present,****,****,****,Present,*,Present,*,*,*,*,Present,Present,Present,**,*,Present,*,Present,Present,**,**,**,Present,Present,Present,No Data,*,****,Present,Present,Present,Present,*,Present,*,Suspended,**,Present,*,**,Present,**,Present,*,*,Present,**,Present,**,***,***,**,*,**,Present,Present,*,Present,****,***,Present,***,Present,Present
292,VERZOSA,No Data,No Data,No Data,No Data,Present,Present,Present,Present,Present,Present,Present,Suspended,Present,Present,**,Present,**,**,**,**,Present,Present,Present,Present,Present,Present,Present,Present,**,Present,Present,Present,Present,Present,Present,Present,Present,Present,Present,Present,Present,Present,Present,Present,Present,Present,Present,Present,Present,Present,Present,Present,Present,Present,Present,Present,Present,Present,No Data,No Data,Present,Present,Present,Present,**,Present,Present,Present,Present,Present,Present,Present,Present,Present,Present,Present,Present,Present,**,Present,No Data,Present,Present,Present,**,Present,**,**,**,Present,Present,**,**,**,**,**,**,**,**,**,**,**,**,Present,Present,*,**,Present,**,**,**,**,**,**,**,*,*,**,**,**,*,Present,**,**,**,**,Present,****,*,****,****,****,**,**,Present,**,*,*,*,*,Present,*,Present,*,Present,*,Present,*,**,No Data,Present,****,*,Present,*,Present,Present,Present,*,Suspended,*,*,*,****,*,**,Present,*,Present,****,*,*,*,Present,*,*,Present,*,***,*,Present,*,Present,*,*,****,****,*
293,VILLA,No Data,No Data,No Data,No Data,Present,Present,Present,Present,Present,Present,Present,Suspended,**,Present,Present,Present,**,Present,Present,**,Present,Present,**,Present,Present,Present,Present,Present,Present,Present,Present,Present,Present,Present,Present,Present,Present,Present,Present,Present,Present,Present,Present,Present,Present,Present,Present,Present,Present,Present,Present,Present,Present,Present,Present,**,Present,Present,No Data,No Data,Present,Present,Present,Present,Present,Present,Present,Present,Present,Present,Present,Present,**,Present,Present,Present,Present,Present,Present,**,No Data,Present,**,Present,Present,Present,**,**,Present,**,Present,****,****,**,**,**,**,**,**,**,**,**,Present,Present,Present,Present,Present,Present,Present,****,****,****,****,****,****,****,****,****,****,Present,*,Present,*,*,*,Present,Present,Present,Present,****,****,****,****,****,****,*,Present,Present,Present,*,*,*,**,**,**,**,**,**,**,No Data,Present,Present,**,**,**,**,**,**,**,Suspended,**,**,**,**,**,Present,**,**,****,****,****,*,*,****,****,****,*,****,****,****,****,****,****,**,Present,Present,Present,Present
294,VILLAFUERTE (L.R.),No Data,No Data,No Data,No Data,Present,Present,Present,Present,Present,Present,Present,Suspended,Present,Present,Present,**,Present,**,Present,Present,**,Present,**,Present,Present,Present,Present,Present,Present,Present,Present,Present,Present,Present,Present,Present,Present,Present,**,**,Present,Present,Present,Present,Present,Present,Present,Present,Present,Present,Present,Present,Present,Present,Present,Present,Present,Present,No Data,No Data,Present,Present,Present,Present,Present,Present,Present,Present,Present,Present,Present,Present,Present,Present,Present,**,**,Present,Present,Present,No Data,Present,Present,*,***,****,Present,**,*,Present,Present,Present,**,**,**,Present,*,Present,****,Present,Present,Present,*,**,**,Present,**,**,**,Present,Present,****,****,**,****,**,****,**,****,**,Present,**,**,**,**,**,**,Present,****,****,****,****,****,***,***,***,****,**,***,***,***,*,Present,****,****,***,**,**,***,No Data,****,****,****,****,**,****,**,**,***,Suspended,**,****,**,****,***,**,****,****,****,****,****,****,**,****,**,****,****,**,****,****,****,****,***,****,**,****,Present,**
295,VILLAFUERTE (M.L.),No Data,No Data,No Data,No Data,Present,Present,Present,Present,Present,Present,Present,Suspended,**,Present,**,Present,Present,Present,Present,Present,Present,Present,Present,Present,Present,Present,Present,Present,Present,Present,Present,Present,Present,Present,Present,Present,Present,Present,Present,Present,Present,Present,Present,Present,Present,Present,Present,Present,Present,Present,Present,Present,Present,Present,Present,Present,Present,Present,No Data,No Data,Present,Present,Present,Present,Present,Present,Present,Present,Present,Present,Present,Present,Present,Present,Present,Present,**,Present,Present,Present,No Data,Present,Present,*,***,***,***,***,***,***,Present,***,**,Present,Present,Present,Present,Present,Present,Present,Present,Present,*,**,**,*,**,**,**,**,Present,****,****,****,****,*,****,****,****,Present,*,****,****,****,****,****,****,*,****,***,***,***,****,****,Present,****,****,***,**,**,**,*,****,****,****,****,****,****,****,No Data,****,****,Present,Present,Present,Present,Present,Present,*,Suspended,*,Present,Present,Present,Present,**,*,Present,*,Present,Present,****,*,**,**,Present,Present,Present,Present,Present,Present,Present,Present,Present,Present,Present,Present,Present
296,VILLANUEVA,No Data,No Data,No Data,No Data,Present,Present,Present,Present,**,**,**,Suspended,**,**,**,**,**,**,Present,Present,Present,Present,Present,Present,Present,Present,Present,Present,Present,Present,Present,Present,Present,Present,**,**,**,Present,Present,Present,Present,Present,Present,Present,Present,Present,Present,Present,Present,Present,Present,Present,Present,Present,Present,**,Present,Present,No Data,No Data,Present,Present,Present,Present,Present,Present,Present,Present,Present,Present,Present,Present,Present,Present,Present,Present,Present,Present,Present,Present,No Data,Present,Present,****,**,**,**,**,**,**,Present,**,**,**,**,**,**,**,**,**,**,**,**,**,**,**,**,**,**,**,**,**,**,**,**,**,**,**,**,**,**,**,**,**,Present,**,**,**,**,**,**,**,**,**,**,**,**,**,**,**,**,**,**,**,**,**,**,**,**,No Data,**,**,**,**,**,**,**,**,**,Suspended,**,**,**,**,***,**,**,**,**,**,**,**,**,**,**,**,**,**,**,**,**,**,**,**,**,**,**,**
297,VILLAR,No Data,No Data,No Data,No Data,Present,Present,Present,Present,Present,Present,Present,Suspended,Present,Present,Present,Present,Present,Present,Present,Present,Present,Present,Present,Present,Present,Present,Present,Present,Present,Present,Present,Present,Present,Present,Present,Present,Present,Present,Present,Present,Present,Present,Present,Present,Present,Present,Present,Present,Present,Present,Present,Present,Present,Present,Present,Present,Present,Present,No Data,No Data,Present,Present,Present,Present,Present,Present,Present,Present,Present,Present,Present,Present,Present,Present,Present,Present,Present,Present,Present,**,No Data,Present,Present,Present,*,Present,Present,****,*,Present,Present,****,Present,Present,Present,Present,Present,Present,Present,Present,Present,Present,Present,Present,Present,Present,Present,Present,**,**,**,**,**,Present,**,*,Present,Present,Present,Present,Present,*,Present,Present,****,****,****,Present,Present,****,Present,*,Present,****,****,Present,Present,****,*,*,Present,*,*,*,Present,Present,Present,Present,*,No Data,Present,Present,****,Present,Present,Present,Present,Present,*,Suspended,*,Present,****,Present,*,*,****,****,Present,Present,****,****,Present,****,Present,Present,*,****,****,Present,*,****,*,Present,*,*,*,Present
298,VILLARAZA-SUAREZ,No Data,No Data,No Data,No Data,Present,Present,Present,Present,Present,Present,Present,Suspended,Present,Present,**,Present,Present,Present,**,Present,Present,Present,Present,Present,Present,Present,Present,Present,Present,Present,Present,Present,Present,Present,Present,Present,Present,Present,Present,Present,Present,Present,Present,Present,Present,Present,Present,Present,Present,Present,Present,Present,Present,Present,Present,Present,Present,Present,No Data,No Data,Present,Present,Present,Present,Present,Present,Present,Present,Present,Present,Present,Present,Present,Present,Present,Present,Present,Present,Present,Present,No Data,Present,Present,****,*,****,****,*,****,****,Present,****,****,****,****,*,****,****,****,****,****,****,*,Present,**,**,Present,****,****,****,****,****,Present,Present,****,****,****,****,****,*,*,****,*,*,***,***,Present,Present,*,****,Present,****,****,Present,Present,*,Present,Present,***,***,***,Present,***,*,*,*,***,*,**,No Data,****,***,*,*,*,Present,***,*,***,Suspended,****,****,****,****,*,*,****,****,***,***,Present,****,****,****,*,*,Present,****,****,*,****,****,****,****,*,Present,Present,*
299,VILLARICA,No Data,No Data,No Data,No Data,Present,Present,Present,Present,Present,Present,Present,Suspended,Present,Present,Present,Present,Present,Present,Present,Present,Present,Present,Present,Present,Present,Present,Present,**,**,Present,Present,Present,Present,**,Present,Present,Present,Present,Present,Present,Present,Present,Present,Present,Present,Present,Present,Present,Present,Present,Present,Present,Present,Present,Present,Present,Present,Present,No Data,No Data,Present,Present,Present,Present,Present,Present,Present,Present,Present,Present,Present,Present,Present,Present,Present,Present,Present,Present,Present,Present,No Data,Present,Present,Present,Present,****,Present,*,*,*,Present,Present,*,**,Present,Present,*,Present,Present,Present,**,Present,*,Present,Present,Present,Present,****,****,**,**,**,Present,****,*,Present,Present,****,Present,Present,Present,Present,Present,Present,*,****,Present,Present,Present,Present,*,****,Present,*,Present,Present,Present,Present,Present,*,****,Present,Present,Present,Present,****,Present,Present,**,No Data,Present,Present,****,Present,**,*,*,*,Present,Suspended,Present,Present,***,Present,*,*,Present,Present,Present,Present,Present,Present,*,Present,Present,****,Present,Present,Present,Present,Present,*,Present,Present,*,Present,Present,*
300,VIOLAGO,No Data,No Data,No Data,No Data,Present,Present,Present,Present,Present,Present,Present,Suspended,Present,Present,Present,**,Present,Present,**,Present,Present,Present,Present,Present,Present,Present,Present,Present,Present,Present,Present,Present,Present,Present,Present,Present,Present,Present,Present,Present,Present,Present,Present,Present,Present,Present,Present,Present,**,Present,Present,Present,Present,Present,Present,Present,Present,Present,No Data,No Data,Present,Present,Present,Present,**,Present,Present,Present,Present,Present,Present,Present,**,Present,Present,Present,**,Present,Present,Present,No Data,Present,Present,*,Present,*,**,**,**,**,Present,**,Present,*,****,**,****,**,**,**,*,**,*,Present,Present,Present,*,*,****,*,Present,**,**,****,****,Present,*,**,****,Present,*,Present,*,**,****,****,Present,***,***,Present,**,*,Present,*,****,Present,Present,Present,****,****,*,*,*,****,**,*,**,*,*,No Data,*,Present,*,Present,*,*,Present,**,*,Suspended,**,****,*,Present,*,**,****,****,****,****,*,*,*,****,*,Present,*,Present,Present,**,****,****,****,****,*,****,****,****
301,YAP (C.T.),No Data,No Data,No Data,No Data,Present,Present,Present,Present,Present,Present,Present,Suspended,Present,Present,Present,**,Present,Present,Present,Present,Present,Present,Present,Present,Present,**,Present,Present,Present,Present,Present,Present,Present,Present,Present,Present,Present,Present,Present,Present,Present,Present,Present,Present,Present,Present,Present,Present,Present,Present,Present,Present,Present,Present,Present,Present,Present,Present,No Data,No Data,Present,Present,Present,Present,Present,Present,Present,Present,Present,Present,Present,Present,Present,Present,Present,Present,Present,Present,Present,Present,No Data,Present,Present,Present,*,Present,Present,*,*,Present,Present,**,**,*,****,Present,****,*,Present,*,****,Present,*,Present,Present,Present,*,****,*,Present,****,****,Present,Present,Present,Present,Present,**,**,**,Present,*,*,Present,****,Present,Present,Present,*,*,**,*,Present,*,***,*,*,Present,*,*,*,Present,***,***,*,*,Present,****,*,No Data,*,*,****,****,*,*,**,***,****,Suspended,****,Present,****,*,*,**,****,*,****,Present,**,*,*,****,*,*,*,**,***,****,****,****,Present,****,*,Present,*,*
302,YAP (C.),No Data,No Data,No Data,No Data,Present,Present,Present,Present,Present,Present,Present,Suspended,Present,Present,**,**,**,Present,Present,**,Present,Present,Present,Present,Present,**,Present,Present,Present,Present,Present,Present,Present,Present,Present,Present,Present,Present,Present,Present,Present,Present,Present,Present,Present,Present,Present,Present,Present,Present,Present,Present,Present,Present,Present,Present,Present,Present,No Data,No Data,Present,Present,Present,Present,Present,Present,Present,Present,Present,Present,Present,Present,Present,Present,Present,Present,Present,Present,Present,Present,No Data,Present,Present,***,*,Present,Present,*,***,***,Present,Present,****,Present,****,****,*,Present,*,Present,*,*,*,Present,Present,*,Present,*,Present,Present,*,*,Present,Present,Present,Present,*,*,*,*,*,*,Present,Present,Present,*,Present,Present,*,Present,*,Present,*,Present,Present,*,Present,Present,Present,*,*,Present,*,Present,*,Present,*,****,*,No Data,*,****,Present,*,Present,*,Present,*,****,Suspended,Present,Present,*,Present,*,**,****,*,***,Present,Present,Present,*,*,Present,Present,*,****,****,****,****,****,Present,Present,*,****,*,****
303,YAP (EDVIC),No Data,No Data,No Data,No Data,Present,Present,Present,Present,Present,Present,**,Suspended,**,Present,Present,Present,**,Present,Present,Present,Present,Present,Present,Present,Present,Present,Present,Present,Present,Present,Present,Present,Present,Present,Present,Present,Present,Present,Present,Present,Present,Present,Present,Present,Present,Present,Present,Present,Present,Present,Present,Present,Present,Present,Present,Present,Present,Present,No Data,No Data,Present,Present,Present,Present,**,Present,Present,Present,Present,Present,**,Present,Present,**,Present,Present,Present,Present,Present,Present,No Data,Present,Present,Present,Present,Present,Present,*,Present,Present,Present,Present,****,Present,**,Present,Present,**,Present,*,Present,*,Present,Present,Present,*,Present,Present,Present,Present,Present,*,Present,Present,Present,Present,Present,Present,**,Present,Present,*,Present,Present,***,***,***,***,***,***,***,Present,Present,Present,Present,Present,Present,Present,Present,Present,Present,Present,Present,**,Present,Present,Present,**,Present,No Data,Present,Present,Present,Present,Present,Present,Present,*,Present,Suspended,Present,Present,Present,Present,*,*,Present,*,*,Present,Present,*,Present,Present,Present,*,Present,****,*,Present,*,****,****,****,Present,***,***,***
304,YAP (ERIC),No Data,No Data,No Data,No Data,Present,Present,Present,Present,Present,Present,Present,Suspended,Present,Present,**,Present,**,Present,**,Present,Present,Present,Present,Present,Present,Present,Present,Present,**,Present,Present,Present,Present,Present,Present,Present,Present,Present,Present,Present,Present,Present,Present,Present,Present,Present,Present,Present,Present,Present,Present,Present,Present,Present,Present,Present,Present,Present,No Data,No Data,Present,Present,Present,Present,**,Present,Present,Present,Present,Present,Present,Present,Present,Present,Present,Present,Present,Present,Present,Present,No Data,Present,Present,**,**,**,**,**,**,**,Present,****,****,**,**,**,**,**,**,**,**,Present,Present,Present,Present,*,Present,Present,Present,Present,Present,*,*,Present,Present,Present,**,**,**,Present,Present,*,*,Present,***,***,***,***,***,***,***,Present,Present,Present,Present,Present,Present,**,Present,Present,Present,*,*,Present,Present,Present,Present,Present,**,No Data,Present,Present,Present,Present,Present,****,****,****,Present,Suspended,Present,***,***,***,**,**,Present,*,*,***,Present,****,****,Present,**,****,Present,Present,****,****,****,****,****,****,Present,***,***,***
305,YU (D.G.),No Data,No Data,No Data,No Data,Present,Present,Present,Present,Present,Present,**,Suspended,Present,Present,**,**,**,**,Present,Present,Present,Present,Present,Present,Present,Present,Present,**,Present,Present,Present,Present,**,Present,Present,Present,Present,Present,Present,Present,Present,Present,Present,Present,Present,Present,Present,Present,Present,Present,Present,Present,Present,Present,Present,Present,Present,Present,No Data,No Data,Present,Present,Present,Present,Present,Present,Present,Present,Present,Present,Present,Present,Present,Present,Present,Present,Present,Present,Present,Present,No Data,Present,Present,***,Present,****,Present,Present,****,Present,Present,**,Present,Present,*,***,*,****,***,***,***,*,Present,Present,Present,Present,*,****,****,Present,****,****,Present,Present,Present,****,Present,Present,****,Present,Present,****,****,****,***,***,***,Present,*,****,****,****,****,****,Present,Present,Present,Present,Present,Present,*,**,Present,Present,****,****,*,Present,****,No Data,****,****,****,****,****,****,****,***,***,Suspended,**,***,***,***,*,**,***,***,*,***,*,***,***,****,*,Present,*,****,Present,***,***,***,***,***,Present,****,***,Present
306,YU (J.V.),No Data,No Data,No Data,No Data,Present,Present,Present,Present,Present,Present,**,Suspended,Present,Present,Present,Present,Present,Present,Present,**,Present,Present,Present,Present,Present,Present,Present,Present,Present,Present,Present,Present,Present,Present,Present,Present,Present,Present,Present,Present,Present,Present,Present,Present,Present,Present,Present,Present,Present,Present,Present,Present,Present,Present,Present,Present,Present,Present,No Data,No Data,Present,Present,Present,Present,Present,Present,Present,Present,Present,Present,Present,Present,Present,Present,Present,Present,Present,Present,Present,Present,No Data,Present,Present,***,Present,Present,Present,Present,*,Present,Present,Present,Present,Present,*,****,****,****,***,***,***,*,*,Present,Present,Present,*,Present,Present,Present,*,****,Present,Present,Present,Present,Present,*,*,*,Present,*,Present,****,*,Present,Present,Present,Present,*,****,*,Present,Present,Present,Present,Present,Present,Present,*,Present,Present,Present,Present,*,Present,*,Present,Present,No Data,Present,*,**,Present,*,*,Present,*,****,Suspended,****,****,***,***,*,**,*,Present,***,*,****,***,***,****,*,*,*,****,Present,Present,***,***,***,*,*,Present,*,Present
307,YULO,No Data,No Data,No Data,No Data,Present,Present,Present,Present,Present,Present,**,Suspended,Present,Present,Present,Present,**,Present,Present,Present,Present,Present,Present,Present,Present,Present,Present,Present,Present,Present,Present,Present,Present,Present,Present,Present,Present,Present,Present,Present,Present,Present,Present,Present,Present,Present,Present,Present,Present,Present,Present,Present,Present,Present,Present,Present,Present,Present,No Data,No Data,Present,Present,Present,Present,Present,Present,Present,Present,Present,Present,Present,Present,Present,Present,Present,Present,Present,Present,Present,Present,No Data,Present,Present,Present,Present,Present,Present,Present,Present,Present,Present,Present,Present,Present,Present,Present,Present,Present,Present,Present,Present,**,**,Present,Present,Present,*,Present,Present,Present,****,Present,Present,Present,Present,Present,Present,Present,Present,Present,Present,**,Present,Present,Present,Present,Present,Present,Present,Present,Present,Present,Present,Present,Present,Present,Present,Present,Present,Present,Present,Present,Present,Present,Present,Present,Present,Present,Present,No Data,Present,Present,Present,Present,**,Present,Present,Present,Present,Suspended,Present,Present,Present,Present,Present,Present,Present,Present,Present,Present,Present,Present,**,Present,Present,Present,Present,Present,Present,Present,Present,Present,Present,Present,Present,****,****,Present
308,ZAMORA (A.M.),No Data,No Data,No Data,No Data,Present,Present,Present,Present,Present,Present,Present,Suspended,Present,Present,Present,Present,**,Present,Present,Present,Present,Present,Present,Present,Present,Present,Present,Present,Present,Present,Present,Present,Present,Present,Present,Present,Present,Present,Present,Present,Present,Present,Present,Present,Present,Present,Present,Present,Present,Present,Present,Present,Present,Present,Present,Present,Present,Present,No Data,No Data,Present,Present,Present,Present,Present,Present,Present,Present,Present,Present,Present,Present,Present,Present,Present,Present,Present,Present,Present,**,No Data,Present,Present,****,****,*,Present,*,****,****,Present,****,****,*,****,Present,Present,****,*,****,*,**,**,Present,Present,Present,*,****,****,Present,****,*,*,****,**,**,*,Present,Present,*,*,*,****,****,*,****,Present,Present,****,****,****,****,****,****,Present,Present,Present,Present,Present,*,*,*,Present,****,*,Present,***,***,*,No Data,*,****,*,****,Present,*,Present,Present,*,Suspended,*,****,****,****,***,*,Present,**,**,****,Present,Present,*,Present,*,Present,*,**,Present,**,****,**,****,**,**,****,***,***
309,ZAMORA (M.C.),No Data,No Data,No Data,No Data,Present,Present,Present,Present,Present,Present,Present,Suspended,**,Present,Present,Present,Present,Present,**,Present,Present,Present,Present,Present,Present,Present,Present,**,Present,Present,**,Present,Present,Present,Present,Present,Present,Present,Present,Present,Present,Present,Present,Present,Present,Present,Present,Present,**,Present,Present,Present,Present,Present,Present,Present,Present,Present,No Data,No Data,Present,Present,Present,Present,**,Present,Present,Present,Present,Present,Present,Present,Present,**,Present,Present,**,Present,Present,Present,No Data,Present,Present,**,**,***,Present,Present,***,***,Present,***,***,***,**,**,**,***,***,***,***,**,*,Present,Present,Present,***,***,***,Present,**,**,**,**,**,***,**,**,**,**,**,Present,***,*,***,*,Present,Present,*,***,***,***,*,*,Present,Present,Present,***,*,****,***,*,***,***,***,*,*,*,*,No Data,Present,****,Present,***,***,***,*,Present,**,Suspended,**,***,***,***,Present,**,****,*,***,*,***,***,***,Present,****,Present,*,***,***,*,***,***,***,****,*,***,*,*
310,ZAMORA (Y.M.),No Data,No Data,No Data,No Data,Present,Present,Present,Present,Present,Present,Present,Suspended,Present,Present,Present,Present,Present,Present,**,Present,Present,Present,Present,Present,Present,Present,Present,**,Present,Present,Present,Present,Present,Present,Present,Present,Present,Present,Present,Present,Present,Present,Present,Present,Present,Present,Present,Present,Present,Present,Present,Present,Present,Present,Present,Present,Present,Present,No Data,No Data,**,Present,Present,Present,Present,Present,Present,Present,Present,Present,Present,Present,Present,Present,Present,Present,Present,Present,Present,**,No Data,Present,**,Present,Present,*,Present,Present,Present,Present,Present,Present,****,Present,****,Present,Present,Present,Present,Present,Present,Present,*,Present,Present,Present,****,****,****,****,Present,****,Present,Present,Present,*,Present,Present,Present,*,*,Present,Present,****,****,Present,Present,****,Present,Present,Present,****,Present,*,Present,Present,****,Present,Present,Present,Present,Present,****,****,Present,Present,Present,*,Present,No Data,Present,*,****,Present,*,*,*,Present,Present,Suspended,**,**,**,**,Present,**,Present,Present,Present,*,*,Present,Present,Present,Present,Present,*,****,Present,Present,****,****,****,Present,Present,Present,Present,Present
311,ZUBIRI,No Data,No Data,No Data,No Data,Present,Present,Present,Present,Present,Present,Present,Suspended,Present,Present,Present,Present,Present,Present,Present,Present,Present,Present,Present,Present,**,**,Present,Present,Present,Present,Present,Present,Present,Present,Present,Present,Present,Present,Present,Present,Present,Present,Present,Present,Present,Present,Present,Present,Present,Present,Present,Present,Present,Present,Present,Present,Present,Present,No Data,No Data,Present,Present,Present,Present,Present,Present,Present,Present,Present,Present,Present,Present,Present,Present,Present,Present,Present,Present,Present,Present,No Data,Present,Present,Present,Present,Present,Present,Present,Present,Present,Present,Present,Present,Present,Present,Present,Present,Present,Present,Present,Present,Present,Present,Present,Present,Present,Present,Present,****,Present,Present,Present,Present,Present,Present,Present,Present,Present,Present,Present,Present,Present,Present,Present,Present,Present,Present,Present,Present,Present,Present,****,Present,Present,Present,Present,Present,Present,Present,Present,Present,Present,Present,Present,Present,Present,Present,Present,**,No Data,****,Present,Present,Present,**,Present,Present,*,*,Suspended,*,Present,Present,Present,Present,Present,****,Present,Present,****,Present,Present,*,Present,Present,*,Present,****,Present,Present,Present,*,Present,*,Present,Present,*,Present
312,REMULLA,No Data,No Data,No Data,No Data,Not Listed,Not Listed,Not Listed,Not Listed,Not Listed,Not Listed,Not Listed,Suspended,Not Listed,Not Listed,Not Listed,Not Listed,Not Listed,Not Listed,Not Listed,Not Listed,Not Listed,Not Listed,Not Listed,Not Listed,Not Listed,Not Listed,Not Listed,Not Listed,Not Listed,Not Listed,Not Listed,Not Listed,Not Listed,Not Listed,Not Listed,Not Listed,Not Listed,Not Listed,Not Listed,Not Listed,Not Listed,Not Listed,Not Listed,Not Listed,Not Listed,Not Listed,Not Listed,Not Listed,Not Listed,Not Listed,Not Listed,Not Listed,Not Listed,Not Listed,Not Listed,Not Listed,*,Present,No Data,No Data,Present,Present,Present,Present,Present,**,Present,Not Listed,Present,Present,Present,Present,Present,Present,Present,Present,Present,Present,Present,Present,No Data,Present,Present,Present,Present,Present,Present,Present,***,***,Present,Present,Present,Present,Present,Present,Present,Present,Present,Present,Present,Present,*,Present,Present,Present,Present,Present,Present,Present,Present,**,Present,Present,**,*,Present,Present,Present,Present,Present,Present,Present,Present,Present,Present,**,Present,Present,**,*,Present,Present,Present,Present,Present,Present,Present,Present,Present,Present,*,Present,Present,Present,Present,Present,Present,**,No Data,Present,Present,Present,Present,Present,**,*,Present,**,Suspended,Present,**,Present,Present,**,Present,*,Present,Present,Present,Present,***,*,Present,Present,Present,Present,Present,Present,Present,Present,Present,*,*,Present,Present,Present,**
313,UY,No Data,No Data,No Data,No Data,Not Listed,Not Listed,Not Listed,Not Listed,Not Listed,Not Listed,Not Listed,Suspended,Not Listed,Not Listed,Not Listed,Not Listed,Not Listed,Not Listed,Not Listed,Not Listed,Not Listed,Not Listed,Not Listed,Not Listed,Not Listed,Not Listed,Not Listed,Not Listed,Not Listed,Not Listed,Not Listed,Not Listed,Not Listed,Not Listed,Not Listed,Not Listed,Not Listed,Not Listed,Not Listed,Not Listed,Not Listed,Not Listed,Not Listed,Not Listed,Not Listed,Not Listed,Not Listed,Not Listed,Not Listed,Not Listed,Not Listed,Not Listed,Not Listed,Not Listed,Not Listed,Not Listed,Not Listed,Not Listed,No Data,No Data,Not Listed,Not Listed,Not Listed,Not Listed,Not Listed,Not Listed,Not Listed,Not Listed,Not Listed,Not Listed,Not Listed,Not Listed,Not Listed,Not Listed,Not Listed,Not Listed,Not Listed,Not Listed,Not Listed,Not Listed,No Data,Not Listed,Not Listed,Not Listed,Not Listed,Not Listed,Not Listed,Not Listed,Not Listed,Not Listed,Not Listed,Not Listed,Not Listed,Not Listed,Not Listed,Not Listed,Not Listed,Not Listed,Not Listed,Not Listed,Not Listed,Not Listed,Not Listed,Not Listed,Not Listed,Not Listed,Not Listed,Not Listed,Not Listed,*,Present,Present,Present,Present,**,*,Present,*,Present,Present,*,Present,*,***,*,Present,Present,**,**,Present,Present,Present,*,*,**,**,Present,Present,***,**,Present,**,Present,Present,**,**,Present,Present,**,No Data,**,**,Present,Present,*,**,**,**,**,Suspended,****,**,**,**,Present,*,Present,**,**,**,**,Present,*,**,**,**,Present,**,****,Present,**,**,**,**,Present,*,Present,*
314,CENDAÑA,No Data,No Data,No Data,No Data,Not Listed,Not Listed,Not Listed,Not Listed,Not Listed,Not Listed,Not Listed,Suspended,Not Listed,Not Listed,Not Listed,Not Listed,Not Listed,Not Listed,Not Listed,Not Listed,Not Listed,Not Listed,Not Listed,Not Listed,Not Listed,Not Listed,Not Listed,Not Listed,Not Listed,Not Listed,Not Listed,Not Listed,Not Listed,Not Listed,Not Listed,Not Listed,Not Listed,Not Listed,Not Listed,Not Listed,Not Listed,Not Listed,Not Listed,Not Listed,Not Listed,Not Listed,Not Listed,Not Listed,Not Listed,Not Listed,Not Listed,Not Listed,Not Listed,Not Listed,Not Listed,Not Listed,Not Listed,Not Listed,No Data,No Data,Not Listed,Not Listed,Not Listed,Not Listed,Not Listed,Not Listed,Not Listed,Not Listed,Not Listed,Not Listed,Not Listed,Not Listed,Not Listed,Not Listed,Not Listed,Not Listed,Not Listed,Not Listed,Not Listed,Not Listed,No Data,Not Listed,Not Listed,Not Listed,Not Listed,Not Listed,Not Listed,Not Listed,Not Listed,Not Listed,Not Listed,Not Listed,Not Listed,Not Listed,Not Listed,Not Listed,Not Listed,Not Listed,Not Listed,Not Listed,Not Listed,Not Listed,Not Listed,Not Listed,Not Listed,Not Listed,Not Listed,Not Listed,Not Listed,Not Listed,Not Listed,Not Listed,Not Listed,Not Listed,Not Listed,Not Listed,Not Listed,Not Listed,Not Listed,Not Listed,Not Listed,Not Listed,Not Listed,Not Listed,Not Listed,Not Listed,Not Listed,Not Listed,Not Listed,Not Listed,Not Listed,Not Listed,Not Listed,Not Listed,Not Listed,Not Listed,Not Listed,Not Listed,Not Listed,Not Listed,Not Listed,Not Listed,Not Listed,Not Listed,Not Listed,Not Listed,Not Listed,Not Listed,Not Listed,No Data,Not Listed,Not Listed,Not Listed,Not Listed,Not Listed,Not Listed,Not Listed,Not Listed,Not Listed,Suspended,Not Listed,Not Listed,Not Listed,Not Listed,Not Listed,*,Present,Present,Present,**,Present,Present,*,*,Present,Present,*,Present,Present,Present,Present,Present,Present,Present,Present,Present,Present,Present
315,AQUINO-MAGSAYSAY,No Data,No Data,No Data,No Data,Not Listed,Not Listed,Not Listed,Not Listed,Not Listed,Not Listed,Not Listed,Suspended,Not Listed,Not Listed,Not Listed,Not Listed,Not Listed,Not Listed,Not Listed,Not Listed,Not Listed,Not Listed,Not Listed,*,Present,Present,Present,Present,Present,Present,Present,Present,Present,Present,Present,Present,Present,Present,Present,Present,Present,Present,Present,Present,Present,Present,Present,Present,Present,Present,Present,Present,Present,Present,Present,Present,Present,Present,No Data,No Data,Present,Present,Present,Present,Present,Present,**,Present,Present,Present,Present,Present,Present,Present,Present,Present,Present,Present,Present,Present,No Data,Present,Present,Present,Present,Present,*,Present,Present,Present,Present,Present,Present,Present,Present,Present,Present,Present,Present,Present,Present,Present,Present,**,**,Present,Present,Present,Present,Present,Present,Present,Present,Present,Present,Present,Present,Present,Present,Present,Present,Present,Present,Present,Present,Present,Present,Present,Present,Present,Present,Present,Present,Present,Present,Present,Present,Present,Present,Present,Present,Present,Present,Present,Present,Present,Present,Present,Present,No Data,Present,Present,Present,Present,Present,Present,Present,Present,Present,Suspended,Present,Present,Present,Present,Present,Present,*,Present,Present,Present,Present,Present,Present,Present,Present,Present,Present,Present,*,Present,Present,Present,Present,Present,Present,Present,Present,Present