District,Congressman,20220808,20220809,20220810,20220815,20220816,20220817,20220822,20220824,20220830,20220831,20220905,20220906,20220907,20220912,20220913,20220914,20220919,20220920,20221107,20221108,20221109,20221114,20221115,20221116,20221121,20221122,20221123,20221128,20221129,20221205,20221206,20221207,20221212,20221213,20221214,20221215,20230123,20230124,20230125,20230130,20230131,20230201,20230206,20230207,20230208,20230213,20230214,20230215,20230220,20230221,20230222,20230228,20230301,20230308,20230313,20230314,20230315,20230320,20230321,20230322,20230327,20230508,20230509,20230510,20230515,20230516,20230517,20230522,20230523,20230524,20230529,20230530,20230531,20230725,20230726,20230731,20230801,20230802,20230807,20230808,20230814,20230815,20230816,20230822,20230823,20230829,20230830,20230904,20230905,20230906,20230911,20230912,20230913,20230918,20230919,20230925,20230926,20230927,20231106,20231107,20231108,20231113,20231114,20231115,20231120,20231121,20231122,20231128,20231204,20231205,20231206,20231212,20231213,20240122,20240123,20240124,20240129,20240130,20240131,20240205,20240206,20240212,20240213,20240214,20240219,20240220,20240226,20240227,20240305,20240306,20240311,20240312,20240313,20240318,20240429,20240430,20240506,20240507,20240513,20240514,20240520,20240730,20240731,20240805,20240806,20240807,20240812,20240813,20240814,20240827,20240903,20240909,20240910,20240911,20240915,20240922,20241103,20241104,20241110,20241112,20241117,20241124,20241125,20241201,20241202,20241208,20241215,20241219,20250112,20250113,20250120,20250121,20250122,20250127,20250202,20250602,20250603,20250609
1,ABALOS,Present,Present,Present,Present,Present,Present,**,**,Present,Present,Present,Present,**,**,Present,Present,Present,**,Present,**,Present,Present,Present,**,Present,Present,Present,Present,Present,Present,Present,Present,Present,Present,Present,Present,Present,Present,Present,Present,Present,Present,Present,**,Present,Present,Present,Present,Present,Present,Present,Present,Present,Present,Present,Present,Present,Present,Present,Present,Present,Present,Present,Present,Present,**,**,Present,Present,Present,Present,**,Present,Present,Present,Present,Present,*,Present,Present,Present,Present,Present,Present,****,Present,Present,Present,****,Present,Present,Present,Present,Present,*,Present,Present,*,Present,*,Present,Present,Present,****,**,**,**,Present,****,****,****,*,*,*,Present,*,Present,**,Present,Present,Present,Present,Present,*,*,*,Present,Present,Present,Present,Present,Present,Present,Present,*,**,Present,Present,Present,**,*,Present,*,**,Present,****,****,*,Present,***,*,Present,*,**,*,Present,**,**,*,Present,Present,Present,**,Present,*,Present,*,*,Present,*,*,*,*,Present,*,Present,Present,Present
2,ABANTE,Present,Present,Present,Present,Present,Present,Present,**,Present,Present,**,Present,Present,Present,Present,Present,Present,Present,Present,Present,Present,Present,Present,Present,Present,Present,**,Present,Present,Present,Present,Present,Present,Present,Present,Present,Present,Present,Present,Present,Present,Present,Present,Present,**,Present,Present,Present,Present,Present,**,Present,Present,Present,Present,Present,Present,**,Present,**,Present,Present,Present,Present,Present,**,Present,Present,Present,Present,Present,Present,Present,Present,Present,*,Present,*,****,*,**,**,Present,****,****,*,Present,*,****,****,****,**,*,*,*,Present,Present,Present,Present,Present,****,Present,****,**,Present,*,****,*,****,**,****,Present,*,****,****,****,****,****,****,****,****,**,**,**,**,**,Present,*,****,****,**,**,**,**,*,**,**,**,Present,*,**,****,****,*,*,Present,Present,**,**,*,**,*,**,****,*,**,*,**,*,**,Present,**,**,****,Present,Present,*,**,Present,****,*,**,**,**,*,****,****,**
3,ABUNDA,Present,Present,Present,Present,Present,Present,Present,Present,Present,Present,Present,Present,Present,Present,Present,Present,Present,Present,Present,Present,Present,Present,**,**,Present,Present,Present,Present,Present,Present,Present,Present,Present,Present,Present,Present,Present,Present,Present,Present,Present,Present,Present,Present,Present,Present,Present,Present,Present,Present,Present,Present,Present,Present,Present,Present,Present,Present,Present,Present,Present,Present,Present,Present,Present,Present,Present,Present,Present,Present,Present,Present,Present,Present,Present,Present,Present,**,Present,*,Present,Present,Present,*,Present,Present,Present,**,**,**,**,**,**,Present,Present,Present,Present,Present,****,****,****,Present,Present,****,****,Present,****,Present,Present,Present,Present,Present,Present,**,**,**,Present,*,Present,Present,Present,Present,***,***,Present,Present,Present,*,Present,*,***,***,***,**,Present,Present,Present,Present,Present,*,Present,****,****,Present,Present,Present,****,****,*,****,Present,Present,Present,*,Present,*,Present,Present,**,Present,Present,****,****,Present,Present,Present,Present,Present,Present,Present,Present,****,Present,Present,Present,****,****,****
4,ACHARON,Present,Present,Present,Present,Present,Present,Present,Present,Present,Present,Present,Present,Present,Present,Present,Present,Present,Present,Present,Present,Present,Present,Present,Present,Present,Present,Present,Present,Present,Present,Present,Present,Present,Present,Present,Present,Present,Present,Present,Present,Present,Present,Present,Present,Present,Present,Present,Present,Present,Present,Present,Present,Present,Present,Present,Present,Present,Present,Present,Present,Present,Present,Present,Present,Present,Present,Present,**,**,**,Present,Present,Present,Present,Present,Present,Present,Present,Present,Present,Present,Present,Present,Present,**,Present,Present,Present,Present,Present,Present,Present,Present,Present,Present,Present,Present,Present,Present,Present,Present,Present,Present,Present,Present,Present,Present,**,Present,Present,Present,Present,Present,Present,Present,Present,Present,Present,***,Present,Present,Present,Present,Present,Present,Present,Present,Present,Present,Present,Present,Present,Present,Present,Present,****,Present,Present,Present,Present,Present,Present,Present,Present,****,Present,**,**,**,**,Present,Present,Present,Present,Present,Present,Present,Present,Present,Present,Present,Present,Present,Present,**,*,Present,Present,Present,Present,Present,Present,Present,Present,**,***,***,***
5,ACIDRE,Present,Present,Present,Present,Present,Present,Present,Present,Present,Present,**,Present,Present,Present,Present,Present,Present,Present,Present,Present,Present,Present,Present,Present,Present,Present,Present,Present,Present,Present,Present,Present,Present,Present,Present,Present,Present,Present,Present,Present,Present,Present,Present,Present,Present,Present,Present,Present,Present,Present,Present,Present,Present,Present,Present,Present,Present,Present,**,Present,Present,Present,Present,Present,Present,Present,Present,Present,Present,Present,Present,Present,**,Present,Present,Present,Present,Present,Present,Present,Present,Present,Present,Present,Present,Present,**,Present,Present,Present,**,Present,Present,Present,Present,Present,Present,Present,Present,**,**,Present,Present,Present,Present,Present,**,**,Present,Present,Present,Present,Present,Present,Present,Present,Present,Present,Present,Present,Present,Present,Present,Present,Present,Present,Present,Present,Present,Present,Present,Present,Present,Present,Present,Present,Present,*,Present,Present,**,Present,Present,Present,Present,Present,Present,Present,Present,Present,Present,Present,Present,Present,Present,Present,Present,Present,Present,Present,**,Present,Present,Present,Present,Present,Present,**,Present,Present,Present,Present,Present,Present,Present,Present,Present,**
6,ACOP,Present,Present,Present,Present,Present,Present,**,Present,Present,**,Present,Present,Present,Present,**,Present,Present,Present,Present,Present,**,Present,Present,Present,Present,Present,**,Present,Present,Present,Present,Present,Present,Present,Present,Present,Present,Present,Present,**,Present,Present,Present,Present,Present,Present,Present,Present,Present,Present,**,Present,Present,Present,Present,Present,Present,Present,**,Present,Present,Present,Present,Present,Present,Present,**,Present,Present,Present,Present,Present,Present,Present,**,Present,Present,Present,**,*,Present,Present,Present,**,Present,**,**,****,*,****,**,**,****,*,*,Present,Present,Present,Present,**,****,****,*,*,Present,Present,Present,Present,*,**,*,Present,Present,****,****,**,Present,**,Present,*,*,*,**,*,**,*,Present,Present,Present,****,**,**,****,*,*,**,****,*,**,*,*,Present,**,****,****,Present,Present,**,**,**,**,Present,****,**,**,*,****,**,**,**,**,Present,**,Present,*,**,*,**,Present,**,Present,**,**,**,**,Present,*,**
7,ADIONG,Present,Present,Present,Present,Present,Present,Present,Present,Present,Present,Present,Present,Present,Present,Present,Present,Present,Present,Present,Present,**,Present,Present,Present,Present,Present,**,Present,Present,Present,Present,Present,Present,**,Present,Present,Present,Present,Present,Present,Present,Present,Present,Present,Present,Present,Present,Present,Present,Present,Present,Present,Present,Present,Present,Present,Present,Present,Present,Present,Present,Present,Present,Present,Present,Present,Present,Present,Present,Present,Present,Present,Present,Present,Present,Present,****,Present,Present,Present,Present,Present,Present,Present,Present,*,****,Present,Present,*,*,Present,*,****,*,Present,Present,*,Present,Present,Present,Present,*,****,Present,*,Present,Present,*,**,**,Present,*,Present,Present,Present,****,**,Present,*,Present,Present,Present,*,Present,*,Present,Present,Present,Present,Present,**,*,*,Present,*,Present,Present,Present,**,Present,*,****,Present,*,**,Present,****,*,**,**,****,Present,**,Present,Present,Present,**,*,**,Present,Present,**,Present,Present,Present,Present,**,*,*,*,**,Present,Present,**,Present,Present,**
8,ADVINCULA,Present,Present,Present,Present,Present,Present,Present,Present,Present,Present,Present,**,**,**,**,Present,Present,Present,Present,Present,Present,Present,Present,Present,Present,Present,Present,Present,Present,Present,Present,Present,Present,Present,Present,Present,Present,Present,Present,Present,Present,Present,Present,Present,Present,Present,Present,Present,Present,Present,Present,Present,Present,Present,Present,Present,Present,Present,**,Present,Present,Present,Present,Present,Present,Present,Present,Present,Present,Present,Present,Present,Present,Present,Present,****,**,Present,Present,Present,*,****,Present,Present,*,*,Present,**,**,**,*,Present,*,*,*,Present,Present,*,*,Present,*,*,*,****,*,*,*,Present,****,Present,****,Present,Present,***,***,***,Present,****,Present,Present,Present,Present,*,*,****,***,***,*,***,***,***,***,***,***,*,Present,****,****,Present,****,*,****,*,****,****,****,****,Present,*,**,**,***,**,**,*,*,*,*,*,****,*,*,Present,****,Present,****,*,****,****,Present,****,Present,*,Present,***,***,***,Present
9,AGARAO,Present,Present,Present,Present,Present,Present,Present,**,Present,**,Present,Present,Present,Present,Present,Present,Present,Present,Present,Present,Present,Present,Present,Present,Present,Present,Present,Present,**,Present,Present,Present,Present,Present,Present,Present,Present,Present,Present,Present,Present,Present,Present,Present,Present,Present,Present,Present,Present,Present,Present,Present,Present,Present,Present,Present,Present,Present,**,Present,Present,Present,Present,Present,Present,Present,Present,Present,Present,Present,Present,Present,Present,Present,Present,Present,Present,Present,*,Present,Present,*,Present,Present,Present,*,****,Present,**,**,Present,*,**,*,*,Present,Present,Present,Present,*,*,Present,Present,**,Present,Present,*,*,*,Present,****,Present,*,*,*,**,Present,*,Present,*,*,Present,Present,*,Present,Present,Present,Present,Present,Present,Present,****,*,Present,Present,****,Present,*,*,Present,*,*,*,****,*,Present,Present,Present,Present,Present,*,***,***,***,*,*,*,Present,*,Present,Present,*,Present,Present,Present,Present,Present,****,Present,Present,Present,Present,Present,Present,Present,Present,*,*
10,ALBA,Present,Present,Present,Present,Present,Present,Present,Present,Present,Present,Present,Present,Present,Present,Present,Present,Present,Present,Present,Present,Present,Present,Present,Present,Present,Present,Present,Present,Present,Present,Present,Present,Present,Present,Present,Present,Present,Present,Present,Present,Present,Present,Present,Present,Present,Present,Present,Present,Present,Present,Present,Present,Present,Present,Present,Present,Present,Present,Present,Present,Present,Present,Present,Present,Present,Present,Present,Present,Present,Present,Present,Present,Present,Present,Present,**,**,**,**,**,Present,Present,Present,Present,Present,Present,Present,Present,Present,Present,Present,Present,Present,Present,Present,Present,Present,*,Present,Present,Present,**,**,**,Present,****,****,*,**,**,**,**,Present,Present,Present,Present,Present,Present,Present,*,*,Present,Present,****,Present,Present,**,**,Present,Present,Present,Present,*,**,**,**,Present,Present,Present,Present,*,Present,Present,Present,Present,Present,**,**,**,Present,Present,**,**,**,Present,Present,****,Present,Present,Present,**,****,*,Present,Present,*,Present,**,Present,*,Present,Present,*,*,Present,Present,Present,Present
11,ALBANO,Present,Present,Present,Present,Present,Present,**,Present,Present,**,Present,Present,Present,**,Present,Present,Present,Present,Present,Present,Present,Present,Present,Present,Present,Present,Present,Present,Present,Present,Present,Present,Present,Present,Present,Present,Present,Present,Present,Present,Present,Present,Present,Present,Present,Present,Present,Present,Present,Present,Present,Present,Present,Present,Present,Present,Present,**,Present,Present,Present,Present,Present,Present,Present,Present,Present,Present,Present,Present,Present,Present,Present,Present,Present,Present,Present,***,Present,Present,Present,Present,Present,**,Present,****,Present,****,Present,**,Present,*,Present,Present,*,Present,Present,Present,Present,Present,Present,Present,Present,Present,Present,Present,Present,Present,Present,Present,Present,*,*,*,Present,**,**,**,**,**,**,*,Present,Present,Present,Present,Present,Present,Present,Present,Present,Present,Present,Present,Present,Present,Present,Present,Present,Present,Present,Present,Present,Present,Present,Present,Present,Present,*,*,**,**,**,**,Present,Present,Present,**,*,***,Present,Present,Present,**,**,*,Present,Present,Present,Present,**,**,**,Present,**,Present,Present,Present
12,ALMARIO,Present,Present,Present,Present,Present,Present,Present,Present,Present,**,**,**,Present,**,**,Present,Present,Present,Present,Present,**,Present,Present,**,Present,Present,Present,Present,**,Present,Present,Present,Present,Present,Present,Present,Present,Present,Present,Present,Present,Present,Present,Present,Present,Present,Present,Present,Present,Present,Present,Present,Present,Present,Present,Present,Present,Present,Present,Present,Present,Present,Present,Present,Present,Present,Present,Present,Present,Present,Present,Present,Present,Present,Present,****,****,****,****,*,*,*,Present,Present,Present,****,****,****,****,****,****,****,****,**,*,Present,Present,*,Present,*,*,****,****,****,Present,Present,Present,****,*,****,****,****,Present,Present,****,****,*,Present,Present,*,*,****,****,****,****,****,Present,Present,Present,Present,Present,Present,Present,Present,Present,**,Present,*,*,****,*,Present,**,****,Present,Present,Present,Present,****,**,****,****,****,*,*,Present,****,Present,****,****,****,****,****,Present,*,****,*,****,Present,****,****,****,****,****,*,****,****,****
13,ALMONTE,Present,Present,Present,Present,Present,Present,Present,Present,Present,Present,Present,Present,Present,Present,Present,Present,Present,Present,Present,Present,Present,Present,Present,Present,Present,Present,Present,Present,Present,Present,Present,Present,Present,Present,Present,Present,Present,Present,Present,Present,Present,Present,Present,Present,Present,Present,Present,Present,Present,Present,Present,Present,Present,Present,Present,Present,Present,Present,Present,Present,Present,Present,Present,Present,Present,Present,Present,Present,Present,Present,Present,Present,Present,Present,Present,***,**,****,Present,Present,Present,Present,Present,Present,*,****,***,Present,**,**,Present,Present,Present,Present,*,Present,Present,Present,*,Present,Present,**,**,**,Present,Present,*,Present,Present,Present,Present,Present,Present,Present,****,****,Present,****,**,***,***,Present,Present,Present,Present,Present,Present,Present,Present,Present,Present,Present,*,Present,Present,Present,Present,Present,Present,Present,Present,*,Present,Present,*,Present,Present,Present,Present,Present,Present,Present,Present,Present,Present,Present,Present,Present,Present,Present,**,***,***,**,Present,Present,Present,**,**,**,Present,Present,Present,Present,Present,Present,Present,Present
14,ALONTE,Present,Present,Present,Present,Present,Present,Present,**,Present,Present,Present,Present,Present,Present,Present,Present,Present,Present,Present,Present,Present,Present,**,Present,Present,Present,Present,Present,Present,Present,**,Present,Present,Present,Present,Present,Present,Present,Present,Present,Present,Present,Present,**,Present,Present,Present,Present,Present,Present,Present,Present,Present,Present,Present,Present,Present,Present,Present,Present,Present,Present,Present,Present,Present,Present,**,Present,Present,Present,Present,Present,**,Present,Present,Present,*,****,Present,****,***,***,Present,**,**,**,**,**,**,**,*,****,*,****,Present,Present,Present,*,****,****,****,Present,**,**,**,**,**,**,Present,*,*,Present,*,Present,Present,Present,**,Present,****,****,****,****,****,****,Present,Present,Present,**,*,Present,**,**,**,*,****,****,*,*,Present,*,*,***,***,Present,*,****,***,***,*,*,Present,***,***,***,Present,****,**,**,Present,Present,***,***,***,Present,*,Present,*,***,**,**,**,**,Present,Present,****,****,****,Present
15,ALVAREZ (J.),Present,Present,Present,Present,Present,Present,Present,Present,Present,Present,Present,Present,Present,Present,Present,Present,Present,Present,Present,**,**,Present,Present,Present,Present,Present,Present,Present,Present,Present,Present,Present,Present,Present,Present,Present,Present,Present,Present,Present,Present,Present,Present,Present,Present,Present,Present,Present,Present,Present,Present,Present,Present,Present,Present,Present,Present,Present,Present,Present,Present,Present,Present,Present,Present,Present,Present,Present,**,**,Present,Present,Present,Present,Present,Present,Present,Present,Present,Present,Present,Present,Present,Present,Present,Present,Present,Present,Present,**,Present,Present,Present,Present,Present,Present,Present,Present,Present,Present,Present,Present,Present,Present,Present,Present,Present,***,***,**,Present,Present,Present,***,***,***,Present,Present,Present,Present,Present,Present,Present,Present,Present,Present,***,*,Present,Present,Present,Present,Present,Present,Present,Present,Present,Present,Present,Present,Present,Present,Present,**,Present,Present,Present,Present,Present,Present,Present,Present,Present,Present,Present,**,****,****,****,****,Present,****,Present,Present,Present,***,Present,*,****,**,****,****,****,****,Present,Present,Present,Present
16,ALVAREZ (M.),Present,Present,Present,Present,Present,Present,Present,Present,Present,Present,Present,Present,Present,Present,Present,Present,Present,Present,Present,Present,Present,Present,**,Present,Present,Present,Present,**,Present,Present,Present,Present,Present,Present,Present,Present,Present,Present,Present,Present,Present,Present,Present,Present,Present,Present,Present,Present,Present,Present,Present,Present,Present,Present,Present,Present,Present,**,Present,Present,Present,Present,Present,Present,Present,Present,Present,Present,Present,Present,Present,Present,Present,Present,Present,***,*,****,***,*,**,**,Present,**,**,**,Present,**,**,*,**,Present,**,*,*,Present,Present,Present,Present,*,Present,**,*,**,Present,****,**,**,*,**,**,**,Present,**,****,****,****,**,**,**,*,Present,**,**,*,*,Present,Present,**,**,****,****,**,Present,*,Present,**,**,**,*,**,****,****,****,****,**,**,Present,**,*,**,****,**,****,*,**,****,*,****,****,****,****,*,**,**,****,***,**,*,****,****,****,****,****,*,*,**,**
17,ALVAREZ (P.),Present,Present,***,***,***,***,Present,***,Present,***,Present,***,***,Present,***,***,***,***,***,***,***,***,***,***,***,***,***,***,***,***,***,***,Present,***,***,***,***,***,***,***,***,***,Present,Present,Present,Present,Present,Present,Present,Present,Present,Present,Present,Present,Present,Present,Present,Present,Present,Present,Present,Present,Present,Present,Present,Present,Present,Present,Present,Present,Present,Present,Present,Present,Present,***,***,***,***,***,***,***,Present,**,**,**,**,**,**,**,****,****,****,**,**,Present,Present,****,****,**,**,**,**,**,**,**,**,****,****,**,**,****,****,****,****,****,****,****,****,****,****,***,***,***,****,****,****,****,****,****,****,****,****,****,***,***,***,***,Present,Present,Present,***,**,***,***,***,***,***,***,***,****,***,***,***,***,***,***,***,***,***,****,***,***,***,***,****,***,****,***,***,***,***,***,***,***,****,****,****
18,AMANTE,Present,Present,Present,Present,Present,Present,Present,Present,Present,**,Present,Present,Present,Present,**,Present,Present,Present,Present,Present,Present,Present,Present,Present,Present,Present,Present,Present,Present,Present,Present,Present,Present,Present,Present,Present,Present,Present,Present,Present,Present,Present,Present,Present,Present,Present,Present,Present,Present,Present,Present,Present,Present,Present,Present,Present,Present,Present,Present,Present,Present,Present,Present,Present,Present,Present,Present,Present,Present,Present,Present,Present,Present,Present,Present,Present,Present,Present,Present,*,*,Present,Present,Present,Present,Present,Present,Present,Present,**,**,**,**,Present,*,Present,Present,Present,*,Present,Present,Present,****,Present,Present,Present,**,Present,Present,Present,Present,Present,Present,Present,Present,***,***,***,***,Present,Present,Present,Present,Present,Present,Present,Present,Present,Present,Present,*,*,*,Present,*,Present,*,*,Present,Present,*,***,****,****,***,***,Present,*,Present,**,****,*,Present,Present,*,**,Present,Present,Present,**,*,Present,*,Present,Present,**,*,Present,Present,****,*,****,Present,*,Present,***,***,Present
19,AMATONG,Present,Present,Present,Present,Present,Present,**,Present,Present,Present,Present,Present,Present,Present,Present,Present,Present,Present,Present,Present,**,Present,Present,Present,Present,Present,Present,Present,Present,Present,Present,Present,Present,Present,Present,Present,Present,Present,Present,Present,Present,Present,Present,Present,Present,Present,Present,Present,Present,Present,Present,Present,Present,Present,Present,Present,Present,Present,Present,Present,Present,Present,Present,Present,Present,Present,Present,Present,Present,Present,Present,Present,Present,Present,Present,Present,Present,****,***,***,*,****,Present,**,**,Present,****,****,**,**,*,Present,****,****,*,Present,Present,*,**,**,**,**,**,**,**,**,**,**,***,***,***,Present,Present,Present,****,*,Present,****,**,*,*,Present,****,****,***,***,Present,****,Present,****,****,****,****,*,Present,****,Present,****,**,**,**,**,**,**,**,Present,**,Present,****,*,**,****,****,****,*,*,Present,****,Present,****,****,Present,*,****,****,****,*,****,****,*,****,****,****,****,*,***,***,***
20,ANG,Present,Present,Present,Present,Present,Present,Present,Present,Present,Present,Present,Present,Present,Present,Present,Present,Present,Present,Present,Present,Present,Present,Present,Present,Present,Present,Present,Present,Present,Present,Present,Present,Present,Present,Present,Present,Present,Present,Present,Present,Present,Present,Present,Present,Present,Present,Present,Present,Present,Present,Present,Present,Present,Present,Present,Present,Present,Present,Present,Present,Present,Present,Present,Present,Present,Present,**,Present,Present,Present,Present,Present,Present,Present,Present,Present,Present,Present,*,Present,**,*,Present,Present,Present,Present,Present,Present,Present,Present,Present,Present,Present,Present,Present,Present,Present,Present,Present,Present,Present,Present,Present,Present,Present,Present,**,Present,Present,Present,Present,Present,Present,Present,Present,Present,Present,Present,Present,*,Present,Present,****,****,Present,Present,Present,Present,Present,*,Present,Present,Present,Present,Present,Present,Present,Present,Present,Present,Present,Present,Present,Present,Present,Present,Present,Present,Present,Present,Present,Present,Present,Present,Present,**,****,Present,Present,*,Present,Present,*,Present,Present,Present,Present,**,Present,Present,Present,*,Present,Present,Present,Present,*,Present
21,ANGARA,Present,Present,Present,Present,Present,Present,Present,Present,Present,**,Present,Present,Present,Present,Present,Present,Present,Present,Present,Present,**,Present,Present,Present,Present,Present,Present,Present,Present,Present,Present,Present,Present,Present,Present,Present,Present,Present,Present,Present,Present,Present,Present,Present,Present,Present,Present,Present,Present,Present,Present,Present,Present,Present,Present,Present,Present,Present,Present,Present,Present,Present,Present,Present,Present,Present,Present,Present,Present,Present,Present,Present,Present,Present,Present,****,****,****,***,****,Present,Present,Present,Present,****,Present,****,Present,****,****,Present,Present,****,Present,*,Present,Present,Present,**,Present,Present,Present,****,****,**,Present,****,Present,Present,*,****,Present,Present,Present,Present,****,Present,****,****,Present,Present,Present,Present,****,****,Present,Present,Present,Present,Present,Present,**,Present,Present,Present,Present,****,Present,Present,Present,Present,**,**,**,**,**,Present,Present,*,Present,**,Present,Present,****,Present,Present,Present,Present,Present,****,*,****,****,Present,*,Present,Present,****,Present,****,Present,****,****,Present,Present,***,***,Present
22,AQUINO,Present,Present,Present,Present,Present,Present,Present,Present,Present,Present,Present,Present,Present,**,Present,Present,Present,Present,Present,Present,Present,Present,Present,Present,Present,Present,Present,Present,Present,Present,Present,Present,Present,Present,Present,Present,Present,Present,Present,Present,Present,Present,Present,**,Present,Present,Present,Present,Present,Present,Present,Present,Present,Present,Present,Present,Present,Present,**,**,Present,Present,Present,Present,Present,Present,Present,Present,Present,**,Present,Present,Present,Present,Present,Present,****,****,*,Present,**,*,Present,**,**,Present,Present,****,Present,Present,Present,Present,Present,****,*,Present,Present,*,Present,*,****,Present,**,Present,**,Present,Present,*,Present,**,*,Present,Present,*,*,*,Present,Present,Present,****,*,****,Present,Present,*,*,Present,Present,Present,Present,*,**,Present,*,Present,**,Present,*,****,Present,*,*,**,*,*,**,**,**,Present,**,Present,****,Present,*,Present,**,*,****,**,****,*,****,Present,*,Present,*,*,*,Present,*,****,Present,Present,Present,**,Present,Present,*
23,ARBISON,Present,Present,Present,Present,Present,Present,Present,Present,Present,Present,Present,Present,Present,Present,Present,Present,Present,Present,Present,Present,Present,Present,Present,Present,Present,Present,Present,Present,Present,Present,Present,Present,Present,Present,Present,Present,Present,Present,Present,Present,Present,Present,Present,Present,Present,Present,Present,Present,Present,Present,Present,Present,Present,Present,Present,Present,Present,Present,Present,Present,Present,Present,Present,Present,Present,Present,Present,Present,Present,Present,Present,Present,Present,Present,Present,Present,Present,Present,Present,Present,Present,Present,Present,Present,Present,Present,Present,Present,Present,Present,***,Present,Present,Present,Present,Present,Present,Present,Present,Present,Present,Present,Present,Present,Present,Present,Present,Present,**,**,Present,Present,Present,Present,Present,**,Present,Present,Present,Present,***,***,***,***,Present,Present,Present,Present,Present,Present,***,****,***,Present,Present,Present,Present,Present,Present,Present,Present,***,Present,Present,Present,Present,***,***,***,***,**,Present,Present,Present,*,Present,Present,****,Present,Present,Present,Present,Present,***,Present,Present,Present,Present,Present,Present,***,***,***,Present,Present,**,**,Present
24,ARENAS,Present,Present,Present,Present,Present,Present,**,Present,Present,**,Present,**,**,**,Present,Present,Present,Present,Present,Present,**,Present,**,Present,Present,Present,Present,Present,Present,Present,Present,Present,Present,Present,Present,Present,Present,Present,Present,Present,Present,Present,Present,Present,Present,Present,Present,Present,Present,Present,Present,Present,Present,Present,Present,Present,Present,Present,Present,Present,Present,Present,Present,Present,Present,Present,Present,Present,Present,Present,Present,Present,**,Present,Present,Present,Present,****,**,**,**,**,Present,*,Present,*,**,Present,Present,**,**,**,**,Present,*,Present,Present,Present,**,**,**,**,**,**,Present,Present,Present,**,*,Present,****,Present,*,****,****,****,**,**,**,Present,*,*,Present,*,*,Present,Present,**,*,Present,*,Present,Present,**,Present,**,**,Present,*,Present,Present,*,****,*,*,*,****,**,Present,*,*,Present,Present,****,Present,**,Present,*,*,*,***,Present,Present,Present,*,*,Present,Present,Present,*,**,**,****,*,**,**,Present,**
25,ARROGANCIA,Present,Present,Present,Present,Present,Present,Present,Present,Present,Present,Present,Present,Present,Present,Present,Present,Present,Present,Present,Present,Present,Present,Present,**,Present,Present,Present,Present,Present,Present,Present,Present,Present,Present,Present,Present,Present,Present,Present,Present,Present,Present,Present,Present,Present,Present,Present,Present,Present,Present,Present,Present,Present,Present,Present,Present,Present,Present,**,Present,Present,Present,Present,Present,Present,Present,Present,Present,Present,Present,Present,Present,Present,Present,Present,***,Present,Present,Present,Present,Present,Present,Present,Present,***,Present,**,Present,Present,Present,Present,*,Present,Present,Present,Present,Present,Present,Present,Present,Present,Present,Present,Present,Present,Present,Present,**,Present,Present,Present,Present,Present,Present,Present,**,Present,Present,Present,Present,Present,Present,Present,Present,Present,Present,Present,Present,Present,Present,Present,Present,Present,Present,Present,Present,Present,Present,Present,Present,Present,Present,Present,Present,Present,Present,Present,Present,Present,Present,Present,Present,Present,Present,Present,Present,Present,Present,Present,Present,Present,Present,Present,Present,Present,Present,Present,Present,Present,Present,Present,Present,Present,Present,Present,Present,Present,Present
26,ASISTIO,Present,Present,***,Present,Present,Present,Present,**,Present,Present,Present,Present,Present,**,Present,Present,Present,Present,Present,Present,Present,Present,Present,Present,Present,Present,**,Present,**,Present,Present,Present,Present,Present,Present,Present,Present,Present,Present,Present,Present,Present,Present,Present,Present,Present,Present,Present,Present,Present,**,Present,Present,Present,Present,Present,Present,Present,Present,Present,Present,Present,Present,Present,Present,Present,**,Present,Present,Present,Present,Present,Present,Present,Present,Present,*,*,*,*,Present,*,Present,*,*,Present,****,Present,****,Present,****,*,****,****,*,Present,Present,*,Present,*,Present,Present,****,*,Present,*,**,*,*,*,*,*,*,Present,*,*,*,*,****,Present,*,Present,****,*,*,Present,Present,Present,Present,Present,****,Present,*,Present,Present,Present,****,*,**,**,**,***,***,Present,****,Present,*,Present,****,*,**,Present,*,****,*,*,Present,*,*,Present,*,Present,*,Present,****,*,Present,****,Present,Present,Present,****,Present,Present,Present,Present,*,**
27,ATAYDE,Present,Present,Present,Present,Present,Present,Present,**,Present,Present,Present,Present,**,Present,Present,Present,Present,Present,Present,**,Present,Present,Present,Present,Present,Present,**,Present,Present,Present,Present,Present,Present,Present,**,Present,Present,Present,Present,Present,Present,Present,Present,Present,Present,Present,Present,Present,Present,Present,**,Present,Present,Present,Present,Present,Present,Present,Present,Present,Present,Present,Present,Present,Present,Present,Present,Present,Present,Present,Present,Present,Present,Present,Present,****,****,****,**,**,**,Present,Present,Present,**,*,Present,Present,Present,Present,Present,Present,Present,Present,Present,**,**,**,Present,*,*,Present,Present,Present,Present,Present,**,Present,***,***,***,Present,Present,Present,Present,Present,Present,Present,***,*,Present,Present,Present,Present,Present,Present,Present,Present,***,***,*,Present,Present,Present,Present,Present,Present,Present,Present,Present,Present,**,**,**,**,**,Present,Present,Present,Present,Present,***,Present,Present,*,**,Present,Present,*,Present,Present,Present,**,Present,Present,Present,Present,Present,Present,Present,Present,Present,Present,Present,*,*,Present,*
28,AUMENTADO,Present,Present,Present,Present,Present,Present,Present,**,Present,Present,Present,**,**,**,**,Present,Present,Present,Present,Present,Present,Present,Present,Present,Present,Present,**,Present,Present,Present,Present,Present,Present,Present,Present,Present,Present,Present,Present,Present,Present,Present,Present,Present,Present,Present,Present,Present,Present,Present,Present,Present,Present,Present,Present,Present,Present,Present,Present,Present,Present,Present,Present,Present,Present,Present,Present,Present,Present,Present,Present,Present,Present,Present,Present,****,Present,Present,Present,Present,Present,*,Present,**,Present,*,Present,**,**,**,Present,Present,Present,Present,*,Present,Present,Present,**,**,**,Present,*,Present,**,**,**,**,Present,Present,*,**,Present,**,**,**,****,****,**,**,**,**,Present,**,**,**,**,**,Present,Present,**,**,**,**,Present,Present,Present,Present,****,****,*,Present,**,**,**,**,*,*,**,Present,*,**,**,**,*,*,**,**,Present,Present,*,**,**,Present,Present,*,*,*,**,**,*,Present,**,**,*,Present,Present,Present
29,BALINDONG,Present,Present,Present,Present,Present,Present,Present,Present,Present,Present,Present,**,Present,Present,Present,Present,Present,Present,Present,Present,**,Present,Present,Present,Present,Present,Present,Present,Present,Present,Present,Present,Present,Present,Present,Present,Present,Present,Present,Present,Present,Present,Present,Present,Present,Present,Present,Present,Present,Present,Present,Present,Present,Present,Present,Present,Present,Present,Present,Present,Present,Present,Present,Present,Present,Present,**,Present,Present,Present,Present,Present,Present,Present,Present,Present,Present,Present,Present,Present,**,Present,Present,Present,Present,Present,Present,Present,Present,*,Present,Present,Present,*,Present,Present,Present,Present,Present,Present,*,Present,*,Present,Present,Present,Present,Present,Present,Present,Present,Present,Present,Present,Present,Present,Present,Present,Present,Present,Present,Present,Present,*,Present,*,Present,Present,Present,Present,Present,Present,Present,Present,Present,Present,Present,Present,Present,Present,Present,Present,Present,Present,Present,Present,Present,Present,Present,Present,**,Present,Present,Present,Present,**,**,**,Present,**,Present,Present,Present,Present,Present,Present,*,Present,Present,Present,Present,Present,Present,Present,Present,Present,Present,Present
30,BARBA,Present,Present,Present,Present,Present,Present,Present,Present,Present,Present,Present,Present,Present,Present,**,Present,Present,Present,Present,Present,Present,Present,Present,Present,Present,Present,Present,Present,Present,Present,Present,Present,Present,Present,Present,Present,Present,Present,Present,Present,Present,Present,Present,Present,Present,Present,Present,Present,Present,Present,Present,Present,Present,Present,Present,Present,Present,Present,Present,Present,Present,Present,Present,Present,Present,Present,Present,Present,Present,Present,Present,Present,Present,Present,Present,Present,Present,Present,Present,Present,*,Present,Present,Present,Present,Present,Present,Present,Present,Present,**,Present,Present,**,*,Present,Present,Present,Present,Present,Present,Present,*,Present,Present,*,Present,Present,Present,Present,Present,*,Present,Present,Present,Present,*,Present,Present,****,Present,Present,Present,Present,Present,*,Present,Present,Present,Present,Present,Present,Present,Present,Present,Present,Present,Present,Present,Present,*,*,**,Present,Present,Present,****,Present,Present,Present,Present,Present,Present,****,*,Present,Present,**,Present,Present,Present,Present,Present,Present,Present,Present,*,Present,Present,Present,Present,Present,Present,Present,Present,Present,Present,Present
31,BARBERS,Present,Present,Present,Present,Present,Present,Present,Present,Present,**,Present,Present,Present,Present,Present,Present,Present,Present,Present,Present,Present,Present,Present,Present,Present,Present,Present,Present,Present,Present,Present,Present,Present,Present,Present,Present,Present,Present,Present,**,Present,Present,Present,Present,Present,Present,Present,Present,Present,Present,Present,Present,Present,Present,Present,Present,Present,Present,**,Present,Present,Present,Present,Present,Present,Present,Present,Present,Present,Present,Present,Present,Present,Present,Present,****,****,*,****,*,**,****,Present,*,*,****,****,****,****,****,****,*,*,*,Present,Present,Present,Present,Present,*,Present,Present,Present,*,Present,**,Present,*,*,Present,Present,Present,Present,Present,Present,Present,Present,Present,Present,*,Present,Present,Present,****,Present,Present,Present,Present,Present,*,Present,Present,Present,Present,****,*,*,****,****,****,*,****,**,****,*,Present,Present,Present,**,**,**,****,****,****,Present,**,*,****,****,**,****,Present,**,Present,Present,Present,Present,**,Present,**,Present,**,**,Present,**,*,*,**
32,BARONDA,Present,Present,Present,Present,Present,Present,**,Present,Present,Present,**,**,Present,Present,**,Present,Present,Present,Present,Present,Present,Present,Present,Present,Present,Present,Present,Present,Present,Present,Present,Present,Present,Present,Present,Present,Present,Present,Present,Present,Present,Present,Present,Present,Present,Present,Present,Present,Present,Present,Present,Present,Present,Present,Present,Present,Present,Present,Present,Present,Present,Present,Present,Present,Present,Present,Present,Present,Present,Present,Present,Present,Present,Present,Present,Present,Present,*,****,****,****,*,Present,Present,Present,Present,*,Present,Present,Present,Present,Present,Present,Present,Present,Present,Present,Present,Present,Present,Present,Present,Present,Present,Present,Present,Present,Present,Present,Present,Present,Present,Present,Present,Present,**,Present,Present,Present,Present,Present,Present,Present,Present,Present,Present,Present,Present,Present,Present,Present,Present,Present,Present,****,****,Present,Present,Present,Present,Present,Present,Present,Present,Present,Present,Present,Present,Present,Present,Present,Present,Present,Present,Present,*,Present,Present,Present,Present,Present,Present,Present,Present,Present,Present,Present,Present,Present,Present,Present,Present,Present,Present,Present,*,*,Present
33,BARZAGA,Present,Present,Present,Present,Present,Present,**,**,Present,Present,Present,**,**,**,**,Present,Present,Present,Present,**,**,Present,Present,Present,Present,Present,Present,Present,Present,Present,Present,Present,Present,Present,Present,Present,Present,Present,Present,Present,Present,Present,Present,**,**,Present,Present,Present,Present,Present,**,Present,Present,Present,Present,Present,Present,Present,**,Present,Present,Present,Present,**,Present,Present,**,Present,Present,Present,Present,Present,**,Present,Present,****,*,Present,**,**,**,**,Present,**,**,**,**,**,**,**,**,**,**,**,**,**,**,**,**,**,**,**,**,**,**,**,**,***,**,**,**,**,**,**,**,**,***,***,***,**,**,**,**,**,**,**,**,**,***,***,***,***,***,**,Not Listed,Not Listed,Not Listed,Not Listed,Not Listed,Not Listed,Not Listed,Not Listed,Not Listed,Not Listed,Not Listed,Not Listed,Not Listed,Not Listed,Not Listed,Not Listed,Not Listed,Not Listed,Not Listed,Not Listed,Not Listed,Not Listed,Not Listed,Not Listed,Not Listed,Not Listed,Not Listed,Not Listed,Not Listed,Not Listed,Not Listed,Not Listed,Not Listed,Not Listed,Not Listed,Not Listed,Not Listed,Not Listed,Not Listed,Not Listed,Not Listed,Not Listed,Not Listed,Not Listed
34,BASCUG,Present,Present,Present,Present,Present,Present,**,Present,Present,Present,Present,**,Present,Present,Present,Present,Present,**,Present,Present,**,Present,Present,Present,Present,Present,Present,Present,Present,Present,Present,Present,Present,Present,Present,Present,Present,Present,Present,Present,Present,Present,Present,Present,Present,Present,Present,Present,Present,Present,Present,Present,Present,Present,Present,Present,Present,Present,Present,Present,Present,Present,Present,**,Present,**,Present,Present,Present,Present,Present,Present,Present,Present,Present,**,**,**,Present,Present,Present,Present,Present,**,**,**,Present,Present,Present,Present,Present,**,Present,*,*,Present,Present,Present,Present,**,**,Present,**,**,Present,**,**,*,**,**,**,**,Present,**,Present,**,**,**,**,**,**,Present,Present,*,Present,Present,Present,Present,Present,Present,*,*,Present,Present,Present,Present,**,**,Present,Present,Present,Present,*,Present,Present,Present,Present,*,Present,Present,**,Present,Present,Present,Present,Present,Present,Present,Present,**,Present,Present,Present,Present,Present,Present,**,Present,Present,*,Present,Present,Present,Present,Present,***,***,**
35,BAUTISTA,Present,Present,Present,Present,Present,Present,Present,Present,Present,**,Present,**,Present,Present,Present,Present,Present,Present,Present,Present,Present,Present,Present,Present,Present,Present,Present,Present,Present,Present,Present,Present,Present,Present,Present,Present,Present,Present,Present,Present,Present,Present,Present,Present,Present,Present,Present,Present,Present,Present,Present,Present,Present,Present,Present,Present,Present,Present,Present,Present,Present,Present,Present,Present,Present,Present,Present,Present,Present,Present,Present,Present,Present,Present,Present,****,****,****,****,****,****,**,Present,****,****,Present,**,***,***,****,*,**,****,**,**,Present,Present,*,****,****,****,****,Present,****,**,**,**,***,***,***,****,****,****,****,****,****,****,****,***,****,****,****,****,****,****,****,****,*,****,****,****,****,****,*,****,****,****,***,****,****,*,***,****,****,****,****,****,*,****,**,****,Present,**,****,**,*,****,****,****,****,*,****,****,****,****,***,**,****,****,****,****,****,****,****,*,**,**,****
36,BAUTISTA-LIM,Present,Present,Present,Present,Present,Present,**,**,Present,Present,Present,Present,Present,Present,Present,Present,Present,Present,Present,**,Present,Present,**,Present,Present,Present,Present,Present,Present,Present,Present,Present,Present,Present,Present,Present,Present,Present,Present,Present,Present,Present,Present,Present,Present,Present,Present,Present,Present,Present,Present,Present,Present,Present,Present,Present,Present,**,Present,Present,Present,Present,Present,Present,Present,Present,**,Present,Present,Present,Present,Present,Present,Present,Present,***,***,***,*,****,**,**,Present,*,****,Present,**,**,****,****,****,Present,****,****,*,Present,Present,*,*,****,****,Present,Present,****,*,****,****,*,****,****,****,*,****,*,****,****,****,****,Present,****,****,****,****,****,****,****,****,**,**,**,**,**,****,****,*,****,****,*,****,****,*,****,**,Present,*,*,*,****,*,****,****,Present,****,****,*,**,*,Present,*,*,*,***,**,***,**,***,*,****,Present,Present,*,****,*,*,Present,**,**,**
37,BENITEZ,Present,Present,Present,Present,Present,Present,**,Present,Present,Present,**,**,Present,Present,Present,Present,Present,Present,Present,Present,Present,Present,Present,Present,Present,Present,Present,Present,Present,Present,Present,Present,Present,Present,Present,Present,Present,Present,Present,**,**,**,Present,Present,Present,Present,Present,Present,Present,Present,Present,Present,Present,Present,Present,Present,Present,Present,Present,**,Present,Present,Present,Present,Present,Present,Present,Present,Present,Present,Present,Present,Present,Present,Present,Present,Present,Present,**,**,Present,Present,Present,****,****,Present,****,****,Present,Present,****,Present,Present,**,**,**,**,Present,Present,****,**,**,**,**,**,**,**,*,*,Present,*,Present,*,Present,****,****,*,Present,Present,*,**,****,Present,Present,Present,*,**,**,Present,Present,*,Present,*,Present,*,Present,*,Present,Present,Present,Present,****,**,Present,**,**,**,Present,Present,Not Listed,Not Listed,Not Listed,Not Listed,Not Listed,Not Listed,Not Listed,Not Listed,Not Listed,Not Listed,Not Listed,Not Listed,Not Listed,Not Listed,Not Listed,Not Listed,Not Listed,Not Listed,Not Listed,Not Listed,Not Listed,Not Listed,Not Listed,Not Listed,Not Listed,Not Listed,Not Listed,Not Listed,Not Listed
38,BERNOS,Present,Present,Present,Present,Present,Present,Present,Present,Present,Present,Present,Present,**,Present,Present,Present,Present,Present,Present,Present,Present,Present,Present,Present,Present,Present,Present,Present,Present,Present,Present,Present,Present,Present,Present,Present,Present,Present,Present,Present,Present,Present,Present,Present,Present,Present,Present,Present,Present,Present,Present,Present,Present,Present,Present,Present,Present,Present,Present,Present,Present,Present,Present,Present,Present,Present,Present,Present,Present,**,Present,Present,Present,Present,Present,Present,Present,Present,Present,Present,Present,Present,Present,Present,Present,Present,*,Present,Present,Present,Present,**,Present,**,*,Present,Present,*,**,**,**,Present,Present,Present,Present,Present,Present,Present,Present,*,Present,*,*,*,*,Present,Present,Present,Present,Present,Present,Present,****,****,***,***,Present,Present,Present,Present,*,Present,Present,Present,Present,Present,Present,*,Present,***,Present,Present,*,Present,Present,*,Present,Present,Present,*,Present,Present,Present,Present,Present,**,Present,Present,Present,Present,Present,Present,Present,Present,Present,Present,Present,Present,Present,Present,****,*,****,Present,Present,Present,Present,Present
39,BILLONES,Present,Present,Present,Present,Present,Present,Present,Present,Present,Present,Present,Present,Present,Present,Present,Present,Present,Present,Present,Present,Present,Present,Present,Present,Present,Present,Present,Present,Present,Present,Present,Present,Present,Present,Present,Present,Present,Present,Present,Present,Present,Present,Present,Present,Present,Present,Present,Present,Present,Present,Present,Present,Present,Present,Present,Present,Present,Present,Present,Present,Present,Present,Present,Present,Present,Present,Present,Present,Present,Present,Present,Present,Present,Present,Present,Present,****,****,****,Present,Present,Present,Present,Present,****,Present,****,Present,Present,****,Present,****,****,****,Present,Present,Present,*,Present,Present,****,****,Present,****,****,Present,Present,Present,****,****,****,Present,Present,Present,Present,****,Present,Present,****,Present,Present,Present,Present,****,Present,Present,Present,Present,Present,****,Present,Present,Present,Present,Present,Present,Present,Present,Present,****,Present,**,**,Present,**,**,Present,Present,*,Present,**,****,Present,Present,*,*,Present,Present,Present,****,*,Present,Present,Present,Present,Present,Present,****,Present,Present,Present,Present,*,*,Present,Present,Present,Present
40,BIRON,Present,Present,Present,Present,Present,Present,Present,Present,Present,Present,Present,Present,**,**,Present,**,Present,**,Present,Present,Present,Present,Present,Present,Present,Present,Present,Present,Present,Present,Present,Present,Present,**,**,Present,Present,Present,Present,Present,Present,**,Present,Present,Present,Present,Present,Present,Present,Present,Present,Present,Present,Present,Present,Present,Present,**,Present,Present,Present,Present,Present,Present,Present,Present,**,Present,**,**,Present,Present,**,Present,Present,****,****,****,****,**,****,****,Present,****,**,****,**,****,****,****,**,**,**,**,**,**,**,**,****,****,****,**,**,**,**,**,**,****,****,**,****,**,****,****,****,****,****,****,****,****,****,****,****,****,Present,Present,Present,Present,Present,*,****,**,*,**,Present,*,Present,Present,*,Present,**,****,Present,****,*,****,**,**,**,Present,****,**,Present,**,*,****,*,**,****,****,**,****,**,Present,*,*,**,**,****,Present,Present,****,****,Present,*,Present,Present,Present
41,BOLILIA,Present,Present,Present,Present,Present,Present,Present,Present,Present,Present,Present,**,**,Present,**,Present,Present,Present,Present,Present,Present,Present,**,Present,Present,Present,Present,Present,Present,Present,Present,Present,Present,Present,Present,Present,Present,Present,Present,Present,Present,Present,Present,Present,Present,Present,Present,Present,Present,Present,Present,Present,Present,Present,Present,Present,Present,Present,Present,Present,Present,Present,Present,Present,Present,Present,Present,Present,Present,Present,Present,Present,Present,Present,Present,Present,Present,Present,Present,Present,Present,Present,Present,Present,Present,Present,Present,**,**,**,**,**,**,*,*,Present,Present,*,*,Present,*,Present,*,Present,Present,Present,Present,**,Present,Present,Present,**,Present,Present,Present,Present,Present,Present,**,**,**,*,****,Present,**,Present,Present,Present,Present,Present,Present,****,****,*,*,*,Present,Present,****,***,***,****,*,**,*,*,Present,Present,Present,**,Present,Present,Present,*,Present,*,***,*,Present,*,Present,Present,Present,*,Present,Present,*,*,*,Present,Present,Present,Present,Present,*,Present,Present,Present
42,BONDOC,Present,Present,Present,Present,Present,Present,Present,Present,Present,Present,Present,Present,Present,Present,Present,Present,Present,Present,Present,Present,Present,Present,Present,Present,Present,Present,Present,Present,Present,Present,Present,Present,Present,Present,Present,Present,Present,Present,Present,Present,Present,Present,Present,**,Present,Present,Present,Present,Present,Present,Present,Present,Present,Present,Present,Present,Present,Present,Present,Present,Present,Present,Present,Present,Present,Present,Present,Present,Present,Present,Present,Present,Present,Present,Present,**,**,*,*,**,**,**,Present,****,**,*,*,****,*,****,*,****,****,*,*,Present,Present,*,*,Present,**,*,*,*,Present,*,Present,*,*,*,*,*,*,*,*,*,*,Present,*,*,*,*,*,*,****,*,Present,*,*,*,Present,*,Present,*,*,*,*,*,*,*,*,*,*,**,**,*,*,*,*,**,Present,Present,*,*,*,*,*,*,*,*,*,*,*,Present,*,**,*,*,***,*,*,**,*,****,*,*,*,*
43,BONGALON,Present,Present,Present,Present,Present,Present,Present,Present,Present,Present,Present,Present,**,Present,Present,Present,Present,Present,Present,**,Present,Present,Present,Present,Present,Present,**,Present,Present,Present,Present,Present,Present,Present,Present,Present,Present,Present,Present,Present,Present,Present,Present,Present,Present,Present,Present,Present,Present,Present,Present,Present,Present,Present,Present,Present,Present,Present,Present,Present,Present,Present,Present,Present,Present,Present,Present,Present,Present,Present,Present,Present,**,Present,Present,**,Present,Present,Present,**,**,Present,Present,Present,**,****,Present,*,****,****,**,*,*,*,Present,Present,Present,Present,**,**,**,*,Present,*,Present,Present,**,Present,**,*,****,Present,Present,Present,Present,Present,Present,Present,Present,Present,*,Present,**,Present,Present,Present,****,Present,Present,Present,Present,****,****,*,Present,Present,Present,Present,Present,**,Present,Present,****,Present,*,****,Present,*,Present,*,*,**,Present,Present,Present,**,*,*,Present,**,*,Present,*,****,Present,Present,*,**,Present,Present,****,Present,****,***,*,Present,Present,**
44,BORDADO,Present,Present,Present,Present,Present,Present,Present,Present,Present,Present,Present,Present,Present,Present,Present,Present,Present,Present,Present,Present,Present,Present,Present,Present,Present,Present,Present,Present,Present,Present,Present,Present,Present,Present,Present,Present,Present,Present,Present,Present,Present,Present,Present,Present,Present,Present,Present,Present,Present,Present,Present,Present,Present,Present,Present,Present,Present,Present,Present,Present,Present,Present,Present,Present,Present,Present,Present,Present,Present,Present,Present,Present,Present,Present,Present,Present,Present,Present,Present,Present,Present,Present,Present,Present,Present,Present,Present,Present,Present,Present,Present,Present,Present,Present,Present,Present,Present,Present,Present,Present,Present,Present,Present,Present,Present,Present,Present,Present,Present,Present,Present,Present,Present,Present,Present,Present,Present,Present,Present,Present,Present,Present,Present,Present,Present,Present,Present,Present,Present,Present,Present,Present,Present,Present,Present,Present,Present,Present,Present,Present,Present,Present,Present,Present,Present,Present,Present,Present,Present,Present,Present,Present,Present,Present,Present,Present,Present,Present,Present,Present,Present,Present,Present,Present,Present,Present,Present,Present,Present,Present,Present,**,Present,Present,Present,Present,Present,Present
45,BOSITA,Present,Present,Present,Present,Present,Present,Present,Present,Present,Present,**,Present,Present,Present,Present,Present,Present,Present,Present,Present,Present,Present,Present,Present,Present,Present,**,Present,Present,Present,Present,Present,Present,Present,Present,Present,Present,Present,Present,**,Present,Present,Present,Present,Present,Present,Present,Present,Present,Present,Present,Present,Present,Present,Present,Present,Present,**,Present,Present,Present,Present,Present,Present,Present,**,**,Present,Present,Present,Present,Present,Present,Present,Present,Present,Present,Present,Present,Present,****,****,Present,Present,Present,*,**,**,Present,Present,*,*,Present,**,*,Present,Present,*,Present,Present,Present,**,**,Present,Present,**,**,*,*,**,*,Present,Present,*,*,**,****,**,Present,Present,*,Present,**,*,*,*,Present,Present,Present,Present,*,**,*,Present,Present,Present,*,*,**,*,**,*,**,*,****,Present,Present,****,**,*,**,**,*,Present,*,**,Present,Present,****,**,Present,*,****,****,Present,Present,Present,****,Present,Present,****,****,**,Present,*,*,****,Present
46,BRIONES,Present,Present,Present,Present,Present,Present,Present,Present,Present,Present,Present,Present,Present,Present,Present,Present,Present,Present,Present,Present,Present,Present,Present,Present,Present,Present,Present,Present,Present,Present,Present,Present,Present,Present,Present,Present,Present,Present,Present,Present,Present,Present,Present,Present,Present,Present,Present,Present,Present,Present,Present,Present,Present,Present,Present,Present,Present,Present,Present,Present,Present,Present,Present,Present,Present,Present,Present,Present,Present,Present,Present,Present,Present,Present,Present,*,*,Present,Present,Present,*,Present,Present,*,Present,Present,Present,Present,Present,Present,Present,*,Present,Present,Present,Present,Present,Present,*,Present,Present,**,**,**,**,Present,*,*,*,Present,Present,Present,Present,*,Present,Present,Present,Present,Present,*,Present,***,Present,Present,Present,Present,Present,Present,Present,****,Present,Present,Present,Present,Present,**,Present,Present,Present,***,***,*,Present,*,Present,Present,Present,Present,Present,Present,Present,***,***,***,Present,*,*,Present,Present,Present,Present,*,Present,Present,*,Present,Present,*,*,Present,Present,Present,Present,Present,Present,Present,*,*
47,BROSAS,Present,Present,Present,Present,Present,Present,Present,**,Present,Present,Present,Present,Present,Present,Present,Present,Present,Present,Present,Present,Present,Present,Present,Present,Present,Present,Present,Present,Present,Present,Present,Present,Present,Present,**,Present,Present,Present,Present,Present,Present,Present,Present,**,**,Present,Present,Present,Present,Present,Present,Present,Present,Present,Present,Present,Present,Present,Present,Present,Present,Present,Present,Present,Present,Present,Present,Present,Present,Present,Present,Present,Present,Present,Present,Present,Present,Present,Present,*,*,Present,Present,**,*,Present,Present,Present,Present,*,**,*,Present,Present,*,Present,Present,Present,Present,Present,Present,Present,Present,**,Present,Present,Present,Present,*,*,*,*,Present,*,*,**,Present,****,Present,Present,*,Present,**,Present,*,Present,Present,Present,Present,Present,Present,Present,Present,Present,Present,Present,Present,Present,*,Present,**,Present,*,**,*,**,Present,Present,Present,**,**,**,Present,Present,Present,Present,**,**,Present,**,Present,Present,*,Present,Present,Present,Present,Present,*,Present,Present,**,**,Present,Present,Present,Present,Present
48,BUHAIN,Present,Present,Present,Present,Present,Present,Present,Present,Present,Present,Present,Present,Present,Present,**,Present,Present,Present,Present,Present,Present,Present,Present,**,Present,Present,Present,Present,Present,Present,**,Present,Present,Present,Present,Present,Present,Present,Present,Present,Present,Present,Present,Present,Present,Present,Present,Present,Present,Present,Present,Present,Present,Present,Present,Present,Present,Present,**,Present,Present,Present,Present,Present,Present,Present,Present,Present,Present,Present,Present,Present,Present,Present,Present,****,Present,*,Present,Present,****,**,Present,Present,**,Present,Present,Present,Present,Present,Present,Present,Present,Present,*,**,**,**,*,Present,Present,**,Present,**,**,Present,**,**,Present,Present,**,Present,Present,Present,*,Present,**,Present,**,Present,Present,**,Present,Present,Present,*,Present,*,****,*,Present,Present,Present,Present,Present,**,Present,****,Present,*,*,**,**,**,**,**,**,**,*,*,**,****,****,Present,****,Present,Present,*,*,****,****,****,*,****,****,****,*,****,****,****,****,****,****,****,*,Present,*,*
49,BULUT-BEGTANG,Present,Present,Present,Present,Present,Present,Present,Present,Present,Present,Present,Present,Present,**,**,Present,Present,Present,Present,Present,Present,Present,Present,Present,Present,Present,**,Present,Present,Present,Present,Present,Present,Present,Present,Present,Present,Present,Present,Present,Present,Present,Present,Present,Present,Present,Present,Present,Present,Present,Present,Present,Present,Present,Present,Present,Present,**,Present,Present,Present,Present,Present,Present,Present,Present,Present,Present,Present,Present,Present,Present,Present,Present,Present,Present,Present,Present,*,Present,*,*,Present,Present,**,*,*,Present,*,*,Present,*,*,*,*,Present,Present,Present,Present,*,Present,Present,*,Present,Present,Present,*,Present,Present,Present,Present,Present,Present,*,Present,*,Present,Present,Present,*,Present,Present,Present,Present,Present,*,Present,Present,Present,Present,*,*,Present,Present,*,Present,Present,*,Present,Present,Present,*,*,Present,Present,*,Present,Present,Present,Present,Present,Present,*,****,*,Present,Present,Present,**,**,Present,Present,Present,Present,Present,Present,Present,****,Present,Present,Present,*,Present,Present,Present,Present,Present,Present
50,BUSTOS,Present,Present,Present,Present,Present,Present,Present,Present,Present,**,Present,**,Present,**,Present,Present,Present,Present,Present,Present,Present,Present,Present,Present,Present,**,**,**,Present,Present,Present,Present,Present,Present,Present,Present,Present,Present,Present,Present,Present,Present,Present,Present,Present,Present,Present,Present,Present,Present,Present,Present,Present,Present,Present,Present,Present,**,Present,Present,Present,Present,Present,Present,Present,Present,Present,Present,Present,Present,Present,Present,Present,Present,Present,**,**,**,Present,Present,**,Present,Present,Present,Present,****,****,****,****,Present,****,****,****,*,*,Present,Present,Present,****,Present,Present,****,****,****,Present,*,****,**,****,****,****,*,*,*,*,****,****,****,Present,*,*,****,****,****,Present,*,Present,Present,****,****,**,**,****,*,****,Present,*,****,****,****,*,*,****,*,****,****,****,*,****,****,**,*,****,****,*,**,****,****,*,****,*,****,*,**,**,Present,*,****,****,****,****,****,****,Present,*,****,****,****
51,CABREDO,Present,Present,Present,Present,Present,Present,Present,Present,Present,**,Present,**,**,**,**,Present,Present,Present,Present,Present,**,Present,Present,Present,Present,Present,Present,Present,Present,Present,Present,Present,Present,Present,Present,Present,Present,Present,Present,Present,Present,Present,Present,Present,Present,Present,Present,Present,Present,Present,Present,Present,Present,Present,Present,Present,Present,Present,Present,Present,Present,Present,Present,Present,Present,**,Present,Present,Present,Present,Present,Present,Present,Present,Present,Present,Present,Present,****,****,Present,Present,Present,Present,Present,Present,Present,Present,Present,Present,Present,Present,Present,**,Present,Present,Present,Present,Present,*,Present,Present,Present,Present,Present,*,Present,Present,**,**,**,Present,*,**,**,**,**,**,**,Present,**,Present,Present,Present,Present,*,Present,Present,Present,Present,Present,Present,Present,Present,Present,Present,Present,Present,Present,Present,Present,Present,Present,*,Present,Present,Present,Present,Present,**,Present,Present,Present,Present,**,**,**,**,**,**,**,Present,*,Present,*,Present,Present,**,*,Present,Present,Present,Present,Present,*,****,****,*
52,CAGAS,Present,Present,Present,Present,Present,Present,Present,**,Present,Present,Present,Present,Present,Present,Present,Present,Present,Present,Present,**,Present,Present,Present,Present,Present,Present,Present,Present,Present,Present,Present,Present,Present,Present,Present,Present,Present,Present,Present,Present,Present,Present,Present,**,Present,Present,Present,Present,Present,Present,Present,Present,Present,Present,Present,Present,Present,Present,Present,Present,Present,Present,Present,Present,Present,Present,Present,Present,Present,Present,Present,Present,Not Listed,Present,Present,Present,Present,Present,**,**,**,*,Present,Present,Present,Present,Present,Present,Present,Present,Present,*,Present,Present,Present,Present,Present,Present,Present,Present,Present,Present,Present,Present,Present,Present,Present,Present,Present,Present,Present,Present,Present,Present,Present,Present,Present,Present,Present,Present,Present,Present,Present,Present,Present,Present,Present,Present,Present,Present,Present,Present,Present,Present,Present,Present,Present,Present,Present,Present,Present,Present,Present,Present,Present,Present,Present,Present,Present,Present,Present,Present,Present,Present,Present,Present,Present,Present,Present,Present,Present,Present,Present,Present,Present,Present,Present,Present,Present,**,Present,Present,Present,Present,Present,Present,Present,Present
53,CAJAYON-UY,Present,Present,Present,Present,Present,Present,Present,Present,Present,**,**,**,Present,**,**,Present,Present,**,Present,Present,Present,Present,Present,Present,Present,Present,**,Present,Present,Present,Present,Present,Present,Present,Present,Present,Present,Present,Present,Present,Present,Present,Present,Present,Present,Present,Present,Present,Present,Present,**,Present,Present,Present,Present,Present,Present,Present,Present,Present,Present,Present,Present,Present,Present,Present,**,Present,Present,Present,Present,Present,Not Listed,Present,Present,***,***,***,*,*,**,*,Present,Present,Present,**,****,*,*,**,*,*,*,Present,*,Present,Present,*,*,Present,*,Present,*,*,Present,*,*,Present,Present,*,*,*,*,Present,Present,Present,*,Present,Present,Present,**,Present,**,**,****,*,Present,Present,Present,Present,*,*,*,Present,*,Present,Present,Present,Present,Present,Present,Present,Present,Present,Present,Present,Present,*,Present,Present,Present,Present,Present,Present,Present,Present,*,Present,Present,Present,Present,Present,Present,Present,Present,Present,Present,Present,Present,Present,Present,Present,Present,Present,Present,**,**,Present
54,CALDERON,Present,Present,Present,Present,Present,Present,Present,Present,Present,Present,**,Present,**,Present,**,Present,Present,Present,Present,Present,Present,Present,Present,Present,Present,Present,Present,Present,Present,Present,Present,Present,Present,Present,Present,Present,Present,Present,Present,Present,Present,Present,Present,Present,Present,Present,Present,Present,Present,Present,Present,Present,Present,Present,Present,Present,Present,Present,Present,Present,Present,Present,Present,Present,Present,Present,Present,Present,Present,Present,Present,Present,Not Listed,Present,Present,Present,Present,Present,Present,*,Present,Present,Present,****,****,Present,*,Present,**,Present,****,****,****,*,*,Present,Present,Present,Present,*,****,Present,Present,****,****,****,****,****,Present,*,Present,*,Present,**,**,**,**,**,**,*,Present,Present,Present,*,Present,*,****,Present,Present,Present,****,*,****,*,****,*,Present,*,***,*,Present,Present,Present,****,Present,*,Present,****,****,**,*,****,****,****,Present,*,Present,*,*,****,Present,***,Present,Present,****,Present,Present,Present,****,*,Present,****,*,*,Present,****,Present,Present
55,CALIXTO,Present,Present,Present,Present,Present,Present,Present,Present,Present,Present,Present,Present,Present,Present,Present,Present,Present,Present,Present,Present,Present,Present,Present,Present,Present,Present,Present,Present,Present,Present,Present,Present,Present,Present,Present,Present,Present,Present,Present,Present,Present,Present,Present,Present,Present,Present,Present,Present,Present,Present,**,Present,Present,Present,Present,Present,Present,Present,Present,Present,Present,Present,Present,Present,Present,Present,Present,Present,Present,Present,Present,Present,Not Listed,Present,Present,Present,Present,Present,Present,Present,Present,Present,Present,Present,Present,Present,Present,**,Present,Present,Present,Present,Present,Present,Present,Present,Present,Present,Present,**,Present,Present,Present,Present,**,Present,Present,Present,Present,**,Present,Present,Present,Present,Present,Present,Present,Present,Present,Present,Present,Present,Present,Present,Present,Present,Present,Present,Present,Present,**,Present,Present,Present,Present,Present,Present,Present,Present,Present,Present,Present,Present,Present,Present,Present,Present,Present,Present,Present,Present,Present,Present,Present,Present,Present,Present,Present,Present,Present,Present,Present,Present,Present,Present,Present,Present,Present,Present,Present,Present,Present,Present,Present,Present,Present,Present,Present
56,CAMPOS,Present,Present,Present,Present,Present,Present,Present,Present,Present,**,Present,Present,Present,**,Present,Present,Present,Present,Present,Present,Present,Present,*,Present,Present,*,*,Present,Present,Present,Present,Present,Present,Present,Present,Present,Present,Present,Present,Present,Present,Present,Present,Present,Present,Present,Present,Present,Present,Present,Present,Present,Present,Present,Present,Present,Present,Present,Present,Present,Present,Present,Present,Present,Present,Present,**,Present,Present,Present,Present,Present,Not Listed,Present,Present,*,Present,Present,Present,Present,Present,Present,Present,*,Present,Present,Present,Present,Present,Present,Present,Present,Present,Present,Present,Present,Present,Present,Present,Present,Present,Present,Present,****,Present,Present,Present,Present,Present,Present,Present,Present,Present,Present,Present,Present,Present,Present,Present,Present,*,Present,Present,Present,Present,Present,Present,Present,Present,Present,Present,Present,Present,Present,*,*,Present,Present,***,***,*,Present,Present,Present,Present,Present,***,***,Present,Present,Present,Present,Present,Present,Present,*,Present,Present,Present,Present,Present,Present,*,Present,Present,Present,Present,Present,Present,Present,Present,Present,Present,Present,Present,*,*,Present
57,CAOAGDAN,Present,Present,Present,Present,Present,Present,Present,Present,Present,Present,Present,Present,Present,Present,Present,Present,Present,Present,Present,Present,Present,Present,Present,Present,Present,Present,Present,Present,Present,Present,Present,Present,Present,Present,Present,Present,Present,Present,Present,Present,Present,Present,Present,Present,Present,Present,Present,Present,Present,Present,Present,Present,Present,Present,Present,Present,Present,Present,Present,Present,Present,Present,Present,Present,Present,Present,Present,Present,Present,Present,Present,Present,Not Listed,Present,Present,****,*,****,Present,Present,Present,Present,Present,Present,Present,Present,*,Present,Present,Present,Present,Present,Present,Present,Present,Present,Present,Present,Present,*,Present,Present,Present,Present,Present,Present,Present,Present,Present,Present,Present,Present,Present,Present,Present,Present,Present,Present,Present,*,Present,Present,Present,Present,Present,Present,Present,Present,Present,Present,Present,Present,Present,Present,***,***,***,***,Present,Present,Present,Present,Present,Present,Present,Present,Present,Present,Present,Present,Present,Present,Present,Present,Present,Present,Present,Present,Present,Present,Present,Present,*,Present,Present,Present,Present,Present,Present,Present,Present,Present,Present,Present,Present,Present,Present,Present
58,CARDEMA,Present,Present,Present,Present,Present,Present,Present,Present,Present,**,Present,**,**,**,**,Present,Present,Present,Present,Present,Present,Present,Present,Present,Present,**,Present,Present,Present,Present,Present,Present,Present,Present,Present,Present,Present,Present,Present,Present,Present,Present,Present,Present,Present,Present,Present,Present,Present,Present,Present,Present,Present,Present,Present,Present,Present,Present,Present,Present,Present,Present,Present,Present,Present,Present,Present,Present,Present,Present,Present,Present,Not Listed,Present,Present,Present,Present,Present,Present,Present,Present,Present,Present,Present,Present,Present,**,Present,Present,****,*,Present,Present,Present,Present,Present,Present,Present,Present,Present,Present,Present,Present,****,Present,Present,Present,Present,****,****,Present,**,**,Present,*,Present,**,**,Present,****,*,****,**,**,**,**,Present,Present,**,**,**,**,**,Present,Present,****,Present,Present,Present,*,Present,Present,****,Present,****,Present,Present,*,Present,**,*,****,Present,****,*,Present,Present,*,****,**,****,Present,*,Present,Present,****,*,****,****,*,Present,****,*,***,***,****,****,***
59,CARI,Present,Present,Present,Present,Present,Present,Present,Present,Present,**,Present,**,Present,**,Present,Present,Present,Present,Present,Present,Present,Present,Present,Present,Present,Present,Present,Present,Present,Present,Present,Present,Present,Present,Present,Present,Present,Present,Present,Present,Present,Present,Present,Present,Present,Present,Present,Present,Present,Present,Present,Present,Present,Present,Present,Present,Present,Present,Present,Present,Present,Present,Present,Present,Present,Present,Present,Present,Present,Present,Present,Present,Not Listed,Present,Present,***,Present,Present,*,*,*,****,Present,***,***,Present,*,*,*,Present,*,**,**,Present,*,Present,Present,*,*,*,****,Present,****,Present,*,***,***,Present,*,***,***,*,****,Present,Present,Present,Present,*,***,*,Present,Present,Present,Present,Present,Present,***,*,***,***,*,*,*,*,*,Present,***,****,Present,Present,*,****,Present,Present,Present,Present,Present,Present,Present,Present,*,***,***,***,*,**,Present,Present,Present,Present,Present,Present,Present,Present,Present,Present,Present,Present,Present,Present,Present,Present,Present,Present,Present,Present,Present,***
60,CASTRO (F.),Present,Present,Present,Present,Present,Present,Present,**,Present,Present,Present,Present,Present,Present,Present,Present,Present,Present,Present,Present,Present,Present,Present,Present,Present,Present,Present,Present,Present,Present,Present,Present,Present,Present,**,Present,Present,Present,Present,**,Present,Present,Present,Present,Present,Present,Present,Present,Present,Present,Present,Present,Present,Present,Present,Present,Present,**,Present,Present,Present,Present,Present,Present,Present,Present,Present,Present,Present,Present,Present,**,Not Listed,Present,Present,Present,Present,Present,Present,Present,Present,**,Present,**,**,Present,**,Present,Present,Present,**,**,Present,Present,Present,Present,Present,Present,Present,Present,Present,Present,*,**,Present,Present,**,Present,*,**,Present,Present,Present,Present,*,**,Present,****,Present,*,Present,Present,**,*,*,Present,Present,Present,Present,Present,Present,**,*,Present,****,**,*,Present,**,*,**,Present,**,**,*,****,Present,Present,Present,**,**,Present,Present,*,Present,Present,**,**,**,****,Present,Present,*,Present,Present,Present,Present,**,Present,Present,Present,**,*,Present,*,Present,Present,Present
61,CASTRO (J.),Present,Present,Present,Present,Present,Present,Present,Present,Present,**,Present,**,**,Present,Present,Present,Present,Present,Present,**,Present,Present,Present,Present,Present,Present,Present,Present,Present,Present,Present,Present,Present,Present,Present,Present,Present,Present,Present,Present,Present,Present,Present,Present,Present,Present,Present,Present,Present,Present,Present,Present,Present,Present,Present,Present,Present,Present,Present,Present,Present,Present,Present,Present,Present,Present,Present,Present,Present,Present,Present,Present,Not Listed,Present,Present,Present,Present,Present,Present,Present,Present,Present,Present,****,****,****,****,Present,Present,****,Present,Present,Present,Present,*,Present,Present,Present,**,Present,Present,Present,Present,**,Present,**,Present,Present,Present,Present,Present,*,Present,Present,Present,****,**,**,**,Present,Present,Present,Present,Present,Present,Present,Present,Present,Present,Present,Present,Present,Present,Present,****,****,****,****,****,****,Present,Present,Present,Present,Present,****,Present,*,****,****,**,Present,Present,*,Present,*,****,***,****,****,***,Present,Present,Present,*,Present,Present,***,****,****,Present,Present,Present,Present,Present,****,****,****
62,CELESTE,Present,Present,Present,Present,Present,Present,Present,Present,Present,Present,Present,Present,Present,Present,Present,Present,Present,Present,Present,**,Present,Present,Present,Present,Present,Present,Present,Present,Present,Present,Present,Present,Present,Present,Present,Present,Present,Present,Present,Present,Present,Present,Present,Present,Present,Present,Present,Present,Present,Present,Present,Present,Present,Present,Present,Present,Present,Present,Present,Present,Present,Present,Present,Present,Present,Present,Present,Present,Present,Present,Present,Present,Not Listed,Present,Present,****,Present,Present,Present,Present,*,Present,Present,Present,****,Present,Present,Present,Present,Present,Present,Present,Present,Present,Present,Present,Present,Present,Present,Present,Present,Present,Present,Present,Present,Present,Present,Present,***,***,Present,Present,Present,Present,Present,Present,Present,Present,*,Present,Present,Present,Present,Present,Present,Present,Present,Present,Present,Present,Present,Present,Present,Present,Present,Present,Present,Present,Present,*,Present,Present,Present,Present,Present,Present,Present,Present,Present,Present,Present,Present,Present,Present,Present,Present,Present,Present,Present,Present,Present,Present,Present,Present,Present,Present,Present,Present,Present,Present,Present,Present,Present,Present,Present,Present,Present,***
63,CHAN,Present,Present,Present,Present,Present,Present,Present,**,Present,**,Present,Present,Present,Present,Present,Present,Present,Present,Present,Present,Present,Present,Present,Present,Present,Present,**,Present,Present,Present,Present,Present,Present,Present,Present,Present,Present,Present,Present,Present,Present,Present,Present,**,Present,Present,Present,Present,Present,Present,Present,Present,***,Present,Present,Present,Present,**,Present,Present,Present,Present,Present,Present,Present,Present,Present,Present,Present,Present,Present,Present,Not Listed,Present,Present,Present,Present,Present,Present,Present,Present,Present,Present,**,**,**,**,**,**,**,**,**,**,**,**,Present,Present,Present,Present,*,Present,Present,**,**,**,**,**,**,Present,*,**,Present,*,**,**,**,**,**,**,Present,Present,**,**,**,****,**,Present,Present,Present,Present,**,**,**,Present,**,**,*,Present,**,**,**,*,Present,**,**,**,**,**,**,**,**,Present,Present,Present,**,*,*,Present,**,**,**,**,**,**,**,Present,Present,**,**,**,**,**,**,**,Present,**,**,**
64,CHATTO,Present,Present,Present,Present,Present,Present,Present,Present,Present,**,Present,Present,**,Present,Present,Present,Present,Present,Present,Present,Present,Present,Present,**,Present,Present,Present,Present,**,Present,Present,Present,Present,Present,Present,Present,Present,Present,Present,Present,Present,Present,Present,Present,Present,Present,Present,Present,Present,Present,Present,Present,Present,Present,Present,Present,Present,Present,Present,Present,Present,Present,Present,Present,Present,Present,Present,Present,Present,Present,Present,Present,Not Listed,Present,Present,**,**,**,Present,Present,Present,**,Present,Present,Present,Present,Present,Present,**,**,Present,Present,Present,Present,Present,Present,Present,Present,Present,Present,Present,**,Present,Present,Present,Present,Present,**,Present,Present,Present,**,**,**,**,**,**,**,**,**,**,**,**,**,**,**,**,**,**,**,**,**,**,**,**,**,**,**,**,**,**,Present,Present,Present,Present,*,**,**,**,Present,Present,*,Present,Present,Present,**,Present,Present,*,Present,Present,Present,Present,Present,Present,Present,Present,Present,Present,Present,Present,Present,Present,Present,Present,Present,Present,Present
65,CHUA,Present,Present,Present,Present,Present,Present,Present,Present,Present,Present,Present,Present,Present,Present,Present,Present,Present,Present,Present,Present,Present,Present,Present,Present,Present,Present,**,Present,Present,Present,Present,Present,Present,Present,Present,Present,Present,Present,Present,Present,Present,Present,Present,Present,Present,Present,Present,Present,Present,Present,Present,Present,Present,Present,Present,Present,Present,Present,Present,Present,Present,Present,Present,Present,Present,Present,Present,Present,Present,Present,Present,Present,Not Listed,Present,Present,***,***,***,***,***,Present,Present,Present,****,Present,Present,Present,Present,Present,Present,Present,****,Present,Present,*,Present,Present,Present,Present,Present,Present,Present,****,Present,Present,Present,Present,Present,*,Present,Present,*,Present,*,Present,Present,Present,Present,Present,Present,Present,Present,****,*,Present,Present,Present,*,Present,Present,Present,Present,Present,Present,Present,Present,Present,Present,Present,Present,Present,Present,Present,Present,Present,****,Present,Present,Present,**,Present,Present,Present,**,Present,Present,Present,**,**,Present,Present,Present,Present,Present,Present,Present,*,**,Present,*,****,****,**,**,**,Present,Present,Present
66,CHUNGALAO,Present,Present,Present,Present,Present,Present,Present,Present,Present,Present,Present,Present,Present,Present,Present,Present,Present,**,Present,Present,Present,Present,Present,Present,Present,Present,Present,Present,Present,Present,Present,Present,Present,Present,Present,Present,Present,Present,Present,Present,Present,Present,Present,Present,Present,Present,Present,Present,Present,Present,Present,Present,Present,Present,Present,Present,Present,Present,Present,Present,Present,Present,Present,Present,Present,Present,Present,Present,Present,Present,Present,Present,Not Listed,Present,Present,Present,****,****,Present,Present,Present,Present,Present,**,**,****,Present,Present,Present,Present,*,Present,Present,*,*,Present,Present,Present,Present,Present,Present,****,Present,Present,Present,Present,Present,Present,****,****,****,Present,Present,Present,*,Present,Present,Present,Present,Present,*,Present,Present,Present,****,Present,Present,Present,Present,Present,****,Present,Present,Present,Present,****,Present,Present,Present,*,Present,Present,Present,Present,Present,Present,**,**,*,Present,****,****,****,****,*,**,Present,Present,*,****,****,Present,Present,****,****,Present,*,****,Present,Present,Present,Present,Present,**,Present,****,*,Present
67,CO (A.N.),Present,Present,Present,Present,Present,Present,Present,Present,Present,Present,Present,**,Present,**,Present,Present,Present,Present,Present,Present,Present,Present,Present,Present,Present,Present,Present,Present,Present,Present,Present,Present,Present,Present,Present,Present,Present,Present,Present,Present,Present,Present,Present,Present,Present,Present,Present,Present,Present,Present,Present,Present,Present,Present,Present,Present,Present,Present,Present,Present,Present,Present,Present,Present,Present,Present,Present,Present,Present,Present,Present,Present,Not Listed,Present,***,Present,Present,Present,Present,Present,Present,*,Present,***,**,**,****,*,****,****,****,*,*,****,*,Present,Present,*,**,**,**,**,**,**,Present,****,*,***,****,****,***,*,Present,Present,*,Present,***,****,Present,Present,Present,****,****,Present,*,*,Present,*,Present,Present,*,*,*,Present,Present,*,**,**,**,*,*,Present,****,****,****,****,****,****,Present,**,**,Present,**,****,Present,Present,*,****,*,****,*,Present,****,****,*,****,*,****,****,****,***,**,****,****,*,*,Present,***
68,CO (E.),Present,Present,Present,Present,Present,Present,Present,Present,Present,Present,**,Present,**,**,**,Present,Present,Present,Present,Present,Present,Present,Present,Present,Present,Present,Present,Present,Present,Present,Present,Present,Present,Present,Present,Present,Present,Present,Present,Present,Present,Present,Present,Present,Present,Present,Present,Present,Present,Present,Present,Present,Present,Present,Present,Present,Present,Present,Present,Present,Present,Present,Present,Present,Present,Present,Present,Present,Present,Present,Present,Present,Not Listed,Present,Present,****,****,Present,****,****,**,****,Present,****,****,****,****,**,**,Present,**,Present,****,**,Present,Present,Present,Present,****,****,****,****,****,****,****,*,****,****,**,****,****,****,Present,****,****,Present,****,****,Present,*,*,Present,****,****,****,****,****,****,****,Present,****,****,****,**,****,****,****,*,Present,Present,Present,Present,Present,Present,Present,Present,**,**,Present,Present,**,Present,**,****,Present,Present,*,Present,Present,****,Present,****,****,****,*,**,****,****,****,Present,***,***,***,***,***,****,****,***
69,CO-PILAR,Present,Present,Present,Present,Present,Present,Present,Present,Present,Present,Present,Present,Present,**,Present,Present,Present,Present,Present,Present,Present,Present,Present,Present,Present,Present,Present,Present,Present,Present,Present,Present,Present,Present,Present,Present,Present,Present,Present,Present,Present,Present,Present,Present,Present,Present,Present,Present,Present,Present,Present,Present,Present,Present,Present,Present,Present,Present,Present,Present,Present,Present,Present,Present,Present,Present,Present,Present,Present,Present,Present,Present,Not Listed,Present,Present,Present,Present,Present,Present,*,Present,Present,Present,Present,Present,Present,Present,Present,Present,Present,Present,Present,*,Present,Present,Present,Present,Present,*,Present,Present,Present,****,Present,Present,Present,****,Present,Present,**,Present,*,*,Present,*,Present,Present,Present,Present,Present,Present,Present,**,Present,*,*,Present,Present,Present,Present,Present,Present,Present,*,Present,Present,Present,Present,**,**,**,Present,Present,Present,Present,Present,**,Present,Present,**,Present,Present,***,***,*,Present,Present,*,Present,Present,Present,Present,Present,Present,Present,**,Present,**,Present,***,***,***,***,Present,Present,Present,Present,Present
70,COJUANGCO (J.),Present,Present,Present,Present,Present,Present,**,Present,Present,Present,Present,Present,Present,Present,Present,Present,Present,Present,Present,Present,**,Present,Present,Present,Present,Present,Present,Present,Present,Present,Present,Present,Present,Present,Present,Present,Present,Present,Present,Present,Present,Present,Present,Present,Present,Present,Present,Present,Present,Present,Present,Present,Present,Present,Present,Present,Present,Present,Present,Present,Present,Present,Present,Present,Present,Present,Present,Present,Present,Present,***,Present,Not Listed,Present,Present,Present,****,Present,*,Present,*,*,Present,Not Listed,Not Listed,Not Listed,Not Listed,Not Listed,Not Listed,Not Listed,Not Listed,Not Listed,Not Listed,Not Listed,Not Listed,Not Listed,Not Listed,Not Listed,Not Listed,Not Listed,Not Listed,Not Listed,Not Listed,Not Listed,Not Listed,Not Listed,Not Listed,Not Listed,Not Listed,Not Listed,Not Listed,Not Listed,Not Listed,Not Listed,Not Listed,Not Listed,Not Listed,Not Listed,Not Listed,Not Listed,Not Listed,Not Listed,Not Listed,Not Listed,Not Listed,Not Listed,Not Listed,Not Listed,Not Listed,Not Listed,Not Listed,Not Listed,Not Listed,Not Listed,Not Listed,Not Listed,Not Listed,Not Listed,Not Listed,Not Listed,Not Listed,Not Listed,Not Listed,Not Listed,Not Listed,Not Listed,Not Listed,Not Listed,Not Listed,Not Listed,Not Listed,Not Listed,Not Listed,Not Listed,Not Listed,Not Listed,Not Listed,Not Listed,Not Listed,Not Listed,Not Listed,Not Listed,Not Listed,Not Listed,Not Listed,Not Listed,Not Listed,Not Listed,Not Listed,Not Listed,Not Listed,Not Listed,Not Listed,Not Listed,Not Listed,Not Listed,Not Listed,Not Listed
70,COJUANGCO (J.E.M.),Not Listed,Not Listed,Not Listed,Not Listed,Not Listed,Not Listed,Not Listed,Not Listed,Not Listed,Not Listed,Not Listed,Not Listed,Not Listed,Not Listed,Not Listed,Not Listed,Not Listed,Not Listed,Not Listed,Not Listed,Not Listed,Not Listed,Not Listed,Not Listed,Not Listed,Not Listed,Not Listed,Not Listed,Not Listed,Not Listed,Not Listed,Not Listed,Not Listed,Not Listed,Not Listed,Not Listed,Not Listed,Not Listed,Not Listed,Not Listed,Not Listed,Not Listed,Not Listed,Not Listed,Not Listed,Not Listed,Not Listed,Not Listed,Not Listed,Not Listed,Not Listed,Not Listed,Not Listed,Not Listed,Not Listed,Not Listed,Not Listed,Not Listed,Not Listed,Not Listed,Not Listed,Not Listed,Not Listed,Not Listed,Not Listed,Not Listed,Not Listed,Not Listed,Not Listed,Not Listed,Not Listed,Not Listed,Not Listed,Not Listed,Not Listed,Not Listed,Not Listed,Not Listed,Not Listed,Not Listed,Not Listed,Not Listed,Not Listed,****,****,Present,Present,*,****,****,**,*,**,**,**,Present,Present,Present,Present,****,****,****,*,****,Present,Present,Present,*,****,****,****,Present,*,*,Present,**,Present,*,Present,Present,Present,Present,Present,Present,Present,Present,Present,Present,Present,**,Present,*,*,*,Present,Present,****,Present,Present,Present,Present,***,***,***,***,***,***,***,*,****,****,****,****,****,****,****,****,****,****,****,****,**,Present,****,****,****,****,****,Present,Present,***,***,*,*,*,****,*,****
71,COJUANGCO (M.),Present,Present,Present,Present,Present,Present,Present,Present,Present,Present,Present,Present,Present,Present,Present,Present,Present,Present,Present,Present,Present,Present,Present,Present,Present,Present,Present,Present,Present,Present,Present,Present,Present,Present,Present,Present,Present,Present,Present,Present,Present,Present,Present,Present,Present,Present,Present,Present,Present,Present,Present,Present,Present,Present,Present,Present,Present,Present,Present,Present,Present,Present,Present,Present,Present,Present,Present,Present,Present,Present,Present,Present,Not Listed,Present,Present,Present,Present,Present,Present,Present,Present,Present,Present,Present,****,*,Present,*,*,*,*,Present,Present,*,Present,Present,Present,Present,*,Present,Present,Present,Present,Present,Present,*,Present,**,**,**,**,Present,**,*,*,**,Present,*,Present,Present,Present,*,Present,*,*,*,Present,*,****,****,Present,*,*,Present,*,****,*,*,**,Present,**,*,Present,*,*,*,****,Present,*,Present,****,*,Present,****,Present,*,Present,*,****,****,Present,****,Present,****,Present,*,Present,Present,****,****,Present,*,Present,*,*,Present,*,*
72,COLADA,Present,Present,Present,Present,Present,Present,Present,Present,Present,Present,Present,Present,Present,Present,**,Present,Present,Present,Present,Present,**,Present,Present,Present,Present,Present,Present,Present,Present,Present,Present,Present,Present,Present,Present,Present,Present,Present,Present,Present,Present,Present,Present,Present,Present,Present,Present,Present,Present,Present,Present,Present,Present,Present,Present,Present,Present,Present,Present,Present,Present,Present,Present,Present,Present,Present,Present,Present,Present,Present,Present,Present,Not Listed,Present,Present,Present,Present,***,***,***,***,Present,Present,Present,***,***,***,Present,Present,***,**,**,Present,Present,*,Present,Present,*,**,**,**,**,**,****,**,**,**,**,**,**,Present,**,*,**,**,**,**,**,**,Present,*,*,****,Present,*,Present,Present,Present,Present,Present,***,Present,*,*,**,**,****,Present,*,*,**,***,***,***,***,***,****,*,***,Present,**,**,**,**,*,*,***,***,***,***,**,**,**,**,**,***,*,**,**,**,**,**,**,***,*,***,***,*
73,COLLANTES,Present,Present,Present,Present,Present,Present,Present,Present,Present,Present,Present,Present,Present,Present,Present,Present,Present,Present,Present,Present,Present,Present,**,Present,Present,Present,Present,Present,Present,Present,Present,Present,Present,Present,Present,Present,Present,Present,Present,Present,Present,Present,Present,Present,Present,Present,Present,Present,**,**,**,Present,Present,Present,Present,Present,Present,Present,Present,Present,Present,Present,Present,Present,Present,Present,Present,Present,Present,Present,Present,Present,Not Listed,Present,Present,****,Present,Present,Present,Present,Present,Present,Present,Present,Present,Present,Present,****,****,****,****,****,****,Present,*,Present,Present,*,****,****,Present,**,**,**,**,**,**,Present,*,**,**,Present,*,**,**,**,**,**,**,*,****,Present,****,****,Present,*,Present,Present,Present,Present,Present,**,****,**,Present,Present,Present,Present,Present,Present,*,Present,****,Present,Present,*,Present,*,Present,Present,****,Present,****,Present,*,*,**,**,Present,****,Present,Present,Present,****,*,*,*,****,*,****,Present,****,****,Present,*,Present,Present,Present
74,CORVERA,Present,Present,Present,Present,Present,Present,Present,Present,Present,**,Present,Present,Present,Present,Present,Present,Present,Present,Present,Present,Present,Present,Present,Present,Present,Present,Present,Present,Present,Present,Present,Present,Present,Present,Present,Present,Present,Present,Present,Present,Present,Present,Present,Present,Present,Present,Present,Present,Present,Present,Present,Present,Present,Present,Present,Present,Present,Present,Present,Present,Present,Present,**,**,Present,Present,Present,Present,Present,Present,Present,Present,Not Listed,Present,Present,**,**,**,**,**,Present,Present,Present,Present,Present,Present,Present,Present,Present,Present,Present,Present,**,Present,Present,Present,Present,Present,Present,Present,Present,Present,*,Present,Present,Present,Present,Present,Present,Present,Present,**,*,Present,Present,Present,Present,**,**,Present,Present,Present,Present,Present,Present,Present,Present,Present,Present,Present,Present,Present,Present,Present,Present,Present,Present,Present,Present,**,**,***,***,***,***,***,**,**,**,**,Present,Present,**,**,**,Present,*,Present,Present,Present,Present,**,**,Present,Present,Present,Present,Present,Present,Present,Present,Present,Present,**,Present,****,****,Present
75,CRUZ (A.),Present,Present,Present,Present,Present,Present,Present,Present,Present,Present,**,Present,Present,**,Present,Present,Present,**,Present,Present,Present,Present,Present,Present,Present,Present,Present,Present,Present,Present,**,Present,Present,Present,Present,Present,Present,Present,Present,Present,Present,Present,Present,Present,Present,Present,Present,Present,Present,Present,Present,Present,Present,Present,Present,Present,Present,Present,Present,Present,Present,Present,Present,Present,Present,Present,Present,Present,Present,Present,Present,Present,Not Listed,Present,Present,Present,Present,Present,****,Present,Present,Present,Present,Present,*,*,Present,Present,Present,**,**,Present,Present,**,Present,Present,Present,Present,Present,Present,Present,****,Present,****,Present,Present,**,Present,****,*,**,Present,*,Present,*,****,Present,Present,Present,Present,Present,*,**,Present,Present,Present,Present,Present,Present,Present,Present,Present,Present,Present,Present,Present,Present,Present,Present,**,Present,Present,Present,Present,Present,*,Present,**,Present,Present,*,Present,Present,**,Present,**,Present,**,Present,***,****,Present,Present,Present,*,Present,Present,Present,Present,Present,Present,**,Present,**,Present,Present,*,****
76,CRUZ (R.),Present,Present,Present,Present,Present,Present,Present,**,Present,**,Present,Present,**,Present,Present,Present,Present,Present,Present,**,**,Present,Present,Present,Present,Present,Present,Present,Present,Present,Present,Present,Present,Present,Present,Present,Present,Present,Present,Present,Present,Present,Present,**,Present,Present,Present,Present,Present,Present,Present,Present,Present,Present,Present,Present,Present,Present,Present,**,Present,Present,Present,Present,Present,Present,**,Present,Present,Present,Present,Present,Not Listed,Present,Present,Present,Present,Present,Present,Present,Present,Present,Present,Present,Present,Present,Present,Present,Present,Present,Present,**,Present,*,*,Present,Present,Present,Present,Present,Present,Present,Present,**,*,Present,**,Present,Present,**,Present,*,Present,Present,Present,Present,Present,Present,Present,Present,Present,Present,**,*,Present,*,Present,Present,Present,Present,Present,Present,Present,Present,Present,Present,Present,Present,Present,Present,Present,Present,Present,Present,Present,Present,*,**,Present,*,**,Present,Present,Present,Present,Present,**,**,**,****,Present,****,****,Present,Present,*,*,Present,Present,Present,Present,Present,Present,Present,Present,Present,Present,Present
77,CUA,Present,Present,Present,Present,Present,Present,Present,Present,Present,Present,**,Present,Present,Present,**,Present,Present,Present,Present,Present,Present,Present,**,Present,Present,Present,Present,Present,Present,Present,Present,Present,Present,Present,Present,Present,Present,Present,Present,Present,Present,Present,Present,Present,Present,Present,Present,Present,Present,Present,Present,Present,Present,Present,Present,Present,Present,Present,Present,Present,Present,Present,Present,Present,Present,Present,Present,Present,Present,Present,Present,Present,Not Listed,Present,Present,Present,Present,****,Present,Present,Present,Present,Present,Present,Present,Present,Present,Present,****,****,*,*,*,Present,*,Present,Present,Present,Present,Present,Present,Present,Present,Present,Present,**,Present,*,**,**,**,****,****,Present,*,****,**,**,****,***,***,****,Present,Present,**,**,***,*,Present,Present,****,Present,***,Present,Present,Present,**,**,Present,Present,Present,Present,Present,Present,****,Present,***,Present,Present,*,Present,Present,Present,Present,**,**,Present,**,Present,****,**,*,Present,****,****,*,Present,**,****,****,**,**,**,****,****,****,*,Present
78,CUARESMA,Present,Present,Present,Present,Present,Present,Present,Present,Present,**,Present,Present,Present,**,Present,Present,Present,Present,Present,Present,Present,Present,**,Present,Present,Present,Present,Present,Present,Present,Present,Present,Present,Present,Present,Present,Present,Present,Present,Present,Present,Present,Present,**,**,Present,Present,Present,Present,Present,Present,Present,Present,Present,Present,Present,Present,**,Present,Present,Present,Present,Present,Present,Present,Present,Present,Present,Present,Present,Present,Present,Not Listed,Present,Present,Present,Present,Present,Present,*,**,****,Present,**,*,****,Present,****,Present,****,*,****,*,****,*,Present,Present,*,Present,Present,Present,****,****,****,Present,*,Present,Present,Present,****,*,*,*,****,Present,****,Present,****,Present,Present,*,****,****,****,Present,*,Present,Present,****,****,Present,Present,Present,*,****,****,Present,Present,****,****,Present,Present,Present,****,****,****,Present,*,*,Present,Present,Present,Present,****,*,**,Present,*,Present,Present,****,Present,Present,Present,Present,Present,Present,****,Present,Present,Present,****,Present,Present,Present,****,****,****
79,DAGOOC,Present,Present,Present,Present,Present,Present,Present,Present,Present,Present,Present,Present,Present,**,Present,Present,Present,**,Present,**,Present,Present,Present,Present,Present,Present,**,Present,Present,Present,Present,Present,Present,Present,Present,Present,Present,Present,Present,Present,Present,Present,Present,**,Present,Present,Present,Present,Present,Present,Present,Present,Present,Present,Present,Present,Present,Present,Present,Present,Present,Present,Present,Present,Present,**,Present,Present,Present,Present,Present,Present,Not Listed,Present,Present,Present,Present,Present,Present,Present,**,Present,Present,**,Present,Present,Present,**,Present,Present,***,Present,Present,*,Present,Present,Present,Present,Present,Present,Present,*,Present,Present,*,Present,**,Present,Present,Present,Present,Present,Present,Present,Present,Present,Present,**,Present,Present,Present,Present,**,Present,Present,Present,Present,Present,Present,Present,Present,Present,*,Present,Present,Present,Present,Present,**,Present,Present,*,**,Present,****,**,Present,Present,Present,Present,Present,Present,Present,Present,Present,Present,Present,Present,Present,*,Present,Present,Present,***,***,*,*,Present,Present,**,Present,**,Present,Present,Present,Present,Present,Present
80,DALIPE,Present,Present,Present,Present,Present,Present,Present,Present,Present,Present,Present,Present,Present,Present,Present,Present,Present,Present,Present,Present,Present,Present,Present,Present,Present,Present,Present,Present,Present,Present,Present,Present,Present,Present,Present,Present,Present,Present,Present,Present,Present,Present,Present,Present,Present,Present,Present,Present,Present,Present,Present,Present,Present,Present,Present,Present,Present,Present,Present,Present,Present,Present,Present,Present,Present,Present,Present,Present,Present,Present,Present,Present,Not Listed,Present,Present,Present,Present,Present,Present,Present,Present,Present,Present,Present,Present,Present,Present,Present,Present,Present,Present,Present,Present,Present,Present,Present,Present,Present,Present,Present,Present,Present,Present,Present,Present,Present,Present,Present,Present,Present,Present,Present,Present,Present,Present,Present,Present,Present,Present,Present,Present,Present,Present,Present,Present,Present,Present,Present,Present,Present,Present,Present,Present,Present,Present,Present,Present,Present,Present,Present,Present,Present,Present,Present,Present,Present,Present,Present,Present,Present,Present,Present,Present,Present,Present,Present,Present,Present,Present,Present,Present,Present,Present,Present,Present,Present,Present,Present,Present,Present,Present,Present,Present,Present,Present,Present,Present,Present
81,DALOG,Present,Present,Present,Present,Present,Present,Present,Present,Present,Present,Present,**,Present,Present,Present,Present,Present,Present,Present,Present,Present,Present,Present,Present,Present,Present,Present,Present,Present,Present,Present,Present,Present,Present,Present,Present,Present,Present,Present,Present,Present,Present,Present,Present,Present,Present,Present,Present,Present,Present,Present,Present,Present,Present,Present,Present,Present,Present,Present,Present,Present,Present,Present,Present,Present,Present,Present,Present,Present,Present,Present,Present,Not Listed,Present,Present,Present,*,*,Present,Present,Present,Present,Present,Present,Present,*,Present,Present,*,Present,Present,Present,Present,Present,Present,Present,Present,Present,Present,Present,****,Present,Present,Present,Present,Present,Present,Present,Present,*,*,*,Present,Present,*,Present,Present,Present,Present,Present,*,Present,**,Present,Present,Present,Present,Present,Present,*,Present,Present,*,Present,Present,Present,Present,Present,*,Present,**,Present,Present,Present,Present,Present,Present,Present,Present,Present,Present,Present,Present,**,**,**,Present,Present,Present,Present,Present,Present,Present,Present,Present,Present,Present,Present,Present,Present,Present,Present,Present,Present,Present,Present,Present,Present
82,DAYANGHIRANG,Present,Present,Present,Present,Present,Present,Present,Present,Present,Present,Present,Present,Present,Present,Present,Present,Present,Present,Present,Present,Present,Present,Present,Present,Present,Present,Present,Present,Present,Present,Present,Present,Present,Present,Present,Present,Present,Present,Present,Present,Present,Present,Present,**,Present,Present,Present,Present,Present,Present,Present,Present,Present,Present,Present,Present,Present,Present,Present,Present,Present,Present,Present,Present,Present,Present,**,Present,*,***,Present,Present,Not Listed,Present,Present,****,***,***,*,*,***,***,Present,***,***,Present,****,Present,***,*,**,**,**,**,**,Present,Present,Present,Present,Present,Present,**,**,**,**,**,**,*,**,*,Present,*,****,***,***,***,Present,****,Present,Present,*,**,**,**,*,*,Present,Present,**,**,****,**,**,**,**,**,**,**,**,**,**,**,**,Present,*,****,*,****,**,**,**,**,*,*,****,*,**,*,**,**,**,****,**,**,**,**,*,**,**,**,**,**,**,**,Present,*,*,*
83,DAZA,Present,Present,Present,Present,Present,Present,Present,Present,Present,**,Present,Present,**,Present,Present,Present,**,Present,Present,Present,Present,Present,Present,**,Present,Present,Present,Present,Present,Present,Present,Present,Present,Present,**,Present,Present,Present,Present,Present,Present,Present,Present,Present,Present,Present,Present,Present,Present,Present,Present,Present,Present,**,Present,Present,Present,**,Present,Present,Present,Present,Present,Present,Present,Present,Present,Present,Present,Present,Present,**,Not Listed,Present,**,****,*,*,*,*,*,*,Present,**,Present,****,**,Present,Present,*,*,**,Present,*,Present,Present,Present,Present,*,*,*,**,**,****,*,*,*,*,*,*,Present,Present,*,*,*,*,*,****,Present,*,*,*,*,*,****,*,Present,*,****,Present,*,**,*,*,***,***,***,*,**,**,*,****,*,**,****,**,*,*,*,*,*,****,*,****,*,Present,*,Present,*,Present,*,****,Present,Present,*,*,*,****,**,**,**,**,**,*,*,*,*,*
84,DE JESUS,Present,Present,Present,Present,Present,Present,Present,Present,Present,Present,Present,Present,Present,Present,Present,Present,Present,**,Present,Present,Present,Present,Present,Present,Present,Present,Present,Present,Present,Present,Present,Present,Present,Present,Present,Present,Present,Present,Present,Present,Present,Present,Present,**,Present,Present,Present,Present,Present,Present,Present,Present,Present,Present,Present,Present,Present,Present,Present,Present,Present,Present,Present,Present,Present,Present,**,Present,Present,Present,Present,Present,Not Listed,Present,Present,Present,Present,Present,Present,Present,**,Present,Present,Present,Present,Present,Present,Present,Present,Present,Present,Present,Present,****,*,Present,Present,Present,Present,Present,Present,*,Present,Present,**,Present,**,*,*,**,**,****,*,Present,Present,Present,Present,****,Present,Present,*,Present,Present,Present,****,Present,**,**,Present,Present,Present,*,*,*,****,****,*,*,**,Present,Present,Present,**,**,****,****,Present,****,Present,**,**,Present,**,**,Present,*,*,*,Present,Present,****,Present,Present,**,Present,Present,*,****,****,**,****,Present,****,****,**,Present,****,Present
85,DE VENECIA,Present,Present,Present,Present,Present,Present,Present,Present,Present,Present,Present,Present,**,Present,**,Present,Present,Present,Present,Present,Present,Present,Present,Present,Present,Present,Present,Present,Present,Present,Present,Present,Present,Present,Present,Present,Present,Present,Present,Present,Present,Present,Present,Present,Present,Present,Present,Present,Present,Present,Present,Present,Present,Present,Present,Present,Present,Present,Present,Present,Present,Present,Present,Present,Present,Present,Present,Present,Present,Present,Present,Present,Not Listed,Present,Present,***,***,***,*,Present,*,**,Present,***,**,****,***,Present,***,***,*,***,***,Present,*,Present,Present,*,***,***,**,Present,**,**,**,**,**,**,*,Present,Present,*,Present,*,*,Present,****,****,Present,Present,*,Present,***,***,*,****,Present,**,**,**,*,*,*,Present,***,***,**,**,Present,Present,*,****,Present,**,***,***,***,*,**,****,Present,*,Present,*,Present,*,**,**,***,Present,*,****,Present,Present,Present,*,*,****,***,***,****,***,***,*,*,Present,Present,*
86,DEFENSOR,Present,Present,Present,Present,Present,Present,Present,Present,Present,Present,Present,**,Present,Present,Present,Present,Present,Present,Present,Present,Present,Present,Present,Present,Present,Present,Present,Present,Present,Present,Present,Present,Present,Present,Present,Present,Present,Present,Present,Present,Present,Present,Present,Present,Present,Present,Present,Present,Present,Present,Present,Present,Present,Present,Present,Present,Present,Present,Present,Present,Present,Present,Present,Present,Present,Present,Present,Present,Present,Present,Present,Present,Not Listed,Present,Present,Present,Present,Present,Present,*,Present,Present,Present,Present,Present,Present,Present,Present,Present,Present,Present,Present,Present,Present,Present,Present,Present,*,Present,Present,****,Present,****,Present,Present,Present,Present,Present,Present,Present,Present,*,*,Present,Present,Present,*,Present,Present,Present,Present,Present,*,Present,***,*,Present,Present,***,Present,Present,Present,Present,*,Present,Present,Present,Present,Present,Present,Present,Present,****,Present,Present,*,****,Present,****,*,Present,****,****,Present,Present,*,Present,Present,Present,Present,Present,Present,Present,Present,Present,Present,*,Present,****,****,****,****,Present,Present,Present,***,***,Present
87,DEL MAR,Present,Present,Present,Present,Present,Present,Present,Present,Present,Present,**,Present,Present,Present,Present,Present,Present,Present,Present,Present,Present,Present,Present,Present,Present,Present,Present,Present,Present,Present,Present,Present,Present,Present,Present,Present,Present,Present,Present,Present,Present,Present,Present,Present,Present,Present,Present,Present,Present,Present,Present,Present,Present,Present,Present,Present,Present,Present,Present,Present,Present,Present,Present,Present,Present,Present,Present,Present,Present,Present,Present,Present,Not Listed,Present,Present,Present,Present,Present,Present,Present,Present,Present,Present,Present,**,Present,Present,Present,Present,Present,Present,Present,Present,Present,Present,Present,Present,Present,**,**,**,**,**,**,Present,Present,Present,Present,**,**,**,Present,Present,Present,Present,Present,Present,Present,Present,Present,Present,Present,Present,Present,Present,Present,Present,Present,**,**,Present,Present,Present,Present,*,Present,**,**,Present,Present,Present,Present,Present,**,**,**,Present,Present,Present,Present,**,Present,Present,Present,Present,**,**,**,Present,Present,Present,**,Present,Present,Present,Present,Present,Present,**,**,**,**,**,Present,Present,Present,Present,**
88,DELOS SANTOS,Present,Present,Present,Present,Present,Present,Present,Present,Present,Present,Present,Present,Present,Present,Present,Present,Present,Present,Present,Present,Present,Present,Present,Present,Present,Present,Present,Present,Present,Present,Present,Present,Present,Present,Present,Present,Present,Present,Present,Present,Present,Present,Present,Present,Present,Present,Present,Present,Present,Present,Present,Present,Present,Present,Present,Present,Present,**,Present,Present,Present,Present,Present,Present,Present,Present,Present,Present,Present,Present,Present,Present,Not Listed,Present,Present,Present,*,*,Present,*,**,Present,Present,Present,Present,Present,****,Present,Present,****,***,Present,*,*,*,Present,Present,*,Present,Present,****,Present,Present,**,Present,**,**,**,Present,**,Present,*,Present,Present,****,****,Present,****,Present,Present,****,Present,****,*,*,**,**,Present,Present,Present,Present,*,Present,*,****,****,Present,*,Present,****,Present,****,****,****,*,****,****,****,*,**,**,****,*,****,*,**,*,*,****,Present,*,**,Present,Present,*,Present,*,****,****,****,****,****,****,*,*,****,****,****
89,DIMAPORO (M.K.),Present,Present,Present,Present,Present,Present,Present,Present,Present,Present,Present,Present,**,Present,Present,Present,Present,Present,Present,Present,**,Present,Present,Present,Present,Present,Present,Present,Present,Present,Present,Present,Present,Present,Present,Present,Present,Present,Present,Present,Present,Present,Present,Present,Present,Present,Present,Present,Present,Present,Present,Present,Present,Present,Present,Present,Present,Present,Present,Present,Present,Present,Present,Present,Present,Present,Present,Present,Present,Present,Present,Present,Not Listed,Present,Present,****,Present,Present,Present,***,***,Present,Present,**,Present,**,Present,***,**,**,**,**,Present,*,*,Present,Present,****,*,**,Present,Present,*,***,****,***,**,*,***,Present,Present,Present,*,***,Present,Present,Present,*,Present,***,***,***,***,***,*,*,***,*,Present,Present,Present,*,****,Present,Present,Present,*,Present,Present,**,*,***,***,Present,***,**,Present,**,**,*,**,***,***,****,Present,*,****,*,*,****,Present,Present,*,***,***,Present,*,*,****,*,***,***,***,*,***,****,****,****
90,DIMAPORO (S.A.),Present,Present,Present,Present,Present,Present,Present,Present,Present,**,**,Present,Present,Present,Present,Present,Present,Present,Present,Present,**,Present,Present,Present,Present,Present,Present,Present,**,Present,Present,Present,Present,Present,Present,Present,Present,Present,Present,Present,Present,Present,Present,Present,Present,Present,Present,Present,Present,Present,**,Present,Present,Present,Present,Present,Present,Present,Present,Present,Present,Present,Present,Present,Present,Present,Present,Present,Present,Present,Present,Present,Not Listed,Present,Present,****,Present,Present,Present,Present,**,Present,Present,**,Present,**,**,***,**,**,***,**,*,*,*,Present,Present,*,****,*,*,****,****,***,Present,**,*,*,**,**,****,**,Present,***,****,*,***,*,Present,*,Present,**,**,Present,**,**,Present,Present,Present,Present,**,*,Present,Present,*,Present,**,*,****,*,**,**,**,****,*,**,Present,*,Present,***,**,****,****,****,*,**,***,***,**,****,**,**,**,***,*,***,***,*,**,*,**,*,****,**,**,**,Present,**
91,DIONISIO,Present,Present,Present,Present,Present,Present,Present,**,Present,**,Present,Present,Present,Present,Present,Present,Present,Present,Present,Present,Present,Present,Present,Present,Present,Present,**,Present,Present,Present,Present,Present,Present,Present,Present,Present,Present,Present,Present,Present,Present,Present,Present,Present,Present,Present,Present,Present,Present,Present,**,Present,Present,Present,Present,Present,Present,Present,Present,Present,Present,Present,Present,Present,Present,Present,**,Present,Present,Present,Present,Present,Not Listed,Present,Present,Present,Present,Present,*,Present,**,Present,Present,Present,Present,Present,Present,Present,Present,**,Present,Present,Present,Present,*,Present,Present,Present,*,Present,Present,**,Present,Present,Present,Present,Present,**,Present,**,Present,**,Present,Present,Present,Present,Present,**,**,Present,*,Present,*,Present,Present,Present,Present,Present,Present,Present,Present,**,Present,Present,*,**,**,*,Present,**,Present,Present,Present,*,*,Present,**,Present,Present,**,Present,Present,Present,Present,Present,**,**,**,**,Present,Present,*,Present,Present,Present,Present,*,*,Present,*,*,Present,Present,Present,Present,Present,Present,Present
92,DOMINGO,Present,Present,Present,Present,Present,Present,Present,Present,Present,Present,Present,Present,Present,Present,Present,Present,Present,Present,Present,Present,Present,Present,Present,Present,Present,Present,Present,Present,Present,Present,Present,Present,Present,Present,Present,Present,Present,Present,Present,Present,Present,Present,Present,**,Present,Present,Present,Present,Present,Present,Present,Present,Present,**,Present,Present,Present,Present,Present,Present,Present,Present,Present,Present,Present,Present,Present,Present,Present,Present,Present,Present,Not Listed,Present,Present,Present,Present,*,*,Present,Present,Present,Present,Present,Present,**,**,Present,Present,Present,Present,Present,**,Present,Present,Present,Present,Present,Present,Present,Present,Present,Present,Present,Present,Present,Present,Present,Present,Present,**,**,Present,Present,Present,Present,**,**,Present,Present,Present,**,Present,Present,****,Present,Present,Present,Present,Present,Present,Present,Present,Present,Present,Present,Present,Present,****,Present,Present,****,****,**,**,**,**,**,Present,Present,Present,Present,Present,**,Present,Present,****,Present,Present,Present,Present,Present,Present,Present,Present,****,Present,Present,Present,Present,****,Present,*,*,Present,Present,Present,Present
93,DUAVIT,Present,Present,Present,Present,Present,Present,Present,Present,Present,Present,Present,Present,Present,Present,Present,Present,Present,Present,Present,Present,Present,Present,Present,Present,Present,Present,Present,Present,Present,Present,Present,Present,Present,Present,Present,Present,Present,Present,Present,Present,Present,Present,Present,Present,Present,Present,Present,Present,Present,Present,Present,Present,Present,Present,Present,Present,Present,Present,Present,Present,Present,Present,Present,Present,Present,Present,Present,Present,Present,Present,Present,Present,Not Listed,Present,Present,****,*,****,****,****,*,****,Present,****,****,****,****,****,****,****,****,*,****,****,****,Present,Present,**,Present,****,****,Present,****,****,*,*,****,****,****,****,****,****,****,****,****,Present,Present,****,Present,Present,*,Present,****,****,****,*,Present,*,****,Present,****,****,*,Present,*,****,****,****,****,****,*,****,****,****,****,****,Present,****,****,*,*,****,*,****,****,****,*,****,****,****,*,***,***,Present,*,****,****,**,****,****,****,****,****,****,****,*,****,****
94,DUJALI,Present,Present,Present,Present,Present,Present,Present,Present,Present,Present,Present,Present,Present,**,Present,Present,Present,Present,Present,Present,Present,Present,Present,Present,Present,Present,Present,Present,**,Present,Present,Present,Present,Present,Present,Present,Present,Present,Present,Present,Present,Present,Present,Present,Present,Present,Present,Present,Present,Present,Present,Present,Present,Present,Present,Present,Present,Present,Present,Present,Present,Present,Present,Present,Present,Present,Present,Present,Present,Present,Present,Present,Not Listed,Present,Present,Present,Present,Present,***,Present,**,**,Present,Present,****,Present,Present,****,Present,Present,****,Present,Present,Present,Present,Present,Present,Present,****,****,****,****,Present,****,Present,Present,****,****,****,****,****,*,Present,****,****,Present,****,****,****,Present,*,Present,Present,Present,Present,****,Present,Present,Present,Present,****,****,****,Present,****,****,Present,Present,****,****,*,****,****,**,**,**,****,****,Present,****,****,****,****,****,**,**,****,****,****,****,****,****,****,Present,****,****,*,****,****,****,****,****,****,****,Present,****,****,****
95,DUTERTE,Present,Present,Present,Present,Present,Present,Present,Present,Present,Present,Present,**,Present,Present,Present,Present,Present,Present,Present,Present,Present,Present,Present,Present,Present,Present,Present,Present,Present,Present,Present,Present,Present,Present,Present,Present,Present,Present,Present,Present,Present,Present,Present,Present,Present,Present,Present,Present,Present,Present,Present,Present,Present,Present,Present,Present,Present,**,Present,Present,Present,Present,Present,Present,Present,Present,Present,Present,Present,Present,Present,Present,Not Listed,Present,Present,****,****,****,**,**,**,**,Present,**,**,**,**,****,**,**,**,**,**,**,**,Present,Present,**,**,**,**,**,**,**,**,**,**,**,**,**,**,**,**,**,**,**,**,**,**,***,***,****,****,Present,Present,Present,****,Present,Present,****,Present,Present,****,*,Present,Present,****,Present,****,**,**,Present,****,****,****,Present,Present,Present,Present,*,****,****,****,****,****,**,****,****,Present,****,***,**,**,**,**,**,**,***,****,Present,****,****,****,****,****,***,***,***
96,DY (F.),Present,Present,Present,Present,Present,Present,Present,Present,Present,**,**,Present,Present,Present,**,Present,Present,Present,Present,Present,Present,Present,Present,**,Present,Present,Present,Present,Present,Present,Present,Present,Present,Present,Present,Present,Present,Present,Present,Present,Present,Present,Present,Present,Present,Present,Present,Present,Present,Present,Present,Present,Present,Present,Present,Present,Present,Present,Present,Present,Present,Present,Present,Present,Present,Present,Present,Present,Present,Present,Present,Present,Not Listed,Present,Present,Present,Present,****,*,*,**,Present,Present,****,Present,****,****,Present,Present,Present,****,Present,Present,*,Present,Present,Present,Present,**,**,**,Present,****,****,****,Present,Present,Present,****,**,*,Present,Present,*,****,****,****,****,****,Present,Present,Present,Present,****,****,Present,Present,Present,Present,Present,*,Present,Present,Present,Present,****,*,****,****,****,Present,Present,**,Present,*,*,Present,Present,**,**,Present,****,****,****,Present,Present,**,**,****,****,*,****,****,****,Present,****,****,**,****,****,****,Present,Present,*,**,****,Present,Present
97,DY (F.M.C.),Present,Present,Present,Present,Present,Present,Present,**,Present,Present,Present,Present,Present,Present,Present,Present,Present,Present,Present,Present,Present,Present,Present,Present,Present,Present,Present,Present,Present,Present,Present,Present,Present,Present,Present,Present,Present,Present,Present,Present,Present,Present,Present,Present,Present,**,**,**,Present,Present,Present,Present,Present,Present,Present,Present,Present,Present,Present,Present,Present,**,**,**,Present,Present,Present,Present,Present,Present,Present,Present,Not Listed,Present,Present,***,***,***,****,Present,Present,Present,Present,Present,Present,Present,Present,****,Present,**,Present,Present,*,Present,*,**,**,**,Present,****,Present,Present,Present,Present,Present,Present,Present,Present,***,*,****,Present,*,****,***,***,Present,****,Present,****,Present,Present,Present,****,Present,*,Present,Present,****,Present,*,Present,****,Present,Present,****,*,Present,****,*,*,**,**,**,**,**,Present,Present,Present,*,**,Present,****,****,*,**,***,Present,**,**,**,Present,****,Present,*,Present,*,**,Present,*,****,****,****,Present,Present,Present,****,***
98,DY (I.P.),***,***,***,Present,Present,Present,Present,Present,Present,Present,Present,Present,Present,**,Present,Present,Present,Present,Present,Present,Present,Present,Present,Present,Present,Present,Present,Present,Present,Present,Present,Present,Present,Present,Present,Present,Present,Present,Present,Present,Present,Present,Present,Present,Present,Present,Present,Present,Present,Present,Present,Present,Present,Present,Present,Present,Present,Present,Present,Present,Present,Present,Present,Present,Present,Present,Present,Present,Present,Present,Present,Present,Not Listed,Present,Present,****,****,*,****,Present,Present,Present,Present,****,Present,*,*,Present,****,****,****,****,****,****,*,Present,Present,Present,****,****,****,Present,Present,**,Present,****,****,Present,Present,Present,Present,Present,Present,****,****,Present,***,***,***,*,****,*,****,*,*,Present,****,*,Present,****,*,*,****,Present,Present,****,Present,*,*,*,*,****,*,****,****,****,****,****,****,****,*,****,****,****,Present,***,Present,Present,Present,Present,*,*,*,***,***,Present,Present,****,Present,Present,Present,Present,Present,Present,Present,****,****,*
99,ECLEO,Present,Present,Present,Present,Present,Present,Present,Present,Present,Present,Present,Present,Present,Present,Present,Present,Present,Present,Present,Present,Present,Present,Present,Present,Present,Present,Present,Present,Present,Present,Present,Present,Present,**,Present,Present,Present,Present,Present,Present,Present,Present,Present,Present,Present,Present,Present,Present,Present,Present,Present,Present,Present,Present,Present,Present,Present,Present,Present,Present,Present,Present,Present,Present,Present,Present,Present,Present,Present,Present,Present,Present,Not Listed,Present,Present,***,***,Present,*,Present,***,****,Present,****,**,****,****,***,****,Present,**,**,**,**,**,Present,Present,Present,**,**,**,**,Present,**,Present,*,*,**,**,**,**,***,***,**,**,**,Present,Present,****,***,*,****,Present,*,Present,*,Present,*,Present,****,Present,**,Present,*,****,****,**,**,****,****,Present,**,****,****,Present,****,****,****,*,**,**,**,**,**,****,*,****,****,****,****,****,****,****,**,**,**,**,****,**,**,**,**,**,**,Present,****,****,*
100,EMANO,Present,Present,Present,Present,Present,Present,Present,Present,Present,Present,**,Present,**,Present,Present,Present,Present,Present,Present,Present,Present,Present,Present,Present,Present,Present,Present,Present,Present,Present,Present,Present,Present,Present,Present,Present,Present,Present,Present,Present,Present,Present,Present,Present,Present,Present,Present,Present,Present,Present,Present,Present,Present,Present,Present,Present,Present,Present,Present,Present,Present,Present,Present,Present,Present,Present,Present,Present,Present,Present,Present,Present,Not Listed,Present,Present,Present,Present,Present,Present,Present,**,Present,Present,Present,*,Present,*,**,Present,Present,**,**,**,Present,*,Present,Present,Present,**,**,**,Present,*,*,Present,Present,*,*,Present,**,**,Present,Present,****,*,Present,****,****,****,*,**,Present,**,*,Present,Present,Present,Present,Present,Present,Present,*,Present,*,****,****,Present,Present,*,*,*,Present,Present,**,Present,Present,**,Present,Present,Present,Present,Present,Present,Present,Present,*,**,**,**,Present,*,Present,****,****,*,Present,*,**,Present,Present,Present,Present,Present,*,**,Present,Present,**
101,ENCISO,Present,Present,Present,Present,Present,Present,Present,Present,Present,Present,Present,Present,Present,Present,Present,Present,Present,Present,Present,Present,Present,Present,Present,Present,Present,Present,Present,Present,Present,Present,Present,Present,Present,Present,Present,Present,Present,Present,Present,Present,Present,Present,Present,Present,Present,Present,Present,Present,Present,Present,Present,Not Listed,Not Listed,Not Listed,Not Listed,Not Listed,Not Listed,Not Listed,Not Listed,Not Listed,Not Listed,Not Listed,Not Listed,Not Listed,Not Listed,Not Listed,Not Listed,Not Listed,Not Listed,Not Listed,Not Listed,Not Listed,Not Listed,Not Listed,Not Listed,Not Listed,Not Listed,Not Listed,Not Listed,Not Listed,Not Listed,Not Listed,Not Listed,Not Listed,Not Listed,Not Listed,Not Listed,Not Listed,Not Listed,Not Listed,Not Listed,Not Listed,Not Listed,Not Listed,Not Listed,Not Listed,Not Listed,Not Listed,Not Listed,Not Listed,Not Listed,Not Listed,Not Listed,Not Listed,Not Listed,Not Listed,Not Listed,Not Listed,Not Listed,Not Listed,Not Listed,Not Listed,Not Listed,Not Listed,Not Listed,Not Listed,Not Listed,Not Listed,Not Listed,Not Listed,Not Listed,Not Listed,Not Listed,Not Listed,Not Listed,Not Listed,Not Listed,Not Listed,Not Listed,Not Listed,Not Listed,Not Listed,Not Listed,Not Listed,Not Listed,Not Listed,Not Listed,Not Listed,Not Listed,Not Listed,Not Listed,Not Listed,Not Listed,Not Listed,Not Listed,Not Listed,Not Listed,Not Listed,Not Listed,Not Listed,Not Listed,Not Listed,Not Listed,Not Listed,Not Listed,Not Listed,Not Listed,Not Listed,Not Listed,Not Listed,Not Listed,Not Listed,Not Listed,Not Listed,Not Listed,Not Listed,Not Listed,Not Listed,Not Listed,Not Listed,Not Listed,Not Listed,Not Listed,Not Listed,Not Listed,Not Listed,Not Listed,Not Listed
101,YAMSUAN,Not Listed,Not Listed,Not Listed,Not Listed,Not Listed,Not Listed,Not Listed,Not Listed,Not Listed,Not Listed,Not Listed,Not Listed,Not Listed,Not Listed,Not Listed,Not Listed,Not Listed,Not Listed,Not Listed,Not Listed,Not Listed,Not Listed,Not Listed,Not Listed,Not Listed,Not Listed,Not Listed,Not Listed,Not Listed,Not Listed,Not Listed,Not Listed,Not Listed,Not Listed,Not Listed,Not Listed,Not Listed,Not Listed,Not Listed,Not Listed,Not Listed,Not Listed,Not Listed,Not Listed,Not Listed,Not Listed,Not Listed,Not Listed,Not Listed,Not Listed,*,Present,Present,Present,Present,Present,Present,Present,Present,Present,Present,Present,Present,Present,Present,Present,Present,Present,Present,Present,Present,Present,Present,Present,Present,Present,*,Present,Present,Present,**,Present,Present,**,**,Present,Present,Present,Present,Present,Present,Present,Present,Present,Present,Present,Present,Present,Present,Present,Present,Present,Present,Present,**,**,**,**,Present,Present,Present,Present,Present,**,**,**,**,**,**,Present,Present,Present,Present,Present,Present,Present,Present,Present,Present,*,*,Present,Present,Present,Present,*,Present,Present,Present,Present,Present,Present,Present,Present,Present,Present,Present,Present,Present,Present,Present,Present,Present,Present,Present,**,Present,Present,Present,Present,Present,Present,Present,Present,Present,Present,Present,Present,Present,Present,Present,Present,Present,Present,Present,*,Present,Present
102,ENVERGA,Present,Present,Present,Present,Present,Present,**,Present,Present,Present,**,**,Present,Present,Present,Present,Present,Present,Present,Present,Present,Present,Present,Present,Present,Present,Present,Present,Present,Present,Present,Present,Present,Present,Present,Present,Present,Present,Present,Present,Present,Present,Present,Present,Present,Present,Present,Present,Present,Present,Present,Present,Present,Present,Present,Present,Present,**,**,Present,Present,Present,Present,**,Present,Present,**,Present,Present,Present,Present,Present,Not Listed,Present,Present,*,*,Present,*,*,**,*,Present,****,****,****,*,*,*,*,Present,*,Present,Present,Present,Present,Present,*,Present,Present,****,Present,*,Present,Present,Present,*,*,****,*,**,****,****,Present,****,****,*,****,Present,Present,*,****,Present,****,Present,*,Present,Present,Present,Present,Present,**,Present,*,*,**,**,*,Present,*,Present,*,Present,Present,*,**,Present,*,Present,Present,Present,Present,Present,Present,Present,*,Present,****,****,*,*,Present,**,Present,*,Present,*,****,Present,Present,****,**,****,*,*,Present,Present,****
103,ESCUDERO,Present,Present,Present,Present,Present,Present,Present,**,Present,Present,Present,Present,Present,Present,Present,Present,Present,Present,Present,**,**,Present,**,Present,Present,Present,**,Present,Present,Present,Present,Present,Present,Present,Present,Present,Present,Present,Present,Present,Present,Present,Present,Present,Present,Present,Present,Present,Present,Present,Present,Present,Present,Present,Present,Present,Present,Present,Present,Present,Present,Present,Present,Present,Present,Present,Present,Present,Present,Present,Present,Present,Not Listed,Present,Present,Present,Present,Present,Present,Present,Present,Present,Present,Present,Present,Present,Present,Present,Present,Present,Present,Present,Present,Present,*,Present,Present,Present,Present,Present,Present,Present,Present,Present,Present,Present,Present,Present,Present,Present,Present,*,Present,Present,Present,****,Present,Present,Present,Present,Present,Present,Present,Present,Present,Present,Present,Present,Present,Present,Present,Present,Present,Present,Present,Present,Present,Present,Present,Present,**,**,**,Present,Present,Present,Present,*,Present,Present,Present,Present,Present,Present,Present,Present,Present,Present,Present,***,Present,Present,Present,Present,Present,*,Present,Present,Present,Present,Present,Present,Present,Present,Present,Present,Present,Present
104,ESPARES,Present,Present,Present,Present,Present,Present,Present,**,Present,Present,Present,Present,Present,Present,**,Present,Present,**,Present,Present,**,Present,Present,Present,Present,Present,Present,Present,Present,Present,Present,Present,Present,Present,Present,Present,Present,Present,Present,Present,Present,Present,Present,Present,Present,Present,Present,Present,Present,Present,Present,Present,Present,Present,Present,Present,Present,**,Present,Present,Present,Present,Present,Present,Present,Present,Present,Present,Present,Present,Present,Present,Not Listed,Present,Present,Present,Present,***,Present,Present,**,Present,Present,***,***,Present,Present,*,Present,Present,Present,Present,****,****,*,Present,Present,Present,Present,*,*,**,**,**,Present,Present,***,*,*,*,*,Present,Present,Present,Present,**,****,Present,Present,Present,Present,**,**,**,**,**,Present,Present,Present,Present,**,Present,**,*,Present,***,Present,Present,***,**,*,Present,**,*,Present,Present,Present,**,Present,Present,*,***,***,***,*,*,*,Present,*,Present,*,Present,Present,***,Present,*,*,Present,Present,*,***,****,Present,***,*,*,Present,**
105,ESPINA,Present,Present,Present,Present,Present,Present,Present,Present,Present,**,Present,**,Present,**,Present,Present,Present,Present,Present,Present,Present,Present,Present,Present,Present,Present,Present,Present,Present,Present,Present,Present,Present,Present,Present,Present,Present,Present,Present,Present,Present,Present,Present,Present,Present,Present,Present,Present,Present,Present,Present,Present,Present,Present,Present,Present,Present,Present,Present,Present,Present,Present,Present,Present,Present,Present,Present,Present,Present,Present,Present,Present,Not Listed,Present,Present,Present,Present,****,***,***,Present,Present,Present,Present,***,**,**,Present,****,Present,Present,Present,Present,Present,*,Present,Present,*,Present,Present,Present,Present,****,Present,Present,Present,Present,Present,Present,*,Present,Present,Present,Present,Present,Present,Present,Present,Present,Present,Present,Present,Present,Present,Present,Present,Present,Present,Present,Present,Present,Present,Present,Present,Present,Present,Present,Present,Present,Present,Present,Present,Present,Present,Present,Present,Present,Present,Present,Present,Present,Present,Present,Present,Present,Present,Present,Present,Present,Present,Present,Present,Present,Present,Present,Present,Present,Present,Present,Present,Present,Present,Present,Present,Present,*,Present,Present
106,ESTRELLA,Present,Present,Present,Present,Present,Present,Present,Present,Present,Present,Present,Present,Present,Present,Present,Present,Present,Present,Present,Present,Present,Present,Present,Present,Present,Present,Present,Present,Present,Present,Present,Present,Present,Present,Present,Present,Present,Present,Present,Present,Present,Present,Present,Present,Present,Present,Present,Present,Present,Present,Present,Present,Present,Present,Present,Present,Present,Present,Present,Present,Present,Present,Present,Present,Present,Present,Present,Present,Present,Present,Present,Present,Not Listed,Present,Present,*,Present,Present,Present,Present,Present,Present,Present,Present,Present,Present,Present,Present,Present,**,Present,Present,Present,Present,Present,Present,Present,Present,Present,*,Present,**,**,**,Present,Present,Present,Present,Present,*,Present,Present,Present,Present,Present,Present,Present,*,Present,Present,Present,Present,*,Present,Present,Present,Present,Present,Present,Present,Present,**,Present,Present,Present,Present,Present,Present,Present,Present,Present,Present,Present,Present,Present,Present,Present,Present,Present,Present,Present,Present,Present,Present,Present,Present,Present,Present,Present,Present,*,Present,Present,Present,Present,Present,Present,Present,Present,Present,Present,****,****,**,**,****,Present,****
107,EUDELA,Present,Present,Present,Present,Present,Present,Present,**,Present,**,**,**,**,**,**,Present,Present,Present,Present,**,Present,Present,Present,**,Present,Present,Present,Present,Present,Present,Present,Present,Present,Present,**,Present,Present,Present,Present,Present,Present,Present,Present,**,Present,Present,Present,Present,Present,Present,Present,Present,Present,Present,Present,Present,Present,Present,Present,Present,Present,Present,Present,Present,Present,Present,**,Present,Present,**,Present,Present,Not Listed,Present,Present,***,***,****,***,***,Present,*,Present,**,**,Present,****,**,**,Present,**,**,**,**,**,Present,Present,Present,*,**,**,**,**,**,Present,*,*,Present,Present,Present,*,*,Present,Present,**,**,*,**,Present,Present,****,Present,Present,**,*,Present,Present,Present,Present,Present,Present,*,Present,Present,**,**,*,Present,**,**,**,Present,Present,Present,Present,**,*,*,*,****,Present,Present,Present,Present,Present,**,Present,Present,Present,Present,***,***,***,Present,*,Present,*,***,*,****,****,****,****,Present,*,****,****,****
108,FARIÑAS,Present,Present,Present,Present,Present,Present,Present,Present,Present,Present,Present,Present,Present,Present,Present,Present,Present,Present,Present,Present,Present,Present,Present,Present,Present,Present,Present,Present,Present,Present,Present,Present,Present,Present,Present,Present,Present,Present,Present,Present,Present,Present,Present,Present,Present,Present,Present,Present,Present,Present,Present,Present,Present,Present,Present,Present,Present,Present,Present,Present,Present,Present,Present,Present,Present,Present,Present,Present,Present,Present,Present,Present,Not Listed,Present,Present,**,**,**,**,**,**,**,Present,**,**,**,**,**,**,Present,**,**,**,**,**,Present,**,**,**,**,**,**,**,**,**,**,**,**,**,**,**,**,**,**,**,**,**,**,**,**,**,**,**,**,**,**,**,**,**,**,Present,Present,**,**,*,Present,**,**,**,**,**,**,**,**,**,**,**,**,**,**,**,**,**,**,**,**,**,**,**,**,**,**,**,**,**,**,**,**,**,**,**,**,**,**,**,**,**,**
109,FERNANDEZ,Present,Present,Present,Present,Present,Present,Present,Present,Present,Present,Present,Present,Present,Present,Present,Present,**,Present,Present,Present,Present,Present,Present,Present,Present,Present,Present,Present,Present,Present,Present,Present,Present,Present,Present,Present,Present,Present,Present,Present,Present,Present,Present,Present,Present,Present,Present,Present,Present,Present,Present,Present,Present,Present,Present,Present,Present,Present,Present,Present,Present,Present,Present,Present,Present,Present,Present,Present,Present,Present,Present,Present,Not Listed,Present,Present,*,****,****,Present,Present,****,Present,Present,Present,****,*,****,****,*,****,*,*,*,*,*,Present,Present,*,Present,*,****,****,****,****,****,*,**,**,Present,**,****,Present,*,****,*,**,****,****,Present,Present,**,****,**,Present,*,***,Present,Present,Present,****,**,**,****,*,Present,**,****,****,**,**,**,****,**,****,****,**,**,**,**,*,**,****,****,****,**,**,*,*,**,**,Present,Present,**,****,**,****,*,****,Present,**,Present,**,****,Present,**,****,*,**
110,FERRER (A.),Present,Present,Present,Present,Present,Present,Present,**,Present,Present,Present,Present,Present,Present,Present,Present,Present,Present,Present,**,**,Present,Present,Present,Present,Present,Present,Present,Present,Present,Present,Present,Present,Present,Present,Present,Present,Present,Present,Present,Present,Present,Present,**,Present,Present,Present,Present,Present,Present,Present,Present,Present,Present,Present,Present,Present,Present,**,Present,Present,Present,Present,Present,Present,Present,**,Present,Present,**,Present,Present,Not Listed,Present,Present,Present,Present,Present,*,Present,**,Present,Present,Present,Present,Present,Present,*,Present,****,Present,Present,Present,Present,Present,Present,Present,Present,Present,Present,Present,Present,Present,Present,Present,Present,Present,Present,Present,Present,Present,Present,Present,Present,Present,**,Present,Present,Present,Present,**,Present,Present,*,****,*,Present,Present,Present,Present,*,**,*,Present,Present,Present,Present,Present,**,Present,Present,*,**,****,Present,**,Present,Present,***,Present,Present,Present,*,Present,*,Present,Present,Present,Present,Present,Present,Present,Present,Present,Present,*,Present,****,Present,**,Present,**,*,Present,Present,Present,Present,Present
111,FERRER (J.M.),Present,Present,Present,Present,Present,Present,**,Present,Present,Present,Present,Present,Present,**,Present,Present,Present,Present,Present,Present,Present,Present,Present,Present,Present,Present,Present,Present,Present,Present,Present,Present,Present,Present,Present,Present,Present,Present,Present,Present,Present,Present,Present,Present,Present,Present,Present,Present,Present,Present,Present,Present,Present,Present,Present,Present,Present,Present,Present,Present,Present,Present,Present,Present,Present,Present,Present,Present,Present,Present,Present,Present,Not Listed,Present,Present,**,**,**,**,Present,Present,Present,Present,****,****,****,****,****,Present,Present,Present,Present,Present,Present,Present,Present,Present,Present,**,Present,Present,Present,Present,Present,Present,***,***,***,***,***,***,***,***,Present,Present,Present,****,Present,**,Present,Present,Present,Present,Present,Present,Present,Present,Present,Present,Present,****,****,*,Present,Present,**,**,**,Present,**,Present,Present,Present,Present,Present,**,Present,Present,Present,Present,*,**,**,**,***,**,Present,Present,Present,Present,Present,Present,Present,Present,Present,Present,Present,Present,Present,Present,Present,Present,Present,Present,Present,Present,Present,Present
112,FLORES,Present,Present,Present,Present,Present,Present,Present,Present,Present,Present,Present,Present,Present,**,Present,Present,Present,Present,Present,Present,Present,Present,Present,Present,Present,**,Present,Present,Present,Present,**,Present,Present,Present,Present,Present,Present,Present,Present,Present,Present,Present,Present,Present,Present,Present,Present,Present,Present,Present,Present,Present,Present,Present,Present,Present,Present,Present,Present,Present,Present,Present,Present,Present,Present,Present,Present,Present,Present,Present,Present,Present,Not Listed,Present,Present,*,****,Present,Present,*,**,Present,Present,Present,Present,Present,Present,**,**,**,**,Present,Present,Present,*,Present,Present,Present,****,Present,****,Present,*,**,*,Present,Present,*,Present,Present,Present,Present,Present,*,Present,Present,Present,Present,Present,Present,*,****,****,*,****,Present,Present,Present,Present,Present,Present,Present,*,Present,Present,****,Present,*,Present,Present,Present,Present,Present,Present,**,**,**,**,**,*,*,Present,Present,Present,Present,*,****,**,**,**,*,***,*,****,Present,**,*,**,****,Present,***,Present,Present,Present,Present,Present,Present,Present
113,FORTES,Present,Present,Present,Present,Present,Present,Present,Present,Present,Present,Present,**,**,Present,Present,Present,Present,Present,Present,Present,Present,Present,Present,**,Present,Present,**,Present,Present,Present,**,Present,Present,Present,Present,Present,Present,Present,Present,Present,Present,Present,Present,Present,Present,Present,Present,Present,Present,Present,Present,Present,Present,Present,Present,Present,Present,Present,Present,**,Present,Present,Present,Present,Present,Present,Present,Present,Present,Present,Present,Present,Not Listed,Present,Present,*,Present,Present,Present,Present,Present,Present,Present,**,Present,Present,Present,Present,Present,Present,Present,Present,Present,Present,Present,Present,Present,Present,Present,Present,****,Present,Present,****,**,**,**,*,*,Present,Present,Present,Present,Present,Present,Present,Present,Present,****,Present,*,Present,Present,****,****,Present,Present,Present,Present,Present,Present,Present,Present,*,Present,Present,Present,Present,Present,**,Present,Present,Present,Present,Present,Present,Present,Present,Present,**,*,*,Present,Present,Present,**,Present,Present,Present,Present,Present,***,Present,Present,Present,Present,Present,***,***,Present,Present,Present,Present,Present,Present,Present,Present,Present
114,FRASCO,Present,Present,Present,Present,Present,Present,Present,Present,Present,Present,Present,Present,Present,Present,Present,Present,Present,Present,Present,Present,Present,Present,Present,Present,Present,Present,Present,Present,Present,Present,Present,Present,Present,Present,Present,Present,Present,Present,Present,Present,Present,Present,Present,Present,Present,Present,Present,Present,Present,Present,Present,Present,Present,Present,Present,Present,Present,Present,Present,Present,Present,Present,Present,Present,Present,Present,Present,Present,Present,Present,Present,Present,Not Listed,Present,Present,Present,Present,*,Present,Present,Present,Present,Present,*,Present,Present,Present,Present,****,Present,Present,Present,Present,Present,*,Present,Present,Present,**,**,**,Present,Present,Present,*,Present,**,****,Present,****,*,Present,Present,*,****,**,Present,****,*,Present,*,Present,Present,Present,Present,****,Present,*,**,**,Present,*,Present,*,****,Present,**,**,Present,*,Present,Present,**,Present,Present,Present,Present,****,*,*,Present,Present,Present,****,Present,*,**,**,Present,*,Present,****,*,Present,***,Present,Present,****,*,****,****,Present,*,****,Present,****,****,***
115,FRESNEDI,Present,Present,Present,Present,Present,Present,Present,Present,Present,**,Present,**,**,**,**,Present,Present,Present,Present,Present,Present,Present,Present,Present,Present,Present,Present,Present,Present,Present,Present,Present,Present,Present,Present,Present,Present,Present,Present,Present,Present,Present,Present,Present,Present,Present,Present,Present,Present,Present,Present,Present,Present,Present,Present,Present,Present,Present,Present,Present,Present,Present,Present,Present,Present,Present,Present,Present,Present,Present,Present,Present,Not Listed,Present,Present,Present,Present,Present,Present,Present,Present,Present,Present,Present,**,Present,Present,Present,Present,Present,Present,**,Present,*,Present,Present,Present,Present,Present,Present,Present,Present,Present,**,*,Present,Present,Present,Present,*,Present,Present,Present,Present,*,**,Present,Present,**,Present,Present,Present,**,*,Present,Present,Present,Present,Present,Present,Present,Present,Present,Present,Present,Present,Present,Present,**,Present,**,Present,Present,Present,Present,Present,Present,*,Present,**,Present,Present,Present,Present,Present,Present,Present,Present,Present,Present,Present,Present,**,Present,Present,**,Present,Present,Present,Present,Present,**,Present,Present,Present,Present,Present,Present
116,FUENTEBELLA,Present,Present,Present,Present,Present,Present,Present,Present,Present,**,**,Present,Present,Present,Present,Present,Present,Present,Present,Present,Present,Present,Present,Present,Present,Present,Present,Present,Present,Present,Present,Present,Present,Present,Present,Present,Present,Present,Present,Present,Present,Present,Present,Present,Present,Present,Present,Present,Present,Present,Present,Present,Present,Present,Present,Present,Present,Present,Present,Present,Present,Present,Present,Present,Present,Present,Present,Present,Present,Present,Present,Present,Not Listed,Present,Present,Present,Present,Present,*,Present,**,**,Present,**,**,**,****,**,**,**,****,**,**,****,Present,Present,Present,*,****,**,**,Present,**,**,Present,**,**,*,**,**,**,**,*,*,**,**,****,**,**,****,****,****,****,****,**,**,**,Present,Present,Present,**,Present,Present,Present,*,****,**,***,**,Present,**,****,****,*,****,*,*,Present,Present,**,Present,Present,Present,Present,Present,Present,****,**,****,****,*,***,***,****,***,****,****,****,Present,*,****,****,****,****,*,***,*,***
117,GALEOS,Present,Present,Present,Present,Present,Present,Present,Present,Present,**,Present,**,**,**,Present,Present,Present,Present,Present,Present,Present,Present,Present,Present,Present,Present,**,Present,Present,Present,Present,Present,Present,Present,Present,Present,Present,Present,Present,Present,Present,Present,Present,**,Present,Present,Present,Present,Present,Present,Present,Present,Present,Present,Present,Present,Present,Present,Present,Present,Present,Present,Present,Present,Present,Present,Present,Present,Present,Present,Present,Present,Not Listed,Present,Present,Present,Present,Present,Present,Present,Present,****,Present,Present,Present,Present,Present,Present,Present,Present,Present,Present,Present,Present,Present,Present,Present,Present,Present,Present,**,Present,Present,Present,Present,Present,**,**,Present,*,Present,Present,*,**,**,**,**,**,**,Present,Present,Present,Present,**,Present,*,Present,Present,Present,Present,Present,Present,Present,Present,**,**,**,**,Present,Present,Present,Present,*,**,**,**,Present,****,**,**,Present,**,**,**,Present,Present,Present,Present,Present,**,**,**,**,Present,Present,Present,Present,**,Present,*,**,**,**,**,Present,Present,Present,**
118,GARCIA (A.),Present,Present,Present,Present,Present,Present,Present,Present,Present,Present,Present,Present,**,**,Present,**,Present,**,Present,Present,Present,Present,Present,Present,Present,Present,Present,Present,Present,Present,Present,Present,Present,**,**,Present,Present,Present,Present,Present,Present,**,Present,Present,Present,Present,Present,Present,Present,Present,Present,Present,Present,Present,Present,Present,Present,Present,Present,Present,Present,Present,Present,Present,Present,Present,Present,Present,**,**,Present,Present,Not Listed,Present,Present,*,*,Present,*,*,****,Present,Present,Present,Present,*,**,Present,Present,Present,*,Present,**,*,*,Present,**,*,Present,Present,Present,Present,Present,*,*,*,*,*,Present,**,Present,Present,Present,Present,**,**,Present,Present,Present,*,*,Present,Present,Present,*,Present,**,**,**,Present,*,**,*,Present,Present,*,***,***,****,*,*,Present,Present,Present,****,**,*,*,Present,*,Present,*,**,****,*,*,Present,****,Present,Present,Present,Present,Present,Present,**,*,*,**,***,****,****,****,****,****,**,****,**,**
119,GARCIA (D.),Present,Present,Present,Present,Present,Present,Present,Present,Present,Present,Present,Present,Present,**,Present,Present,Present,Present,Present,Present,Present,Present,Present,**,Present,Present,**,Present,Present,Present,Present,Present,Present,Present,Present,Present,Present,Present,Present,Present,Present,Present,Present,Present,Present,Present,Present,Present,Present,Present,Present,Present,Present,Present,Present,Present,Present,Present,Present,Present,Present,Present,Present,Present,Present,Present,Present,Present,Present,Present,Present,Present,Not Listed,Present,Present,Present,Present,****,Present,Present,Present,Present,Present,Present,Present,Present,Present,Present,Present,Present,Present,Present,Present,Present,Present,Present,Present,Present,Present,Present,Present,Present,Present,Present,Present,Present,Present,Present,Present,Present,Present,Present,Present,Present,Present,Present,Present,Present,Present,Present,Present,Present,Present,Present,Present,Present,Present,Present,Present,Present,Present,Present,Present,Present,Present,Present,Present,Present,Present,Present,Present,Present,Present,Present,Present,Present,Present,Present,Present,Present,Present,Present,Present,Present,Present,Present,Present,Present,Present,Present,Present,Present,Present,Present,Present,Present,Present,Present,Present,Present,Present,Present,Present,Present,Present,Present,Present,Present
120,GARCIA (J.A.),Present,Present,Present,Present,Present,Present,Present,Present,Present,Present,Present,**,Present,Present,Present,Present,Present,Present,Present,Present,Present,Present,Present,Present,Present,Present,Present,Present,Present,Present,Present,Present,Present,Present,Present,Present,Present,Present,Present,Present,Present,Present,Present,Present,Present,Present,Present,Present,Present,Present,**,Present,Present,Present,Present,Present,Present,Present,Present,Present,Present,Present,Present,Present,Present,Present,**,Present,Present,Present,Present,Present,Not Listed,Present,**,**,Present,Present,Present,Present,**,**,Present,Present,Present,Present,**,Present,Present,Present,Present,Present,*,Present,Present,Present,Present,Present,**,**,**,**,**,**,Present,Present,Present,Present,Present,Present,*,Present,Present,Present,Present,Present,Present,Present,Present,Present,Present,*,Present,Present,Present,Present,Present,Present,Present,****,Present,Present,*,*,Present,Present,****,Present,***,***,Present,Present,****,Present,Present,Present,Present,Present,*,*,*,****,Present,****,*,**,****,Present,*,*,Present,Present,Present,Present,Present,*,Present,Present,Present,Present,Present,Present,Present,**,***,***,***,***
121,GARCIA (M.A.),Present,Present,Present,Present,Present,Present,Present,**,Present,**,Present,**,**,**,**,Present,Present,**,Present,Present,**,Present,Present,**,Present,Present,Present,Present,**,Present,Present,Present,Present,Present,Present,Present,Present,Present,Present,Present,Present,Present,Present,Present,Present,Present,Present,Present,Present,Present,Present,Present,Present,Present,Present,Present,Present,Present,Present,Present,Present,Present,Present,Present,Present,Present,Present,Present,Present,Present,Present,Present,Not Listed,Present,Present,Present,Present,Present,Present,Present,Present,Present,Present,Present,Present,Present,****,Present,****,Present,****,Present,*,*,**,**,Present,Present,Present,*,Present,Present,Present,*,Present,*,Present,Present,***,**,**,**,**,Present,*,**,Present,Present,Present,***,Present,Present,Present,Present,Present,Present,**,**,****,*,*,Present,*,Present,Present,Present,**,**,Present,*,**,Present,Present,Present,Present,*,Present,Present,*,**,Present,Present,Present,**,*,*,Present,Present,Present,**,*,Present,Present,Present,**,Present,Present,****,Present,Present,Present,Present,Present,**,Present,***,***,**
122,GARCIA (P.J.),Present,Present,Present,Present,Present,Present,Present,**,Present,Present,Present,Present,Present,Present,Present,Present,Present,Present,Present,Present,Present,Present,Present,Present,Present,Present,Present,Present,Present,Present,Present,Present,Present,Present,Present,Present,Present,Present,Present,Present,Present,Present,Present,**,Present,Present,Present,Present,Present,Present,Present,Present,Present,Present,Present,Present,Present,Present,Present,Present,Present,Present,Present,Present,Present,Present,Present,Present,Present,Present,Present,Present,Not Listed,Present,Present,**,Present,**,**,Present,**,**,Present,**,**,**,**,Present,**,****,**,**,**,Present,*,Present,Present,Present,**,**,**,**,**,**,Present,Present,Present,**,**,Present,****,Present,****,**,**,**,**,**,**,****,Present,****,****,****,Present,Present,Present,Present,Present,Present,**,**,**,Present,****,****,****,Present,****,Present,Present,**,**,**,**,****,Present,Present,Present,Present,***,**,**,**,Present,Present,Present,Present,**,****,**,Present,**,Present,Present,****,Present,**,**,**,Present,Present,*,****,Present,***,**,*
123,GARCIA (V.),Present,Present,Present,Present,Present,Present,Present,Present,Present,Present,Present,Present,Present,Present,Present,Present,Present,Present,Present,Present,Present,Present,Present,Present,Present,Present,Present,Present,Present,Present,Present,Present,Present,Present,Present,Present,Present,Present,Present,Present,Present,Present,Present,Present,Present,Present,Present,Present,Present,Present,Present,Present,Present,Present,Present,Present,Present,Present,Present,Present,Present,Present,Present,Present,Present,Present,Present,Present,Present,Present,Present,Present,Not Listed,Present,Present,*,*,*,*,Present,**,*,Present,*,*,*,*,*,*,*,*,*,*,*,*,Present,Present,*,*,*,****,**,**,**,*,*,*,*,Present,*,*,*,*,*,*,*,****,*,****,****,*,*,*,****,*,*,*,*,Present,*,*,*,*,*,*,*,*,*,*,Present,*,*,Present,*,*,*,*,*,****,*,*,*,Present,*,*,*,****,****,****,****,*,****,****,****,****,****,*,*,****,****,****,****,****,*,*,****,****,****
124,GARDIOLA,Present,Present,Present,Present,Present,Present,Present,Present,Present,**,Present,**,Present,Present,**,Present,Present,**,Present,Present,Present,Present,Present,Present,Present,Present,Present,Present,Present,Present,Present,Present,Present,Present,Present,Present,Present,Present,Present,Present,Present,Present,Present,Present,Present,Present,Present,Present,Present,Present,Present,Present,Present,Present,Present,Present,Present,Present,Present,Present,Present,Present,Present,Present,Present,Present,Present,Present,Present,Present,Present,Present,Not Listed,Present,Present,Present,Present,Present,Present,Present,Present,Present,Present,Present,Present,**,**,Present,Present,Present,Present,Present,Present,Present,Present,Present,Present,Present,Present,Present,Present,**,**,**,**,**,Present,Present,Present,Present,Present,Present,Present,Present,Present,Present,***,***,Present,Present,Present,Present,Present,Present,Present,Present,Present,Present,Present,Present,Present,Present,Present,Present,Present,Present,Present,Present,***,***,***,Present,Present,Present,Present,Present,Present,Present,Present,Present,Present,Present,**,Present,Present,**,Present,Present,Present,Present,Present,Present,Present,Present,Present,Present,Present,*,Present,Present,Present,Present,Present,*,Present,Present,Present,Present
125,GARIN,Present,Present,Present,Present,Present,Present,Present,Present,Present,Present,**,Present,Present,**,**,Present,Present,Present,Present,Present,Present,Present,**,Present,Present,Present,Present,Present,Present,Present,Present,Present,Present,Present,Present,Present,Present,Present,Present,Present,Present,Present,Present,Present,Present,Present,Present,Present,Present,Present,Present,Present,Present,Present,Present,Present,Present,Present,**,Present,Present,Present,Present,**,Present,Present,Present,Present,Present,Present,Present,Present,Not Listed,Present,Present,Present,Present,Present,*,Present,**,****,Present,**,Present,*,**,**,*,**,Present,**,*,Present,*,Present,Present,Present,Present,*,**,Present,Present,*,*,*,**,Present,Present,**,**,*,Present,*,Present,Present,Present,Present,Present,Present,Present,Present,*,Present,Present,Present,Present,Present,Present,Present,Present,**,Present,*,Present,Present,**,**,*,**,Present,*,****,****,****,*,Present,Present,Present,*,**,****,Present,Present,Present,Present,**,**,**,**,**,**,Present,Present,Present,**,Present,Present,Present,**,Present,Present,Present,*,Present,Present,Present,*
126,GASATAYA,Present,Present,Present,Present,Present,Present,Present,Present,Present,Present,Present,Present,**,Present,Present,**,Present,**,Present,Present,Present,Present,Present,Present,Present,Present,Present,Present,Present,Present,Present,Present,Present,**,**,Present,Present,Present,Present,Present,Present,**,Present,Present,Present,Present,Present,Present,Present,Present,Present,Present,Present,Present,Present,Present,Present,Present,Present,Present,Present,Present,Present,Present,Present,Present,Present,Present,**,**,Present,Present,Not Listed,Present,Present,*,****,****,****,Present,**,Present,Present,Present,Present,Present,Present,*,Present,Present,Present,Present,**,Present,Present,Present,Present,Present,**,**,**,**,Present,****,Present,*,Present,Present,Present,Present,Present,*,Present,**,**,**,**,**,**,Present,*,*,Present,Present,Present,Present,Present,Present,Present,*,Present,Present,*,Present,Present,****,Present,Present,Present,Present,Present,****,****,Present,Present,**,Present,Present,Present,Present,Present,Present,Present,Present,Present,**,Present,Present,Present,Present,Present,Present,Present,*,Present,Present,Present,****,Present,Present,Present,Present,Present,Present,Present,Present,Present,Present
127,GATCHALIAN,Present,Present,Present,Present,Present,Present,Present,Present,Present,Present,Present,**,Present,Present,Present,Present,Present,Present,Present,Present,**,Present,Present,Present,Present,Present,**,Present,Present,Present,Present,Present,Present,Present,Present,Present,Present,Present,Present,Present,Present,*,Not Listed,Not Listed,Not Listed,Not Listed,Not Listed,Not Listed,Not Listed,Not Listed,Not Listed,Not Listed,Not Listed,Not Listed,Not Listed,Not Listed,Not Listed,Not Listed,Not Listed,Not Listed,Not Listed,Not Listed,Not Listed,Not Listed,Not Listed,Not Listed,Not Listed,Not Listed,Not Listed,Not Listed,Not Listed,Not Listed,Not Listed,Not Listed,Not Listed,Not Listed,Not Listed,Not Listed,Not Listed,Not Listed,Not Listed,Not Listed,Not Listed,Not Listed,Not Listed,Not Listed,Not Listed,Not Listed,Not Listed,Not Listed,Not Listed,Not Listed,Not Listed,Not Listed,Not Listed,Not Listed,Not Listed,Not Listed,Not Listed,Not Listed,Not Listed,Not Listed,Not Listed,Not Listed,Not Listed,Not Listed,Not Listed,Not Listed,Not Listed,Not Listed,Not Listed,Not Listed,Not Listed,Not Listed,Not Listed,Not Listed,Not Listed,Not Listed,Not Listed,Not Listed,Not Listed,Not Listed,Not Listed,Not Listed,Not Listed,Not Listed,Not Listed,Not Listed,Not Listed,Not Listed,Not Listed,Not Listed,Not Listed,Not Listed,Not Listed,Not Listed,Not Listed,Not Listed,Not Listed,Not Listed,Not Listed,Not Listed,Not Listed,Not Listed,Not Listed,Not Listed,Not Listed,Not Listed,Not Listed,Not Listed,Not Listed,Not Listed,Not Listed,Not Listed,Not Listed,Not Listed,Not Listed,Not Listed,Not Listed,Not Listed,Not Listed,Not Listed,Not Listed,Not Listed,Not Listed,Not Listed,Not Listed,Not Listed,Not Listed,Not Listed,Not Listed,Not Listed,Not Listed,Not Listed,Not Listed,Not Listed,Not Listed,Not Listed
128,GATO,Present,**,**,Present,Present,Present,Present,Present,Present,Present,Present,Present,Present,**,Present,Present,Present,Present,Present,Present,**,Present,Present,Present,Present,Present,Present,Present,Present,Present,Present,Present,Present,Present,Present,Present,Present,Present,Present,Present,Present,Present,Present,Present,Present,Present,Present,Present,Present,Present,Present,Present,Present,Present,Present,Present,Present,Present,Present,Present,Present,Present,Present,Present,Present,Present,Present,Present,Present,Present,Present,**,Not Listed,Present,Present,Present,Present,Present,Present,Present,Present,Present,Present,Present,Present,Present,Present,Present,Present,Present,Present,Present,Present,Present,Present,Present,Present,Present,Present,Present,Present,Present,Present,**,Present,Present,**,***,*,Present,Present,Present,Present,Present,Present,Present,Present,Present,Present,Present,*,Present,**,*,Present,Present,Present,Present,Present,Present,Present,Present,Present,Present,Present,Present,Present,Present,Present,Present,**,Present,*,Present,Present,Present,Present,Present,Present,Present,**,***,Present,***,Present,**,***,Present,Present,Present,Present,Present,Present,**,**,Present,*,Present,Present,Present,Present,Present,Present,Present,Present,Present,****,Present
129,GO (E.C.),Present,Present,Present,Present,Present,Present,Present,Present,Present,Present,Present,Present,Present,Present,Present,Present,Present,Present,Present,Present,Present,Present,Present,Present,Present,Present,Present,Present,Present,Present,Present,Present,Present,Present,Present,Present,Present,Present,Present,Present,Present,Present,Present,Present,Present,Present,Present,Present,Present,Present,Present,Present,Present,Present,Present,Present,Present,Present,Present,Present,Present,Present,Present,Present,Present,Present,Present,Present,Present,Present,Present,Present,Not Listed,Present,Present,Present,Present,****,Present,*,*,*,Present,****,Present,****,***,****,Present,Present,Present,Present,****,**,Present,Present,Present,Present,**,**,**,*,*,****,Present,*,****,Present,*,Present,****,*,****,****,****,*,Present,****,Present,*,*,***,***,***,****,Present,Present,Present,Present,Present,*,*,*,*,****,****,*,****,****,****,*,***,****,*,*,****,*,Present,Present,*,Present,***,***,***,*,*,****,**,****,**,***,***,***,****,Present,*,*,***,****,****,****,****,Present,Present,*,****,****,*
130,GO (M.),Present,Present,Present,Present,Present,Present,Present,Present,Present,Present,Present,Present,Present,Present,Present,Present,Present,Present,Present,Present,Present,Present,Present,Present,Present,Present,Present,Present,Present,Present,Present,Present,Present,Present,Present,Present,Present,Present,Present,Present,Present,Present,Present,Present,Present,Present,Present,Present,Present,Present,Present,Present,Present,Present,Present,Present,Present,Present,Present,Present,Present,Present,Present,Present,Present,Present,Present,Present,Present,Present,Present,Present,Not Listed,Present,Present,Present,Present,Present,Present,Present,Present,Present,Present,Present,Present,Present,Present,Present,Present,Present,Present,**,Present,Present,Present,Present,Present,Present,**,**,**,Present,Present,Present,*,Present,Present,Present,Present,Present,Present,Present,Present,Present,Present,Present,Present,Present,Present,Present,Present,Present,Present,Present,Present,Present,Present,Present,**,**,Present,Present,Present,Present,Present,Present,Present,Present,Present,Present,**,Present,Present,Present,Present,Present,Present,Present,Present,Present,Present,Present,Present,Present,Present,Present,Present,Present,Present,Present,Present,Present,Present,Present,Present,Present,Present,Present,Present,Present,Present,Present,Present,Present,Present,Present,Present,Present
131,GOLEZ,Present,Present,Present,Present,Present,Present,Present,**,Present,**,Present,Present,Present,**,Present,Present,Present,**,Present,**,Present,Present,Present,Present,Present,Present,Present,Present,Present,Present,Present,Present,Present,**,Present,Present,Present,Present,Present,Present,Present,Present,Present,Present,Present,Present,Present,Present,Present,Present,Present,Present,Present,Present,Present,Present,Present,Present,Present,Present,Present,Present,Present,Present,Present,Present,Present,Present,Present,Present,Present,**,Not Listed,Present,Present,Present,Present,Present,*,Present,*,Present,Present,Present,Present,**,**,**,Present,Present,Present,Present,Present,Present,Present,Present,Present,Present,Present,Present,Present,Present,Present,Present,Present,Present,Present,Present,Present,Present,Present,Present,Present,Present,Present,Present,Present,Present,Present,**,Present,Present,Present,Present,Present,Present,Present,Present,**,**,**,**,**,Present,Present,Present,Present,Present,**,**,**,Present,Present,Present,Present,Present,Present,Present,Present,Present,Present,Present,Present,Present,Present,**,****,****,****,****,****,****,****,****,****,****,****,****,****,****,****,****,****,****,****,Present,****,***
132,GOMEZ,Present,Present,Present,Present,Present,Present,Present,Present,Present,**,Present,Present,Present,Present,Present,Present,Present,Present,Present,Present,Present,**,**,**,**,Present,Present,Present,Present,Present,Present,Present,Present,Present,Present,Present,Present,Present,Present,Present,Present,Present,Present,Present,Present,Present,Present,Present,Present,Present,Present,Present,Present,Present,Present,Present,Present,Present,Present,Present,Present,Present,Present,Present,Present,Present,**,Present,Present,Present,Present,Present,Not Listed,Present,Present,Present,Present,*,**,**,***,***,Present,Present,Present,Present,Present,Present,Present,Present,Present,Present,Present,Present,Present,Present,Present,Present,**,**,**,Present,Present,*,Present,Present,Present,**,Present,Present,*,Present,*,Present,**,**,Present,Present,Present,Present,Present,Present,**,Present,Present,Present,Present,Present,Present,Present,Present,Present,***,Present,*,Present,***,*,Present,Present,*,Present,**,Present,Present,**,Present,Present,*,*,***,***,***,*,Present,**,Present,Present,Present,****,**,***,***,*,*,Present,*,Present,**,Present,***,****,Present,***,Present,Present,Present,***
133,GONZAGA,Present,Present,Present,Present,Present,Present,Present,Present,Present,Present,Present,Present,Present,Present,Present,Present,Present,Present,Present,Present,Present,Present,Present,Present,Present,Present,Present,Present,Present,Present,Present,Present,Present,Present,Present,Present,Present,Present,Present,Present,Present,Present,Present,Present,Present,Present,Present,Present,Present,Present,Present,Present,Present,Present,Present,Present,Present,Present,Present,Present,Present,Present,Present,Present,Present,Present,Present,Present,Present,Present,Present,Present,Not Listed,Present,**,**,**,**,**,*,**,**,Present,Present,Present,Present,*,****,Present,**,Present,Present,****,****,*,Present,Present,Present,*,Present,Present,Present,*,****,Present,Present,Present,****,**,**,**,Present,****,**,**,**,Present,Present,****,Present,****,****,****,****,Present,Present,Present,*,Present,****,****,**,****,****,Present,Present,****,****,Present,**,**,Present,****,**,**,**,****,**,**,****,****,**,**,**,*,****,****,****,*,****,****,****,****,****,****,****,****,****,****,****,****,****,****,****,**,****,****,****
134,GONZALES (A.),Present,Present,Present,Present,Present,Present,Present,Present,Present,Present,Present,Present,Present,**,**,Present,Present,Present,Present,Present,Present,Present,Present,Present,Present,Present,Present,Present,Present,Present,Present,Present,Present,Present,Present,Present,Present,Present,Present,Present,Present,Present,Present,Present,Present,Present,Present,Present,Present,Present,Present,Present,Present,Present,Present,Present,Present,Present,Present,Present,Present,Present,Present,Present,Present,Present,Present,Present,Present,Present,Present,Present,Not Listed,Present,Present,Present,Present,Present,Present,Present,Present,Present,Present,Present,Present,Present,Present,Present,Present,Present,Present,Present,Present,Present,Present,Present,Present,Present,Present,Present,Present,Present,Present,Present,Present,Present,Present,Present,Present,Present,Present,Present,Present,Present,Present,Present,Present,Present,Present,Present,Present,Present,Present,Present,Present,Present,Present,Present,Present,Present,Present,Present,Present,Present,Present,**,Present,Present,Present,Present,Present,Present,Present,Present,Present,Present,Present,Present,Present,Present,Present,Present,Present,Present,Present,Present,Present,Present,Present,Present,Present,Present,Present,*,*,**,Present,Present,Present,Present,Present,Present,Present,Present,Present,Present,Present,Present
135,GONZALES (N.),Present,Present,Present,Present,Present,Present,Present,Present,Present,Present,Present,Present,Present,Present,Present,Present,Present,Present,Present,Present,Present,Present,Present,Present,Present,Present,Present,Present,Present,Present,Present,Present,Present,Present,Present,Present,Present,Present,Present,Present,Present,Present,Present,Present,Present,Present,Present,Present,Present,Present,Present,Present,Present,Present,Present,Present,Present,Present,Present,Present,Present,Present,Present,Present,Present,Present,Present,Present,Present,Present,Present,Present,Not Listed,Present,Present,Present,Present,Present,Present,Present,Present,Present,Present,Present,Present,Present,Present,Present,**,**,Present,Present,Present,Present,Present,Present,Present,Present,Present,Present,Present,Present,Present,*,Present,Present,Present,Present,Present,Present,Present,Present,Present,Present,Present,Present,Present,Present,Present,Present,Present,*,Present,Present,Present,Present,Present,Present,Present,Present,Present,Present,Present,Present,**,**,Present,Present,Present,Present,Present,Present,Present,Present,Present,Present,Present,Present,Present,Present,Present,Present,Present,Present,Present,Present,Present,Present,Present,Present,Present,Present,Present,Present,Present,Present,**,Present,Present,Present,Present,Present,Present,Present,Present,Present,Present,Present
136,GONZALEZ,Present,Present,Present,Present,Present,Present,Present,Present,Present,Present,Present,Present,Present,Present,Present,Present,Present,Present,Present,Present,Present,Present,Present,Present,Present,Present,Present,Present,Present,Present,Present,Present,Present,Present,Present,Present,Present,Present,Present,Present,Present,Present,Present,Present,Present,Present,Present,Present,Present,Present,Present,Present,Present,Present,Present,Present,Present,Present,Present,Present,Present,Present,Present,Present,Present,Present,Present,Present,Present,Present,Present,Present,Not Listed,Present,Present,****,****,****,Present,Present,****,****,Present,***,***,Present,Present,**,**,**,**,**,**,Present,Present,Present,**,Present,****,****,**,**,**,**,Present,Present,**,****,****,****,Present,*,****,****,****,****,Present,****,****,Present,Present,****,****,****,****,Present,Present,Present,****,****,****,****,****,*,****,****,****,****,*,*,*,**,****,****,****,****,****,****,***,***,****,****,****,****,**,**,****,****,****,****,****,****,****,****,****,****,****,****,****,****,****,****,****,****,****,****,****,***
137,GORRICETA,Present,Present,Present,Present,Present,Present,Present,**,Present,Present,Present,Present,Present,Present,Present,Present,Present,Present,Present,Present,Present,Present,Present,Present,Present,Present,Present,Present,Present,Present,Present,Present,Present,Present,Present,Present,Present,Present,Present,Present,Present,Present,Present,Present,Present,Present,Present,Present,Present,Present,Present,Present,Present,Present,Present,Present,Present,Present,Present,Present,Present,Present,Present,Present,Present,Present,Present,Present,Present,Present,Present,Present,Not Listed,Present,Present,Present,Present,**,*,Present,**,**,Present,Present,Present,**,**,Present,Present,Present,Present,Present,Present,**,**,Present,Present,Present,Present,**,**,Present,**,**,**,**,**,Present,Present,Present,**,Present,Present,**,**,**,Present,Present,Present,Present,**,**,**,**,**,**,**,**,Present,Present,Present,Present,**,Present,**,**,**,**,**,**,**,Present,**,**,**,**,**,Present,Present,*,**,Present,Present,**,**,**,**,Present,**,**,**,Present,Present,**,**,Present,**,**,Present,**,**,Present,**,Present,Present,**,**,Present
138,GUICO,Present,Present,Present,Present,Present,Present,Present,Present,Present,Present,Present,Present,**,Present,Present,**,Present,**,Present,Present,Present,Present,Present,Present,Present,Present,Present,Present,Present,Present,Present,Present,Present,**,**,Present,Present,Present,Present,Present,Present,**,Present,Present,Present,Present,Present,Present,Present,Present,Present,Present,Present,Present,Present,Present,Present,Present,Present,Present,Present,Present,Present,Present,Present,Present,Present,Present,**,**,Present,Present,Not Listed,Present,Present,Present,****,Present,Present,Present,Present,Present,Present,Present,**,Present,**,Present,Present,Present,****,*,**,Present,*,Present,**,Present,Present,Present,Present,Present,Present,Present,Present,Present,Present,Present,Present,**,Present,Present,Present,Present,Present,Present,Present,Present,*,Present,Present,Present,Present,Present,Present,Present,Present,Present,Present,**,Present,**,**,Present,Present,Present,Present,Present,Present,Present,Present,Present,Present,Present,Present,**,Present,Present,Present,Present,Present,Present,**,Present,Present,Present,Present,Present,Present,Present,Present,Present,Present,Present,Present,Present,Present,**,Present,Present,Present,Present,Present,Present,Present,Present,**,**
139,GUINTU,Present,Present,Present,Present,Present,Present,Present,**,Present,Present,Present,Present,Present,Present,**,Present,Present,Present,Present,Present,**,Present,Present,Present,Present,Present,**,Present,Present,Present,Present,Present,Present,Present,Present,Present,Present,Present,Present,Present,Present,Present,Present,Present,Present,Present,Present,Present,Present,Present,**,Present,Present,Present,Present,Present,Present,Present,Present,Present,Present,Present,Present,Present,Present,Present,**,Present,Present,Present,Present,Present,Not Listed,Present,**,Present,Present,Present,Present,*,Present,Present,Present,Present,*,Present,Present,Present,*,Present,Present,Present,*,**,*,Present,Present,Present,Present,Present,****,Present,*,Present,Present,Present,****,Present,Present,**,*,Present,Present,Present,****,Present,Present,*,Present,Present,*,Present,****,****,Present,*,Present,Present,Present,Present,Present,****,*,Present,*,*,****,*,****,*,*,Present,*,Present,*,*,Present,*,*,*,Present,****,Present,****,*,*,Present,*,****,****,*,***,***,****,*,*,Present,Present,***,*,*,****,****,Present,Present,Present,*,*
140,GULLAS,Present,Present,Present,Present,Present,Present,Present,Present,Present,Present,Present,Present,Present,Present,Present,Present,Present,Present,Present,Present,Present,Present,Present,Present,Present,Present,Present,Present,Present,Present,Present,Present,Present,Present,Present,Present,Present,Present,Present,Present,Present,Present,Present,Present,Present,Present,Present,Present,Present,Present,Present,Present,Present,Present,Present,Present,Present,Present,Present,Present,Present,Present,Present,Present,Present,Present,Present,Present,Present,Present,Present,Present,Not Listed,Present,Present,****,Present,Present,***,***,*,Present,Present,Present,Present,Present,Present,Present,Present,Present,Present,Present,Present,Present,Present,Present,Present,Present,**,**,**,**,**,**,**,**,**,Present,Present,Present,Present,Present,Present,**,**,**,**,**,**,****,****,Present,Present,Present,Present,Present,***,*,Present,*,Present,Present,Present,Present,*,Present,Present,Present,*,Present,Present,Present,****,Present,***,***,Present,Present,Present,Present,Present,Present,Present,Present,Present,*,Present,Present,Present,Present,Present,Present,Present,Present,Present,Present,Present,*,Present,Present,Present,Present,Present,Present,Present,*,Present,Present
141,GUTIERREZ,Present,Present,Present,Present,Present,Present,Present,**,Present,Present,Present,Present,Present,**,Present,Present,Present,Present,Present,Present,Present,Present,Present,Present,Present,Present,Present,Present,Present,Present,Present,Present,Present,Present,Present,Present,Present,Present,Present,Present,Present,Present,Present,**,Present,Present,Present,Present,Present,Present,Present,Present,Present,Present,Present,Present,Present,Present,Present,Present,Present,Present,Present,Present,Present,Present,Present,Present,Present,Present,Present,Present,Not Listed,Present,Present,Present,Present,Present,**,Present,**,Present,Present,Present,Present,Present,Present,Present,Present,Present,Present,Present,Present,Present,Present,Present,Present,Present,Present,*,Present,Present,Present,Present,Present,Present,Present,Present,Present,Present,Present,Present,*,Present,Present,Present,Present,Present,Present,Present,**,Present,Present,Present,Present,Present,Present,Present,Present,Present,Present,Present,Present,Present,Present,Present,Present,Present,Present,Present,Present,Present,Present,Present,Present,Present,Present,Present,Present,Present,Present,Present,Present,**,Present,Present,Present,Present,Present,**,Present,Present,**,Present,Present,**,Present,**,Present,Present,Present,Present,**,Present,Present,Present,*,**
142,HAGEDORN,Present,Present,Present,Present,Present,Present,Present,Present,Present,Present,Present,Present,Present,Present,Present,Present,Present,Present,Present,***,***,***,***,Present,Present,***,***,***,***,***,Present,Present,Present,Present,Present,Present,Present,Present,Present,Present,Present,Present,Present,Present,Present,Present,Present,Present,Present,Present,Present,Present,Present,Present,Present,Present,Present,Present,Present,Present,Present,Present,Present,Present,Present,Present,Present,Present,Present,Present,Present,Present,Not Listed,Present,Present,****,Present,****,**,**,**,**,Present,**,**,**,**,**,**,**,**,**,**,**,**,**,**,**,Not Listed,Not Listed,Not Listed,Not Listed,Not Listed,Not Listed,Not Listed,Not Listed,Not Listed,Not Listed,Not Listed,Not Listed,Not Listed,Not Listed,Not Listed,Not Listed,Not Listed,Not Listed,Not Listed,Not Listed,Not Listed,Not Listed,Not Listed,Not Listed,Not Listed,Not Listed,Not Listed,Not Listed,Not Listed,Not Listed,Not Listed,Not Listed,Not Listed,Not Listed,Not Listed,Not Listed,Not Listed,Not Listed,Not Listed,Not Listed,Not Listed,Not Listed,Not Listed,Not Listed,Not Listed,Not Listed,Not Listed,Not Listed,Not Listed,Not Listed,Not Listed,Not Listed,Not Listed,Not Listed,Not Listed,Not Listed,Not Listed,Not Listed,Not Listed,Not Listed,Not Listed,Not Listed,Not Listed,Not Listed,Not Listed,Not Listed,Not Listed,Not Listed,Not Listed,Not Listed,Not Listed,Not Listed,Not Listed,Not Listed,Not Listed,Not Listed,Not Listed,Not Listed,Not Listed,Not Listed
143,HARESCO,Present,Present,Present,Present,Present,Present,Present,Present,Present,Present,Present,Present,Present,Present,**,Present,Present,Present,Present,Present,Present,Present,Present,Present,Present,Present,**,Present,Present,Present,Present,Present,Present,Present,Present,Present,Present,Present,Present,Present,Present,Present,Present,Present,Present,Present,Present,Present,Present,Present,Present,Present,Present,Present,Present,Present,Present,Present,Present,**,Present,Present,Present,Present,Present,Present,Present,Present,Present,Present,Present,Present,Not Listed,Present,Present,*,Present,*,*,Present,Present,Present,Present,Present,Present,Present,Present,Present,Present,Present,Present,Present,Present,**,Present,Present,Present,Present,Present,Present,Present,Present,Present,Present,Present,Present,Present,Present,Present,Present,Present,Present,Present,Present,Present,**,**,Present,Present,*,Present,Present,Present,Present,Present,Present,Present,Present,Present,Present,Present,Present,Present,Present,Present,Present,**,**,Present,*,**,*,Present,Present,Present,**,Present,Present,Present,Present,Present,Present,**,Present,Present,*,Present,Present,Present,Present,Present,*,Present,Present,Present,Present,Present,Present,Present,Present,Present,Present,Present,Present,Present,****,****,*
144,HATAMAN,Present,Present,Present,Present,Present,Present,Present,Present,Present,Present,Present,Present,Present,Present,Present,Present,Present,Present,Present,Present,**,**,Present,Present,Present,Present,Present,Present,Present,Present,Present,Present,Present,Present,Present,Present,Present,Present,Present,Present,Present,Present,Present,Present,Present,Present,Present,Present,Present,Present,Present,Present,Present,Present,Present,Present,Present,Present,Present,Present,Present,Present,Present,Present,Present,Present,Present,Present,Present,Present,Present,Present,Not Listed,Present,Present,***,Present,Present,Present,Present,Present,Present,Present,Present,Present,*,Present,Present,Present,Present,Present,Present,Present,Present,Present,Present,Present,Present,Present,Present,Present,Present,Present,*,Present,Present,Present,Present,Present,Present,Present,Present,Present,Present,Present,Present,Present,Present,Present,Present,Present,*,Present,***,Present,Present,****,Present,Present,*,Present,Present,Present,Present,Present,Present,Present,Present,Present,Present,Present,Present,Present,****,****,****,*,Present,Present,Present,*,***,Present,Present,Present,**,****,Present,*,Present,Present,Present,Present,Present,Present,Present,Present,Present,***,*,Present,Present,Present,Present,Present,Present,**,**
145,HERNANDEZ,Present,Present,Present,Present,Present,Present,Present,Present,Present,Present,Present,**,Present,**,**,Present,Present,Present,Present,Present,Present,Present,Present,**,Present,Present,Present,Present,Present,Present,Present,Present,Present,Present,Present,Present,Present,Present,Present,Present,Present,Present,Present,Present,Present,Present,Present,Present,Present,Present,Present,Present,Present,Present,Present,Present,Present,Present,**,Present,Present,Present,Present,Present,Present,Present,Present,Present,Present,Present,Present,Present,Not Listed,Present,Present,**,**,Present,Present,**,Present,Present,Present,Present,Present,***,***,**,**,**,**,**,**,**,**,**,**,**,**,**,**,**,**,**,Present,Present,Present,**,**,Present,**,**,Present,Present,Present,**,Present,Present,Present,*,*,Present,Present,Present,*,Present,Present,Present,****,Present,**,*,*,Present,Present,Present,****,***,***,***,***,Present,**,Present,Present,**,**,Present,Present,****,****,****,****,****,Present,**,Present,Present,*,****,*,Present,Present,**,**,**,Present,****,*,*,**,**,**,*,*,**,**,Present
146,HERRERA,Present,Present,Present,Present,Present,Present,Present,**,Present,Present,Present,Present,Present,Present,Present,Present,Present,Present,Present,Present,**,Present,**,Present,Present,Present,Present,Present,Present,Present,**,Present,Present,Present,Present,Present,Present,Present,Present,Present,Present,Present,Present,Present,Present,Present,Present,Present,Present,Present,Present,Present,Present,Present,Present,Present,Present,Present,Present,Present,Present,Present,Present,Present,Present,Present,Present,Present,Present,Present,Present,Present,Not Listed,Present,Present,Present,Present,Present,Present,Present,****,*,Present,Present,**,Present,*,Present,Present,Present,Present,*,*,**,Present,Present,Present,Present,Present,Present,Present,****,Present,Present,Present,Present,Present,Present,*,Present,Present,Present,Present,Present,Present,Present,Present,Present,Present,Present,Present,Present,Present,Present,Present,Present,Present,Present,Present,Present,Present,Present,Present,Present,Present,Present,Present,Present,Present,Present,Present,Present,Present,Present,Present,**,Present,Present,Present,Present,Present,Present,**,**,Present,*,**,**,**,**,**,**,**,Present,**,**,Present,**,Present,Present,Present,Present,Present,Present,Present,Present,Present,Present
147,HORIBATA,Present,Present,Present,Present,Present,Present,Present,Present,Present,Present,Present,Present,Present,Present,Present,Present,Present,Present,Present,Present,Present,Present,Present,Present,Present,Present,Present,Present,Present,Present,Present,Present,Present,Present,Present,Present,Present,Present,Present,Present,Present,Present,Present,Present,Present,Present,Present,Present,Present,Present,Present,Present,Present,Present,Present,Present,Present,Present,Present,Present,Present,Present,Present,Present,Present,Present,Present,Present,Present,**,Present,Present,Not Listed,Present,Present,*,Present,Present,Present,Present,Present,*,Present,Present,Present,*,Present,****,****,****,**,**,**,Present,*,Present,Present,*,*,Present,****,****,****,****,Present,****,****,****,****,****,****,****,*,Present,****,*,Present,****,****,*,Present,****,****,****,****,****,****,****,****,****,**,**,**,*,****,****,*,****,*,****,Present,****,****,****,****,Present,****,****,****,****,****,****,****,****,*,**,****,****,****,****,****,****,****,****,**,****,*,****,***,*,Present,Present,Present,Present,*,****,*,*
148,JAVIER,Present,Present,Present,Present,Present,Present,Present,**,Present,Present,Present,Present,Present,Present,Present,Present,Present,Present,Present,Present,Present,Present,Present,Present,Present,Present,Present,Present,Present,Present,Present,Present,Present,Present,Present,Present,Present,Present,Present,Present,Present,Present,Present,Present,Present,Present,Present,Present,Present,Present,Present,Present,Present,Present,Present,Present,Present,Present,Present,Present,Present,Present,Present,Present,Present,Present,Present,Present,Present,Present,Present,Present,Not Listed,Present,Present,Present,Present,*,Present,Present,Present,Present,Present,Present,*,Present,Present,Present,Present,Present,Present,Present,Present,Present,Present,Present,Present,Present,Present,**,Present,Present,****,****,Present,Present,Present,Present,Present,Present,Present,Present,Present,Present,Present,Present,Present,Present,Present,Present,Present,Present,Present,Present,Present,Present,Present,Present,Present,Present,Present,Present,Present,Present,***,***,Present,Present,Present,Present,Present,Present,Present,Present,Present,Present,Present,Present,Present,Present,Present,Present,Present,Present,Present,Present,Present,Present,Present,Present,Present,Present,Present,Present,Present,Present,Present,Present,Present,Present,Present,Present,Present,Present,Present,Present,Present,Present
149,KHO (O.),Present,Present,Present,Present,Present,Present,Present,Present,Present,Present,Present,**,Present,Present,Present,Present,Present,Present,Present,Present,Present,Present,Present,Present,Present,Present,**,Present,Present,Present,Present,Present,Present,Present,Present,Present,Present,Present,Present,Present,Present,Present,Present,Present,Present,Present,Present,Present,Present,Present,Present,Present,Present,Present,Present,Present,Present,Present,Present,Present,Present,Present,Present,Present,Present,Present,Present,Present,Present,Present,Present,Present,Not Listed,Present,**,**,Present,Present,Present,*,***,Present,Present,Present,Present,***,***,Present,***,Present,***,**,**,***,Present,Present,Present,Present,***,***,***,**,**,**,**,**,**,Present,***,***,****,****,*,***,****,****,****,****,Present,Present,****,****,***,****,***,****,Present,Present,****,****,****,****,****,**,Present,****,***,***,****,****,****,****,****,****,****,****,****,****,****,****,****,****,****,****,****,****,****,****,****,****,****,****,****,****,****,*,*,****,****,****,***,***,***,****,****,****,****,****
150,KHO (R.),Present,Present,Present,Present,Present,Present,Present,Present,Present,Present,Present,Present,Present,Present,Present,Present,Present,Present,Present,Present,Present,Present,Present,Present,Present,Present,**,Present,Present,Present,Present,Present,Present,Present,Present,Present,Present,Present,Present,Present,Present,Present,Present,Present,Present,Present,Present,Present,Present,Present,Present,Present,Present,Present,Present,Present,Present,Present,Present,Present,Present,Present,Present,Present,Present,Present,Present,Present,Present,Present,Present,Present,Not Listed,Present,Present,**,Present,****,Present,***,**,**,Present,Present,**,**,**,**,**,**,**,**,**,**,**,Present,Present,Present,***,**,**,Present,*,****,****,**,**,**,****,***,****,****,*,***,Present,Present,Present,Present,Present,Present,Present,Present,Present,Present,Present,Present,Present,Present,Present,Present,*,Present,Present,Present,*,*,*,Present,Present,Present,**,Present,Present,****,Present,Present,Present,Present,Present,Present,Present,*,****,****,*,*,****,*,Present,Present,Present,Present,Present,Present,Present,Present,Present,Present,Present,Present,***,***,***,Present,Present,****,****,*
151,KHO (W.),Present,Present,Present,Present,Present,Present,Present,Present,Present,Present,Present,Present,Present,Present,Present,Present,Present,Present,Present,Present,Present,Present,Present,Present,Present,Present,Present,Present,Present,Present,Present,Present,Present,Present,Present,Present,Present,Present,Present,Present,Present,Present,Present,**,Present,Present,Present,Present,Present,Present,Present,Present,Present,Present,Present,Present,Present,Present,Present,Present,Present,Present,Present,Present,Present,Present,Present,Present,Present,Present,Present,Present,Not Listed,Present,Present,Present,Present,Present,***,Present,Present,Present,Present,***,***,***,***,***,**,**,Present,Present,Present,Present,Present,Present,Present,*,*,****,****,Present,Present,Present,****,***,***,Present,Present,***,Present,*,*,Present,Present,Present,Present,Present,Present,*,Present,Present,Present,Present,Present,Present,Present,Present,Present,****,*,Present,Present,Present,Present,*,Present,Present,***,***,Present,Present,Present,****,Present,Present,Present,Present,Present,Present,Present,*,****,*,*,*,****,*,Present,Present,Present,Present,Present,Present,Present,Present,Present,Present,Present,Present,***,***,***,Present,Present,***,***,Present
152,KHONGHUN,Present,Present,Present,Present,Present,Present,Present,Present,Present,Present,**,Present,Present,Present,Present,Present,Present,**,Present,Present,Present,Present,Present,Present,Present,Present,Present,Present,Present,Present,Present,Present,Present,Present,Present,Present,Present,Present,Present,Present,Present,Present,Present,Present,Present,Present,Present,Present,Present,Present,Present,Present,Present,Present,Present,Present,Present,Present,Present,Present,Present,Present,Present,Present,Present,Present,Present,Present,Present,Present,Present,Present,Not Listed,Present,Present,Present,Present,*,****,Present,Present,*,Present,Present,Present,Present,Present,****,****,****,Present,Present,Present,Present,Present,Present,Present,*,Present,Present,Present,Present,Present,Present,Present,Present,Present,*,Present,**,Present,Present,Present,Present,*,****,Present,****,***,Present,Present,Present,Present,****,Present,Present,Present,Present,Present,****,Present,Present,Present,Present,Present,*,Present,Present,Present,Present,Present,*,Present,Present,Present,Present,Present,Present,Present,Present,Present,Present,Present,Present,Present,**,Present,**,**,**,Present,Present,Present,Present,Present,Present,Present,**,Present,**,Present,Present,**,Present,Present,Present,Present,*
153,LABADLABAD,Present,Present,Present,Present,Present,Present,Present,Present,Present,Present,**,Present,Present,Present,Present,Present,Present,Present,Present,Present,Present,Present,**,Present,Present,Present,Present,Present,Present,Present,Present,Present,Present,Present,Present,Present,Present,Present,Present,Present,Present,Present,Present,Present,Present,Present,Present,Present,Present,Present,Present,Present,Present,Present,Present,Present,Present,Present,Present,Present,Present,Present,Present,Present,Present,Present,Present,Present,Present,Present,Present,Present,Not Listed,Present,Present,Present,****,Present,**,**,Present,*,Present,Present,*,Present,Present,Present,*,*,Present,Present,*,Present,*,Present,Present,Present,*,*,****,Present,****,****,*,*,**,****,*,Present,**,Present,Present,Present,*,****,*,**,**,*,**,*,****,Present,Present,*,Present,Present,*,Present,*,Present,*,Present,Present,****,**,**,****,****,**,Present,****,Present,*,****,*,*,Present,****,*,****,*,Present,Present,Present,Present,Present,Present,Present,****,*,Present,****,*,*,*,****,*,Present,**,**,**,Present,Present,****,****,Present
154,LACSON,Present,Present,Present,Present,Present,Present,Present,Present,Present,Present,Present,**,Present,**,**,Present,Present,Present,Present,Present,Present,Present,Present,Present,Present,Present,Present,Present,Present,Present,Present,Present,Present,Present,Present,Present,Present,Present,Present,Present,Present,Present,Present,Present,Present,Present,Present,Present,Present,Present,Present,Present,Present,Present,Present,Present,Present,Present,Present,Present,Present,Present,Present,Present,Present,Present,Present,Present,Present,Present,Present,Present,Not Listed,Present,Present,*,Present,****,Present,*,Present,*,Present,Present,Present,**,**,**,Present,*,*,Present,**,****,*,Present,Present,*,****,****,****,****,****,****,*,Present,Present,Present,Present,Present,Present,Present,Present,Present,Present,Present,Present,Present,Present,Present,Present,Present,Present,Present,Present,Present,Present,Present,Present,Present,*,Present,Present,Present,Present,Present,Present,Present,Present,Present,Present,Present,Present,***,***,*,*,Present,Present,Present,Present,Present,Present,Present,Present,*,*,Present,***,***,***,***,***,Present,Present,Present,Present,***,Present,Present,Present,Present,Present,Present,Present,Present,**,Present
155,LACSON-NOEL,Present,Present,Present,Present,Present,Present,Present,Present,Present,Present,Present,Present,Present,Present,Present,Present,Present,Present,Present,Present,Present,Present,Present,Present,Present,Present,Present,Present,Present,Present,Present,Present,Present,Present,Present,Present,Present,Present,Present,Present,Present,Present,Present,Present,Present,Present,Present,Present,Present,Present,Present,Present,Present,Present,Present,Present,Present,Present,Present,Present,Present,Present,Present,Present,Present,Present,Present,Present,Present,Present,Present,Present,Not Listed,Present,Present,Present,Present,Present,***,***,***,***,Present,**,**,*,Present,Present,Present,Present,Present,Present,Present,Present,Present,Present,Present,**,Present,Present,Present,Present,Present,Present,Present,Present,Present,Present,Present,Present,Present,Present,Present,Present,Present,Present,**,Present,Present,*,Present,Present,Present,Present,Present,Present,Present,Present,Present,Present,*,Present,Present,Present,Present,Present,Present,Present,Present,***,***,Present,Present,Present,Present,Present,Present,Present,Present,Present,Present,Present,Present,Present,*,*,*,Present,Present,Present,Present,Present,*,Present,Present,Present,Present,Present,Present,Present,Present,Present,Present,Present,Present,*,*,Present
156,LAGMAN,Present,Present,Present,Present,Present,Present,Present,**,Present,**,**,Present,Present,**,**,Present,Present,Present,Present,Present,Present,Present,Present,Present,Present,Present,Present,Present,Present,Present,Present,Present,Present,Present,Present,Present,Present,Present,Present,Present,Present,Present,Present,Present,Present,Present,Present,Present,Present,Present,Present,Present,Present,Present,Present,Present,Present,Present,Present,Present,Present,Present,Present,Present,Present,Present,Present,Present,Present,Present,Present,Present,Not Listed,Present,Present,Present,Present,Present,Present,Present,**,**,Present,****,**,**,**,Present,Present,**,**,**,Present,*,*,Present,Present,Present,Present,*,Present,Present,*,Present,Present,*,**,**,*,*,*,Present,*,Present,Present,Present,Present,Present,Present,Present,Present,Present,Present,**,*,Present,Present,Present,Present,Present,Present,Present,Present,Present,Present,Present,Present,Present,Present,Present,Present,Present,Present,**,**,**,**,****,**,**,**,**,**,**,**,**,**,**,**,**,**,**,**,**,**,**,**,**,**,**,**,**,**,**,Not Listed,Not Listed,Not Listed,Not Listed
157,LAGON (D.),Present,Present,Present,Present,Present,Present,Present,**,Present,Present,Present,**,**,**,**,Present,Present,Present,Present,Present,Present,Present,Present,**,Present,Present,Present,Present,**,Present,Present,Present,Present,Present,Present,Present,Present,Present,Present,Present,Present,Present,Present,**,Present,Present,Present,Present,Present,Present,Present,Present,Present,Present,Present,Present,Present,Present,Present,Present,Present,Present,Present,Present,Present,**,**,Present,Present,**,Present,Present,Not Listed,Present,Present,Present,Present,Present,Present,Present,Present,Present,Present,Present,*,Present,Present,Present,Present,Present,Present,Present,Present,Present,Present,Present,Present,Present,**,**,**,Present,Present,Present,Present,Present,Present,Present,Present,Present,Present,Present,Present,**,**,**,**,**,**,Present,Present,*,Present,Present,*,Present,Present,Present,***,***,***,***,****,Present,Present,Present,Present,Present,Present,Present,Present,Present,Present,Present,Present,Present,Present,Present,Present,Present,Present,Present,Present,Present,Present,**,Present,Present,***,***,Present,Present,Present,Present,Present,Present,Present,****,Present,Present,Present,Present,Present,Present,Present,***,***,*
158,LAGON (S.),Present,Present,Present,Present,Present,Present,Present,**,Present,Present,Present,**,**,**,**,Present,Present,**,Present,Present,Present,Present,Present,Present,Present,Present,Present,Present,Present,Present,Present,Present,Present,Present,Present,Present,Present,Present,Present,Present,Present,Present,Present,**,Present,Present,Present,Present,Present,Present,Present,Present,Present,Present,Present,Present,Present,Present,Present,Present,Present,Present,Present,Present,Present,**,Present,Present,Present,**,Present,Present,Present,Present,Present,Present,Present,Present,Present,Present,**,Present,Present,Present,*,Present,Present,Present,Present,Present,Present,Present,Present,Present,Present,Present,Present,Present,Present,Present,Present,Present,Present,Present,Present,Present,Present,Present,Present,Present,Present,Present,Present,Present,Present,Present,Present,Present,Present,*,Present,Present,Present,Present,Present,Present,Present,Present,Present,Present,***,***,****,Present,Present,Present,Present,Present,Present,Present,Present,Present,Present,Present,Present,Present,Present,Present,Present,Present,Present,Present,Present,Present,Present,**,Present,Present,Present,***,Present,Present,Present,Present,Present,Present,Present,****,Present,Present,Present,Present,Present,Present,Present,Present,Present,Present
159,LARA,Present,Present,Present,Present,Present,Present,Present,Present,Present,Present,**,Present,Present,Present,Present,Present,Present,Present,Present,Present,Present,Present,Present,Present,Present,Present,Present,Present,Present,Present,Present,Present,Present,Present,Present,Present,Present,Present,Present,Present,Present,Present,Present,**,Present,Present,Present,Present,Present,Present,Present,Present,Present,Present,Present,Present,Present,Present,Present,**,Present,Present,Present,Present,Present,Present,Present,Present,Present,Present,Present,Present,Present,Present,**,Present,Present,Present,*,Present,**,Present,Present,Present,****,Present,*,Present,Present,Present,Present,**,Present,Present,Present,Present,Present,Present,Present,*,Present,Present,Present,*,*,*,Present,*,*,*,**,*,Present,*,Present,*,Present,Present,Present,*,Present,Present,Present,****,Present,Present,**,**,Present,Present,*,*,Present,*,Present,Present,*,*,Present,**,Present,***,Present,**,*,Present,Present,Present,Present,****,Present,Present,Present,**,Present,**,***,*,Present,Present,Present,Present,Present,Present,*,Present,Present,**,Present,Present,Present,Present,Present,Present,Present,***,Present,***
160,LAZATIN,Present,Present,Present,Present,Present,Present,Present,Present,Present,**,Present,**,Present,**,**,Present,Present,Present,Present,Present,Present,Present,Present,**,Present,Present,Present,Present,Present,Present,Present,Present,Present,Present,**,Present,Present,Present,Present,Present,Present,Present,Present,Present,Present,Present,Present,Present,Present,Present,Present,Present,Present,Present,Present,Present,Present,Present,Present,Present,Present,Present,Present,Present,Present,Present,Present,Present,Present,Present,Present,Present,Present,Present,Present,Present,****,Present,****,Present,Present,Present,Present,Present,Present,Present,****,****,Present,Present,Present,Present,Present,Present,Present,Present,Present,Present,Present,Present,****,Present,Present,****,Present,Present,****,Present,Present,Present,Present,Present,*,Present,****,Present,Present,Present,Present,Present,*,Present,Present,Present,Present,****,Present,Present,Present,Present,Present,****,****,Present,****,Present,Present,Present,Present,Present,Present,Present,Present,Present,****,Present,****,****,*,*,*,****,Present,****,Present,Present,****,Present,*,Present,*,****,Present,Present,Present,*,Present,****,Present,****,****,****,****,****,*,Present,****,*
161,LEE,Present,Present,Present,Present,Present,Present,Present,Present,Present,Present,Present,Present,Present,**,Present,Present,Present,Present,Present,Present,Present,Present,Present,Present,Present,Present,Present,Present,Present,Present,Present,Present,Present,Present,Present,Present,Present,Present,Present,Present,Present,Present,Present,**,Present,Present,Present,Present,Present,Present,Present,Present,Present,Present,Present,Present,Present,Present,Present,Present,Present,Present,Present,Present,Present,Present,Present,Present,Present,Present,Present,Present,Present,Present,Present,****,****,****,****,****,Present,Present,Present,**,Present,*,Present,Present,*,****,Present,Present,*,Present,*,Present,Present,*,Present,Present,Present,**,Present,*,****,*,*,Present,*,Present,****,*,*,**,****,*,*,Present,Present,*,Present,*,Present,Present,****,****,Present,*,****,****,****,*,****,*,****,****,****,****,****,****,Present,*,*,**,****,****,*,****,****,****,**,****,****,****,****,*,*,****,****,****,****,**,****,****,*,****,*,****,****,*,****,****,**,****,****,****,**,Present
162,LEGARDA,Present,Present,Present,Present,Present,Present,Present,**,Present,Present,Present,**,Present,Present,Present,Present,Present,Present,Present,Present,**,Present,Present,Present,Present,Present,Present,Present,Present,Present,Present,Present,Present,Present,Present,Present,Present,Present,Present,Present,Present,Present,Present,Present,Present,Present,Present,Present,Present,Present,Present,Present,Present,Present,Present,Present,Present,**,Present,Present,Present,Present,Present,Present,Present,**,Present,Present,Present,Present,Present,Present,Present,Present,Present,Present,Present,Present,Present,Present,**,**,Present,Present,Present,Present,Present,Present,****,****,Present,Present,**,Present,*,Present,Present,*,Present,**,**,Present,Present,Present,Present,**,**,*,***,*,*,Present,Present,Present,*,**,Present,Present,Present,***,***,Present,****,****,Present,Present,Present,Present,Present,**,Present,**,Present,*,****,****,Present,*,Present,**,Present,Present,Present,****,****,****,*,**,**,*,****,****,****,****,Present,Present,Present,****,****,****,*,****,****,****,****,Present,*,Present,****,****,****,****,****,****,Present,****,*,***
163,LIBANAN,Present,Present,Present,Present,Present,Present,Present,Present,Present,Present,**,Present,Present,Present,Present,Present,Present,Present,Present,Present,Present,Present,Present,Present,Present,Present,Present,Present,Present,Present,Present,Present,Present,Present,Present,Present,Present,Present,Present,Present,Present,Present,Present,Present,Present,Present,Present,Present,Present,Present,Present,Present,Present,Present,Present,Present,Present,Present,**,Present,Present,Present,Present,Present,Present,Present,Present,Present,Present,Present,Present,**,Present,Present,Present,Present,*,*,****,*,**,****,Present,****,****,****,****,*,*,****,*,****,*,****,Present,Present,Present,Present,Present,*,****,**,Present,**,*,****,****,*,*,**,*,*,*,*,****,*,Present,***,***,Present,*,****,****,****,****,****,Present,****,Present,Present,**,**,*,*,*,****,****,****,****,****,*,****,****,****,*,****,Present,****,****,****,Present,****,*,****,*,**,Present,*,*,*,*,***,*,****,****,*,*,*,*,Present,****,****,Present,**,**,Present,*,*
164,LIMKAICHONG,Present,Present,Present,Present,Present,Present,Present,**,Present,Present,**,Present,Present,**,**,Present,Present,Present,Present,Present,Present,Present,**,Present,Present,Present,Present,Present,Present,Present,Present,Present,Present,Present,Present,Present,Present,Present,Present,Present,Present,Present,Present,Present,Present,Present,Present,Present,Present,Present,Present,Present,Present,Present,Present,Present,Present,Present,Present,Present,Present,Present,Present,Present,Present,Present,Present,Present,Present,Present,Present,Present,Present,Present,Present,***,Present,Present,Present,Present,***,Present,Present,**,****,Present,Present,*,*,Present,Present,*,*,**,Present,Present,Present,Present,Present,***,***,Present,***,****,**,**,**,*,***,Present,*,*,Present,Present,*,***,***,***,***,***,*,***,***,*,Present,Present,Present,Present,Present,Present,*,Present,*,*,***,***,Present,Present,***,***,*,Present,Present,**,Present,**,Present,****,Present,*,**,****,Present,Present,Present,Present,**,**,****,*,**,*,Present,Present,Present,*,Present,**,Present,***,****,****,****,Present,Present,*,*,***
165,LOYOLA,Present,Present,Present,Present,Present,Present,Present,Present,Present,Present,**,**,Present,**,Present,Present,Present,Present,Present,Present,Present,Present,Present,**,Present,Present,Present,Present,Present,Present,Present,Present,Present,Present,**,Present,Present,Present,Present,Present,Present,Present,Present,Present,Present,Present,Present,Present,Present,Present,Present,Present,Present,Present,Present,Present,Present,Present,**,Present,Present,Present,Present,Present,Present,Present,Present,Present,Present,Present,Present,Present,**,Present,Present,****,****,****,****,Present,*,Present,Present,****,Present,Present,Present,Present,Present,Present,Present,Present,Present,Present,Present,Present,Present,Present,**,Present,Present,Present,Present,Present,Present,Present,Present,Present,Present,Present,Present,Present,Present,Present,Present,Present,Present,Present,Present,Present,**,*,Present,Present,Present,Present,***,*,Present,**,*,**,**,Present,***,***,Present,Present,Present,Present,Present,****,Present,Present,Present,**,Present,Present,Present,*,Present,Present,**,*,*,**,*,Present,Present,Present,Present,Present,Present,Present,Present,Present,Present,**,Present,Present,Present,****,*,***,Present,Present,**,Present
166,LUISTRO,Present,Present,Present,Present,Present,Present,**,Present,Present,**,Present,**,**,**,**,Present,Present,**,**,Present,Present,Present,Present,**,Present,Present,**,Present,Present,Present,**,**,**,Present,Present,Present,Present,Present,Present,Present,Present,Present,Present,Present,Present,Present,Present,Present,Present,Present,Present,Present,Present,Present,Present,Present,Present,Present,**,Present,Present,Present,Present,Present,Present,Present,Present,Present,Present,Present,Present,Present,Present,Present,Present,Present,Present,Present,Present,Present,*,*,Present,Present,Present,Present,**,Present,Present,Present,**,Present,Present,Present,*,Present,Present,Present,**,**,**,Present,Present,Present,Present,**,**,Present,*,**,*,Present,*,**,**,**,**,**,**,Present,*,Present,***,***,*,Present,Present,Present,**,**,**,Present,Present,*,Present,*,Present,Present,Present,Present,*,*,**,Present,Present,Present,Present,*,*,**,**,*,Present,****,Present,**,Present,**,Present,**,*,Present,Present,Present,Present,Present,*,**,Present,**,*,Present,Present,*,**,*,Present,*
167,LUMAYAG,Present,Present,Present,Present,Present,Present,Present,Present,Present,Present,Present,**,Present,Present,Present,Present,Present,Present,Present,Present,Present,Present,Present,Present,Present,Present,Present,Present,Present,Present,Present,Present,Present,Present,Present,Present,Present,Present,Present,Present,Present,Present,Present,Present,Present,Present,Present,Present,Present,Present,Present,Present,Present,Present,Present,Present,Present,Present,Present,Present,Present,Present,Present,Present,Present,Present,Present,Present,Present,Present,Present,Present,Present,Present,Present,****,Present,Present,Present,Present,Present,Present,Present,Present,****,*,Present,Present,Present,Present,Present,Present,Present,Present,Present,Present,Present,Present,Present,Present,Present,Present,Present,Present,Present,Present,**,Present,Present,Present,Present,Present,*,Present,Present,Present,Present,Present,Present,*,Present,Present,Present,Present,Present,Present,Present,Present,****,Present,Present,Present,Present,Present,Present,Present,Present,Present,****,*,Present,Present,****,Present,Present,Present,Present,Present,Present,Present,*,Present,Present,Present,Present,Present,Present,Present,Present,***,Present,Present,*,Present,*,Present,***,****,Present,*,Present,Present,Present,Present,*,Present,*,Present
168,MACAPAGAL-ARROYO,Present,Present,Present,Present,Present,Present,Present,Present,Present,Present,Present,Present,Present,Present,Present,Present,Present,Present,Present,Present,Present,Present,**,**,Present,Present,Present,Present,Present,Present,Present,Present,Present,Present,Present,Present,Present,Present,Present,Present,Present,Present,Present,Present,Present,Present,Present,Present,Present,Present,Present,Present,Present,Present,Present,Present,Present,Present,Present,Present,Present,Present,Present,Present,Present,Present,Present,Present,Present,Present,Present,Present,Present,Present,Present,****,Present,Present,Present,Present,Present,Present,Present,Present,**,**,**,Present,**,Present,Present,Present,**,Present,Present,**,**,**,**,**,**,Present,Present,Present,Present,Present,Present,Present,Present,Present,Present,Present,Present,****,****,Present,**,Present,**,Present,Present,**,Present,Present,Present,Present,Present,Present,Present,Present,Present,Present,*,Present,Present,Present,Present,Present,Present,Present,Present,Present,Present,Present,Present,**,Present,Present,Present,**,**,Present,Present,Present,Present,**,Present,Present,Present,Present,Present,Present,Present,Present,Present,Present,Present,Present,Present,Present,Present,Present,Present,Present,Present,Present,Present,Present
169,MACEDA,Present,Present,Present,Present,Present,Present,Present,**,Present,**,Present,**,**,**,**,Present,Present,Present,Present,**,Present,Present,Present,Present,Present,Present,Present,Present,Present,Present,Present,Present,Present,Present,**,Present,Present,Present,Present,Present,Present,Present,Present,Present,Present,Present,Present,Present,Present,Present,Present,Present,Present,**,Present,Present,Present,Present,Present,**,Present,Present,Present,Present,Present,**,**,Present,Present,**,Present,Present,Present,Present,Present,Present,*,*,*,Present,*,*,Present,*,*,*,*,*,*,Present,*,Present,Present,*,*,Present,Present,*,Present,*,*,Present,*,*,*,*,Present,*,*,*,*,Present,*,*,*,Present,*,*,Present,*,*,Present,*,*,*,*,Present,Present,Present,Present,*,*,*,*,*,*,Present,*,*,*,*,**,Present,*,Present,*,Present,Present,Present,**,Present,Present,Present,Present,*,**,*,*,**,*,*,*,Present,Present,Present,Present,*,Present,Present,*,Present,*,Present,Present,Present,Present,Present,Present
170,MADRONA,Present,Present,Present,Present,Present,Present,Present,Present,Present,Present,Present,Present,Present,Present,Present,Present,Present,Present,Present,**,Present,Present,Present,**,Present,Present,Present,Present,**,Present,Present,Present,Present,Present,Present,Present,Present,Present,Present,Present,Present,Present,Present,**,Present,Present,Present,Present,Present,Present,Present,Present,Present,Present,Present,Present,Present,Present,Present,Present,Present,Present,Present,Present,Present,Present,**,Present,Present,Present,Present,Present,Present,Present,Present,Present,Present,Present,Present,Present,Present,Present,Present,**,Present,**,*,Present,Present,Present,Present,Present,Present,Present,Present,Present,Present,Present,*,Present,Present,Present,Present,*,Present,**,**,*,Present,**,**,**,**,*,*,****,Present,Present,Present,**,**,Present,**,Present,**,Present,**,**,Present,Present,Present,Present,**,Present,****,****,**,*,Present,Present,Present,Present,Present,Present,Present,Present,Present,Present,*,Present,Present,Present,Present,Present,Present,Present,**,**,**,****,*,***,****,Present,Present,Present,Present,***,Present,Present,Present,Present,Present,Present,Present,***,Present,Present
171,MAGSINO,Present,Present,Present,Present,Present,Present,Present,Present,Present,**,Present,Present,Present,**,**,Present,Present,Present,Present,Present,Present,Present,**,**,Present,Present,Present,Present,**,Present,**,Present,Present,Present,Present,Present,Present,Present,Present,Present,Present,Present,Present,**,Present,Present,Present,Present,Present,Present,Present,Present,Present,Present,Present,Present,Present,Present,Present,**,Present,Present,Present,Present,Present,Present,Present,Present,Present,Present,Present,Present,Present,Present,Present,Present,Present,Present,**,**,Present,Present,Present,****,**,Present,****,****,Present,****,Present,**,****,****,Present,Present,Present,Present,*,*,****,**,**,**,*,****,Present,*,Present,*,*,Present,Present,Present,****,Present,****,Present,Present,****,*,Present,**,****,Present,Present,Present,Present,Present,****,**,**,**,*,*,*,***,*,Present,Present,*,***,***,Present,*,Present,****,**,*,Present,**,**,****,****,Present,**,**,**,*,*,*,****,*,Present,*,***,Present,****,Present,Present,*,*,*,Present,Present,Present,Present,*
172,MALAPITAN,Present,Present,Present,Present,Present,Present,Present,Present,Present,Present,Present,Present,**,Present,Present,**,Present,**,Present,**,Present,Present,Present,Present,Present,Present,Present,Present,Present,Present,Present,Present,Present,**,**,Present,Present,Present,Present,Present,Present,**,Present,Present,Present,Present,Present,Present,Present,Present,Present,Present,Present,Present,Present,Present,Present,Present,Present,Present,Present,Present,Present,Present,Present,Present,Present,Present,**,**,Present,Present,Present,Present,Present,Present,Present,Present,*,Present,Present,Present,Present,****,Present,Present,**,Present,Present,Present,Present,****,**,Present,*,Present,**,Present,Present,Present,****,Present,Present,****,Present,*,Present,*,Present,**,****,Present,*,Present,Present,Present,*,Present,Present,*,*,Present,****,Present,Present,****,Present,Present,*,Present,****,Present,**,Present,Present,Present,*,*,**,**,**,Present,****,****,****,Present,Present,*,Present,Present,Present,Present,*,****,*,Present,Present,****,***,Present,Present,****,Present,Present,Present,*,*,Present,Present,Present,****,Present,Present,Present,Present,Present,Present,Present
173,MANGAOANG,Present,Present,Present,Present,Present,Present,Present,Present,Present,**,Present,**,**,**,**,Present,Present,Present,Present,Present,**,Present,Present,Present,Present,Present,Present,Present,Present,Present,Present,Present,Present,Present,Present,Present,Present,Present,Present,Present,Present,Present,Present,Present,Present,Present,Present,Present,Present,Present,**,Present,Present,Present,Present,Present,Present,Present,Present,Present,Present,Present,Present,Present,Present,Present,Present,Present,Present,Present,Present,Present,Present,Present,Present,Present,Present,*,*,Present,****,*,Present,Present,Present,*,Present,Present,*,Present,Present,Present,Present,Present,Present,Present,Present,Present,Present,Present,*,Present,Present,Present,Present,*,*,Present,Present,Present,Present,*,Present,Present,Present,Present,Present,Present,Present,Present,Present,****,****,**,Present,Present,Present,Present,Present,Present,Present,Present,*,Present,*,Present,Present,Present,Present,Present,**,Present,Present,Present,*,Present,Present,Present,Present,Present,Present,Present,Present,Present,Present,Present,****,Present,Present,Present,*,Present,Present,Present,Present,Present,Present,Present,Present,Present,Present,Present,Present,Present,Present,Present,Present,Present
174,MANIQUIZ,Present,Present,Present,Present,Present,Present,Present,Present,Present,Present,**,Present,Present,**,**,Present,Present,Present,Present,Present,Present,Present,Present,Present,Present,Present,Present,Present,Present,Present,Present,Present,Present,Present,Present,Present,Present,Present,Present,Present,Present,Present,Present,Present,Present,Present,Present,Present,Present,Present,Present,Present,Present,Present,Present,Present,Present,Present,Present,Present,Present,Present,Present,Present,Present,Present,Present,Present,Present,Present,Present,Present,Present,Present,Present,**,Present,Present,*,Present,Present,Present,Present,Present,Present,Present,Present,Present,Present,Present,Present,Present,Present,Present,Present,Present,Present,Present,Present,**,Present,Present,Present,Present,Present,Present,Present,Present,Present,Present,Present,Present,Present,**,**,**,*,Present,***,Present,Present,Present,Present,Present,Present,Present,Present,Present,Present,Present,Present,Present,Present,Present,Present,Present,Present,Present,***,Present,Present,Present,Present,Present,Present,Present,Present,Present,Present,Present,Present,Present,Present,Present,Present,**,***,***,Present,Present,*,Present,Present,Present,Present,Present,Present,Present,Present,Present,Present,Present,Present,***,Present,Present,***,Present
175,MANUEL,Present,Present,Present,Present,Present,Present,Present,Present,Present,Present,**,Present,**,Present,Present,Present,Present,Present,Present,Present,**,Present,Present,Present,Present,Present,Present,Present,Present,Present,Present,Present,Present,Present,Present,Present,Present,Present,Present,**,Present,Present,Present,Present,Present,Present,Present,Present,Present,Present,Present,Present,Present,Present,Present,Present,Present,Present,Present,Present,Present,Present,Present,Present,Present,Present,Present,Present,Present,Present,Present,Present,Present,Present,Present,Present,Present,Present,Present,*,*,Present,Present,Present,**,Present,Present,**,*,Present,Present,Present,*,Present,Present,Present,Present,Present,*,*,Present,Present,Present,Present,*,Present,**,Present,**,**,**,Present,Present,Present,*,**,Present,****,Present,Present,Present,Present,**,*,*,*,Present,Present,Present,Present,Present,**,Present,Present,*,*,Present,*,Present,*,**,Present,Present,**,Present,**,Present,Present,**,**,**,Present,Present,*,Present,Present,Present,Present,Present,**,Present,Present,*,Present,Present,Present,Present,**,Present,Present,**,**,**,Present,Present,Present,Present,**
176,MARAÑON,Present,Present,Present,Present,Present,Present,**,Present,Present,Present,Present,Present,Present,Present,Present,Present,Present,Present,Present,Present,**,Present,Present,Present,Present,Present,Present,Present,Present,Present,Present,Present,Present,Present,Present,Present,Present,Present,Present,Present,Present,Present,Present,Present,Present,Present,Present,Present,Present,Present,**,Present,Present,Present,Present,Present,Present,Present,Present,Present,Present,Present,Present,Present,Present,Present,Present,Present,Present,Present,Present,Present,Present,Present,Present,Present,***,Present,Present,*,*,Present,Present,Present,Present,**,Present,*,**,Present,Present,**,**,Present,*,Present,Present,*,Present,Present,**,Present,*,Present,Present,Present,Present,Present,**,**,Present,Present,Present,*,Present,**,Present,Present,**,Present,*,Present,Present,**,Present,Present,Present,Present,Present,Present,Present,****,Present,**,Present,Present,Present,Present,****,Present,*,**,*,**,*,**,**,Present,Present,*,Present,*,Present,Present,Present,**,**,****,Present,**,Present,Present,Present,Present,Present,Present,Present,****,Present,Present,Present,*,*,Present,Present,Present,Present,Present
177,MARCOLETA,Present,Present,Present,Present,Present,Present,**,**,Present,Present,**,Present,**,**,Present,**,**,**,Present,Present,**,Present,Present,Present,Present,Present,Present,Present,Present,Present,Present,Present,Present,Present,Present,Present,Present,Present,Present,Present,Present,Present,Present,Present,Present,Present,Present,Present,Present,Present,Present,Present,Present,Present,Present,Present,Present,Present,Present,Present,Present,Present,Present,Present,Present,Present,Present,Present,Present,**,Present,Present,**,Present,**,Present,****,Present,Present,Present,****,****,Present,Present,*,Present,Present,Present,Present,Present,Present,Present,Present,Present,Present,Present,Present,Present,Present,Present,Present,Present,Present,Present,**,**,**,Present,Present,**,Present,Present,Present,Present,Present,Present,****,****,Present,**,**,**,**,**,Present,Present,**,**,****,****,*,Present,Present,****,Present,*,Present,Present,**,Present,*,****,Present,****,Present,**,Present,**,Present,*,**,Present,**,*,Present,Present,****,****,****,****,*,**,****,****,****,****,****,****,***,**,*,****,****,**,**,****,****,*
178,MARCOS,Present,Present,Present,Present,Present,Present,Present,Present,Present,Present,**,**,**,Present,Present,Present,**,**,Present,Present,Present,Present,Present,Present,Present,Present,Present,Present,Present,Present,Present,Present,Present,Present,Present,Present,Present,Present,Present,Present,Present,Present,Present,Present,Present,Present,Present,Present,Present,Present,Present,Present,Present,Present,Present,Present,Present,Present,Present,Present,Present,Present,Present,Present,Present,Present,Present,Present,Present,Present,Present,Present,Present,Present,Present,Present,Present,Present,Present,Present,**,Present,Present,Present,Present,Present,Present,**,**,**,Present,Present,**,Present,Present,Present,Present,Present,Present,Present,Present,Present,Present,Present,Present,Present,Present,Present,Present,Present,Present,Present,Present,Present,Present,Present,Present,Present,Present,Present,Present,Present,Present,Present,Present,Present,**,Present,Present,Present,Present,Present,Present,Present,Present,Present,Present,Present,Present,Present,Present,Present,Present,Present,Present,Present,Present,Present,Present,Present,Present,Present,**,Present,Present,**,Present,Present,Present,Present,Present,Present,Present,Present,Present,Present,Present,Present,Present,Present,**,**,Present,Present,Present,Present,Present,Present
179,MARIANO-HERNANDEZ,Present,Present,Present,Present,Present,Present,Present,Present,Present,**,Present,**,Present,**,Present,Present,Present,Present,Present,**,Present,Present,**,**,Present,Present,Present,Present,Present,Present,**,Present,Present,Present,Present,Present,Present,Present,Present,Present,Present,Present,Present,Present,Present,Present,Present,Present,Present,Present,Present,Present,Present,Present,Present,Present,Present,Present,**,Present,Present,Present,Present,Present,Present,Present,Present,Present,Present,Present,Present,Present,Present,Present,Present,*,*,*,*,Present,Present,*,Present,*,*,*,*,**,**,**,**,**,**,Present,*,Present,**,**,*,Present,**,Present,**,*,**,Present,*,***,Present,Present,*,*,*,*,*,**,Present,*,Present,Present,*,****,Present,****,*,**,Present,Present,**,***,**,**,**,*,***,***,Present,****,****,*,*,****,*,*,**,**,****,****,*,***,Present,****,Present,**,Present,**,***,***,Present,**,Present,**,**,Present,**,Present,**,**,*,****,*,****,****,Present,*,Present,*,*
180,MARIÑO,Present,Present,Present,Present,Present,Present,Present,**,Present,Present,Present,Present,Present,**,**,Present,**,**,Present,Present,Present,Present,Present,Present,Present,Present,Present,Present,Present,Present,Present,Present,Present,Present,Present,Present,Present,Present,Present,Present,Present,Present,Present,Present,Present,Present,Present,Present,Present,Present,Present,Present,Present,Present,Present,Present,Present,Present,**,Present,Present,Present,Present,Present,Present,Present,Present,Present,Present,Present,Present,Present,Present,Present,Present,Present,Present,Present,**,**,Present,Present,Present,*,****,*,*,Present,Present,Present,*,Present,*,**,**,Present,Present,*,*,*,*,Present,Present,Present,Present,Present,Present,Present,*,****,*,****,Present,Present,Present,*,****,Present,Present,Present,*,Present,**,*,Present,****,**,Present,*,Present,Present,Present,****,*,*,****,*,*,**,**,*,****,****,*,****,**,****,*,Present,****,**,***,**,****,Present,*,Present,****,****,*,****,***,**,****,**,**,*,**,****,****,****,****,****,****,*,Present,**,*
181,MARQUEZ,Present,Present,Present,Present,Present,Present,Present,Present,Present,Present,Present,Present,Present,Present,Present,Present,Present,Present,Present,Present,**,Present,Present,Present,Present,Present,Present,Present,Present,Present,**,Present,Present,Present,Present,Present,Present,Present,Present,Present,Present,Present,Present,Present,Present,Present,Present,Present,Present,Present,Present,Present,Present,Present,Present,Present,Present,Present,Present,Present,Present,Present,Present,Present,Present,Present,Present,Present,Present,Present,Present,Present,Present,Present,Present,Present,Present,Present,Present,Present,**,**,Present,***,Present,Present,Present,Present,Present,Present,*,Present,**,Present,*,Present,Present,Present,Present,Present,Present,Present,Present,**,Present,*,**,Present,Present,Present,**,Present,Present,*,*,*,Present,Present,Present,Present,**,Present,**,Present,Present,Present,Present,Present,Present,Present,Present,Present,****,*,Present,****,Present,Present,*,*,Present,Present,Present,Present,Present,*,Present,Present,Present,Present,**,Present,Present,****,Present,Present,*,****,Present,****,Present,Present,Present,Present,*,Present,Present,****,Present,****,Present,Present,*,Present,Present,Present,Present,*
182,MARTINEZ,Present,Present,Present,Present,Present,Present,Present,Present,Present,Present,Present,Present,Present,Present,Present,Present,Present,Present,Present,Present,Present,Present,Present,Present,Present,Present,Present,Present,Present,Present,Present,Present,Present,Present,Present,Present,Present,Present,Present,Present,Present,Present,Present,Present,Present,Present,Present,Present,Present,Present,Present,Present,Present,Present,Present,Present,Present,Present,Present,Present,Present,Present,Present,Present,Present,Present,**,Present,Present,Present,Present,Present,Present,Present,Present,Present,****,*,Present,****,****,*,Present,****,****,*,****,**,****,****,****,****,****,*,*,Present,Present,*,****,****,****,****,****,*,*,****,****,*,****,****,*,****,****,****,****,*,****,****,Present,Present,****,****,****,Present,*,****,Present,*,****,*,**,**,***,**,****,****,*,****,****,Present,*,Present,**,****,****,Present,****,**,Present,*,****,****,****,****,*,*,****,****,Present,****,*,****,****,****,*,****,****,****,****,****,****,****,****,****,****,***,***,*
183,MASTURA,Present,Present,Present,Present,Present,Present,Present,Present,Present,**,Present,**,**,**,**,Present,**,Present,Present,Present,Present,**,Present,**,Present,Present,**,Present,Present,Present,Present,Present,Present,Present,Present,Present,Present,Present,Present,Present,Present,Present,Present,Present,Present,Present,Present,Present,Present,Present,Present,Present,Present,Present,Present,Present,Present,Present,Present,Present,Present,Present,Present,Present,Present,Present,Present,Present,Present,Present,Present,Present,Present,Present,Present,Present,*,*,*,*,Present,*,Present,****,*,*,****,Present,Present,**,**,**,****,*,*,Present,Present,Present,*,*,****,Present,*,*,*,Present,*,Present,*,*,Present,*,*,Present,Present,****,*,Present,****,*,*,Present,*,*,****,*,Present,Present,Present,Present,***,***,***,*,****,Present,Present,*,****,Present,*,****,****,Present,****,****,*,****,*,*,*,****,Present,*,*,*,Present,Present,****,*,****,****,****,****,Present,*,Present,****,Present,*,*,****,****,Present,*,Present,****,*
184,MATIBAG,Present,Present,Present,Present,Present,Present,Present,**,Present,**,Present,**,Present,**,**,Present,**,**,Present,Present,Present,**,**,Present,Present,Present,Present,Present,Present,Present,Present,Present,Present,Present,Present,Present,Present,Present,Present,Present,Present,Present,Present,Present,Present,Present,Present,Present,Present,Present,**,Present,Present,Present,Present,Present,Present,Present,**,Present,Present,Present,Present,Present,Present,**,Present,Present,Present,Present,Present,Present,Present,Present,Present,Present,Present,Present,*,Present,*,Present,Present,Present,****,***,Present,Present,Present,**,**,**,***,*,*,Present,Present,*,Present,Present,*,Present,Present,***,Present,Present,*,Present,***,*,*,*,*,Present,*,*,Present,*,Present,Present,****,Present,**,*,Present,Present,Present,Present,*,*,**,**,**,**,*,Present,*,*,**,Present,Present,****,****,***,***,***,*,****,*,**,*,****,Present,*,*,**,*,*,Present,Present,*,Present,*,Present,Present,*,Present,*,*,*,***,****,Present,Present,*,Present,Present,Present
185,MATUGAS,Present,Present,Present,Present,Present,Present,Present,**,Present,Present,Present,Present,Present,Present,Present,Present,Present,Present,Present,Present,Present,Present,Present,Present,Present,Present,**,Present,Present,Present,Present,Present,Present,Present,Present,Present,Present,Present,Present,Present,Present,Present,Present,Present,Present,Present,Present,Present,Present,Present,Present,Present,Present,Present,Present,Present,Present,Present,Present,Present,Present,Present,Present,Present,Present,Present,Present,Present,Present,Present,Present,Present,Present,Present,Present,Present,****,****,Present,Present,Present,****,Present,Present,****,****,****,****,****,****,**,**,Present,****,*,Present,Present,Present,****,Present,Present,****,****,****,Present,Present,****,Present,Present,**,****,Present,*,Present,****,****,****,Present,Present,Present,****,Present,**,Present,Present,Present,Present,Present,Present,Present,****,****,****,Present,Present,Present,*,Present,****,Present,*,****,**,****,Present,****,*,****,Present,*,**,Present,*,*,Present,*,****,Present,***,***,Present,Present,Present,Present,Present,Present,Present,**,Present,**,****,**,****,****,*,****,Present,*
186,MENDOZA,Present,Present,Present,Present,Present,Present,Present,Present,Present,Present,Present,Present,Present,Present,Present,Present,Present,Present,Present,Present,Present,Present,Present,Present,Present,Present,Present,Present,Present,Present,Present,Present,Present,Present,Present,Present,Present,Present,Present,Present,Present,Present,Present,Present,Present,Present,Present,Present,Present,Present,Present,Present,Present,Present,Present,Present,Present,Present,Present,Present,Present,Present,Present,Present,Present,Present,Present,Present,Present,Present,Present,Present,Present,Present,Present,****,****,*,**,**,*,**,Present,**,Present,**,**,**,*,**,**,Present,Present,*,*,Present,Present,Present,**,**,**,Present,**,*,**,**,**,****,Present,Present,***,Present,*,Present,*,****,*,*,Present,*,Present,****,****,****,*,Present,Present,*,****,Present,****,*,*,Present,Present,*,****,*,****,****,*,**,**,**,****,****,Present,*,Present,*,****,**,Present,*,Present,**,****,*,Present,Present,*,Present,****,**,**,****,*,****,Present,Present,**,**,**,*,Present,Present,Present,Present
187,MERCADO,Present,Present,Present,Present,Present,Present,Present,Present,Present,Present,Present,Present,Present,Present,Present,Present,Present,Present,Present,Present,Present,Present,Present,Present,Present,Present,Present,Present,Present,Present,Present,Present,Present,Present,Present,Present,Present,Present,Present,Present,Present,Present,Present,Present,Present,Present,Present,Present,Present,Present,Present,Present,Present,Present,Present,Present,Present,Present,Present,Present,Present,Present,Present,Present,Present,Present,Present,Present,Present,Present,Present,Present,Present,Present,Present,Present,Present,***,Present,Present,Present,***,Present,Present,***,*,Present,Present,Present,***,Present,Present,Present,Present,*,Present,Present,Present,Present,****,****,Present,*,**,***,Present,****,*,****,Present,Present,Present,Present,Present,Present,Present,***,***,***,Present,*,***,***,***,Present,Present,Present,Present,Present,****,Present,*,****,Present,Present,*,Present,Present,***,***,Present,Present,****,****,Present,*,****,****,*,****,*,Present,****,Present,*,**,Present,Present,Present,****,***,Present,***,***,*,Present,*,***,***,***,***,****,****,****,Present,Present,Present,Present
188,MERCADO-REVILLA,Present,Present,Present,Present,Present,Present,Present,Present,Present,Present,Present,Present,**,Present,Present,**,Present,**,Present,Present,Present,Present,Present,Present,Present,Present,Present,Present,Present,Present,Present,Present,Present,**,**,Present,Present,Present,Present,Present,Present,**,Present,Present,Present,Present,Present,Present,Present,Present,Present,Present,Present,Present,Present,Present,Present,Present,Present,Present,Present,Present,Present,Present,Present,Present,Present,Present,**,**,Present,Present,**,Present,Present,Present,****,*,Present,Present,Present,****,Present,Present,Present,Present,**,Present,Present,Present,Present,*,**,Present,*,Present,**,*,Present,Present,Present,Present,Present,Present,Present,****,Present,Present,Present,**,Present,Present,Present,Present,Present,***,***,***,***,***,***,Present,*,****,*,Present,Present,Present,Present,**,****,**,Present,Present,Present,****,Present,Present,Present,**,Present,**,****,**,****,**,Present,**,**,Present,Present,Present,****,**,Present,**,Present,*,Present,Present,Present,**,Present,Present,*,**,**,**,Present,Present,*,**,Present,Present,Present,Present,**,Present
189,MIGUEL,Present,Present,Present,Present,Present,Present,Present,Present,Present,**,Present,**,Present,Present,Present,Present,Present,Present,Present,Present,Present,Present,Present,Present,Present,Present,Present,Present,Present,Present,Present,Present,Present,Present,Present,Present,Present,Present,Present,Present,Present,Present,Present,Present,Present,Present,Present,Present,Present,Present,Present,Present,Present,Present,Present,Present,Present,**,**,Present,Present,Present,Present,Present,Present,Present,Present,Present,Present,Present,Present,Present,Present,Present,Present,**,**,**,**,**,**,Present,Present,Present,Present,Present,Present,**,Present,**,*,Present,*,Present,*,Present,Present,Present,*,*,Present,Present,*,*,*,Present,Present,*,*,*,*,*,Present,*,*,**,*,****,Present,Present,*,****,Present,Present,*,Present,Present,Present,Present,*,Present,*,*,*,*,*,*,Present,*,*,Present,*,*,*,Present,Present,Present,*,Present,*,**,Present,*,Present,*,*,***,***,*,**,*,*,Present,Present,*,*,*,****,Present,*,*,*,Present,Present,*,*,*,**
190,MOMO,Present,Present,Present,Present,Present,Present,Present,Present,Present,Present,**,Present,Present,Present,Present,Present,Present,Present,Present,Present,**,Present,Present,Present,Present,Present,Present,Present,Present,Present,**,Present,Present,Present,Present,Present,Present,Present,Present,Present,Present,Present,Present,Present,Present,Present,Present,Present,Present,Present,Present,Present,Present,Present,Present,Present,Present,Present,**,**,Present,Present,Present,Present,Present,Present,Present,Present,Present,Present,Present,Present,Present,Present,Present,Present,Present,Present,****,****,Present,*,Present,**,**,*,**,*,Present,**,****,**,Present,Present,**,Present,Present,Present,*,*,Present,**,**,**,*,*,**,*,Present,*,***,Present,Present,Present,*,*,Present,Present,Present,*,***,Present,Present,Present,Present,Present,Present,Present,Present,Present,*,Present,Present,Present,*,Present,*,Present,Present,***,*,Present,*,****,****,****,Present,**,**,*,****,****,Present,*,Present,**,**,**,*,*,Present,****,*,****,Present,Present,*,Present,Present,*,Present,Present,Present,****,Present,Present,Present,Present
191,MORDEN,Present,Present,Present,Present,Present,Present,Present,Present,Present,Present,Present,Present,Present,Present,Present,Present,Present,Present,Present,Present,Present,Present,Present,Present,Present,Present,Present,Present,Present,Present,Present,Present,Present,Present,Present,Present,Present,Present,Present,Present,Present,Present,Present,Present,Present,Present,Present,Present,Present,Present,Present,Present,Present,Present,Present,Present,Present,Present,Present,Present,Present,Present,Present,Present,Present,Present,Present,Present,Present,Present,Present,Present,Present,Present,Present,Present,****,Present,Present,Present,Present,Present,Present,Present,Present,Present,Present,*,Present,Present,Present,Present,Present,Present,Present,Present,Present,Present,Present,Present,Present,Present,Present,Present,Present,Present,Present,Present,Present,Present,Present,Present,Present,Present,Present,Present,Present,****,Present,Present,*,Present,Present,Present,Present,Present,Present,Present,Present,Present,Present,Present,Present,Present,Present,Present,Present,Present,Present,Present,Present,Present,Present,Present,Present,Present,Present,Present,Present,Present,*,Present,Present,Present,*,**,**,Present,Present,Present,Present,Present,Present,Present,Present,Present,Present,Present,Present,Present,Present,Present,Present,Present,Present,****,****,****
192,NAVA,Present,Present,Present,Present,Present,Present,Present,Present,Present,Present,Present,**,**,**,Present,Present,Present,**,Present,Present,**,Present,**,Present,Present,Present,Present,Present,Present,Present,Present,Present,Present,Present,Present,Present,Present,Present,Present,Present,Present,Present,Present,Present,Present,Present,Present,Present,Present,Present,Present,Present,Present,Present,Present,Present,Present,Present,Present,Present,Present,Present,Present,Present,Present,Present,Present,Present,Present,Present,Present,Present,Present,Present,Present,*,Present,*,*,*,Present,Present,Present,**,**,**,Present,*,Present,**,**,Present,Present,**,Present,Present,Present,Present,Present,**,**,Present,Present,**,**,**,*,*,*,Present,**,Present,Present,**,Present,*,Present,Present,Present,*,*,Present,Present,Present,Present,Present,Present,Present,Present,*,*,Present,Present,**,*,Present,Present,**,Present,Present,**,Present,Present,Present,Present,Present,Present,Present,Present,Present,Present,Present,Present,Present,*,**,Present,Present,Present,Present,Present,Present,*,Present,Present,Present,Present,Present,Present,Present,Present,Present,Present,Present,Present,*,Present,**
193,NISAY,Present,Present,Present,Present,Present,Present,Present,Present,Present,Present,Present,Present,Present,Present,Present,Present,Present,Present,Present,Present,Present,Present,Present,Present,Present,Present,Present,Present,Present,Present,Present,Present,Present,Present,Present,Present,Present,Present,Present,Present,Present,Present,Present,Present,Present,Present,Present,Present,Present,Present,Present,Present,Present,Present,Present,Present,Present,Present,Present,Present,Present,Present,Present,Present,Present,Present,Present,Present,Present,Present,Present,Present,Present,Present,Present,*,Present,Present,Present,**,*,Present,Present,Present,Present,Present,Present,Present,Present,Present,Present,Present,*,Present,Present,Present,Present,Present,**,**,**,Present,**,**,*,*,*,**,Present,*,Present,*,Present,Present,Present,Present,Present,****,Present,Present,Present,Present,*,Present,Present,Present,Present,*,Present,Present,*,*,Present,*,*,**,**,Present,*,**,Present,Present,**,Present,**,**,Present,**,**,*,Present,****,Present,Present,Present,*,Present,Present,Present,*,Present,Present,*,Present,Present,Present,Present,Present,*,Present,Present,Present,Present,*,*,Present,Present,**
194,NOEL,Present,Present,Present,Present,Present,Present,Present,Present,Present,Present,Present,Present,Present,Present,Present,Present,Present,Present,Present,Present,Present,Present,Present,Present,Present,Present,Present,Present,Present,Present,Present,Present,Present,Present,Present,Present,Present,Present,Present,Present,Present,Present,Present,Present,Present,Present,Present,Present,Present,Present,Present,Present,Present,Present,Present,Present,Present,Present,Present,Present,Present,Present,Present,Present,Present,Present,Present,Present,Present,Present,Present,Present,Present,Present,Present,Present,Present,Present,Present,Present,Present,Present,Present,Present,Present,Present,Present,Present,Present,Present,**,Present,Present,Present,Present,Present,Present,Not Listed,Not Listed,Not Listed,Not Listed,Not Listed,Not Listed,Not Listed,Not Listed,Not Listed,Not Listed,Not Listed,Not Listed,Not Listed,Not Listed,Not Listed,Not Listed,Not Listed,Not Listed,Not Listed,Not Listed,Not Listed,Not Listed,Not Listed,Not Listed,Not Listed,Not Listed,Not Listed,Not Listed,Not Listed,Not Listed,Not Listed,Not Listed,Not Listed,Not Listed,Not Listed,Not Listed,Not Listed,Not Listed,Not Listed,Not Listed,Not Listed,Not Listed,Not Listed,Not Listed,Not Listed,Not Listed,Not Listed,Not Listed,Not Listed,Not Listed,Not Listed,Not Listed,Not Listed,Not Listed,Not Listed,Not Listed,Not Listed,Not Listed,Not Listed,Not Listed,Not Listed,Not Listed,Not Listed,Not Listed,Not Listed,Not Listed,Not Listed,Not Listed,Not Listed,Not Listed,Not Listed,Not Listed,Not Listed,Not Listed,Not Listed,Not Listed,Not Listed,Not Listed,Not Listed,Not Listed,Not Listed
195,NOGRALES (J.F.F.),Present,Present,Present,Present,Present,Present,Present,Present,Present,Present,Present,Present,**,Present,Present,Present,Present,Present,Present,Present,Present,Present,Present,Present,Present,Present,Present,Present,Present,Present,Present,Present,Present,Present,Present,Present,Present,Present,Present,Present,Present,Present,Present,Present,Present,Present,Present,Present,Present,Present,Present,Present,Present,Present,Present,Present,Present,Present,Present,Present,Present,Present,Present,Present,Present,Present,Present,Present,Present,Present,Present,Present,Present,Present,Present,****,Present,****,****,****,Present,****,Present,Present,****,****,*,****,****,**,**,*,****,****,*,Present,Present,*,*,****,****,****,****,****,*,****,*,*,*,****,****,Present,****,****,*,****,****,****,Present,****,****,***,****,****,****,****,****,Present,Present,****,****,*,Present,*,****,****,****,****,****,****,Present,****,****,*,****,****,****,****,**,****,**,*,**,*,*,*,****,****,****,****,****,****,Present,Not Listed,Not Listed,Not Listed,Not Listed,****,Not Listed,Not Listed,Not Listed,Not Listed,Not Listed,Not Listed,Not Listed,Not Listed,Not Listed,Not Listed
195,NOGRALES,Not Listed,Not Listed,Not Listed,Not Listed,Not Listed,Not Listed,Not Listed,Not Listed,Not Listed,Not Listed,Not Listed,Not Listed,Not Listed,Not Listed,Not Listed,Not Listed,Not Listed,Not Listed,Not Listed,Not Listed,Not Listed,Not Listed,Not Listed,Not Listed,Not Listed,Not Listed,Not Listed,Not Listed,Not Listed,Not Listed,Not Listed,Not Listed,Not Listed,Not Listed,Not Listed,Not Listed,Not Listed,Not Listed,Not Listed,Not Listed,Not Listed,Not Listed,Not Listed,Not Listed,Not Listed,Not Listed,Not Listed,Not Listed,Not Listed,Not Listed,Not Listed,Not Listed,Not Listed,Not Listed,Not Listed,Not Listed,Not Listed,Not Listed,Not Listed,Not Listed,Not Listed,Not Listed,Not Listed,Not Listed,Not Listed,Not Listed,Not Listed,Not Listed,Not Listed,Not Listed,Not Listed,Not Listed,Not Listed,Not Listed,Not Listed,Not Listed,Not Listed,Not Listed,Not Listed,Not Listed,Not Listed,Not Listed,Not Listed,Not Listed,Not Listed,Not Listed,Not Listed,Not Listed,Not Listed,Not Listed,Not Listed,Not Listed,Not Listed,Not Listed,Not Listed,Not Listed,Not Listed,Not Listed,Not Listed,Not Listed,Not Listed,Not Listed,Not Listed,Not Listed,Not Listed,Not Listed,Not Listed,Not Listed,Not Listed,Not Listed,Not Listed,Not Listed,Not Listed,Not Listed,Not Listed,Not Listed,Not Listed,Not Listed,Not Listed,Not Listed,Not Listed,Not Listed,Not Listed,Not Listed,Not Listed,Not Listed,Not Listed,Not Listed,Not Listed,Not Listed,Not Listed,Not Listed,Not Listed,Not Listed,Not Listed,Not Listed,Not Listed,Not Listed,Not Listed,Not Listed,Not Listed,Not Listed,Not Listed,Not Listed,Not Listed,Not Listed,Not Listed,Not Listed,Not Listed,Not Listed,Not Listed,Not Listed,Not Listed,Not Listed,Not Listed,Not Listed,Not Listed,Not Listed,Not Listed,Not Listed,Not Listed,Not Listed,Not Listed,Present,****,****,*,Not Listed,****,**,****,****,****,*,*,**,**,**
196,NOGRALES (M.I.),Present,Present,Present,Present,Present,Present,Present,**,Present,Present,Present,Present,Present,Present,**,Present,Present,Present,Present,**,Present,Present,**,Present,Present,Present,Present,Present,Present,Present,Present,Present,Present,Present,Present,Present,Present,Present,Present,**,**,**,Present,Present,Present,Present,Present,Present,Present,Present,Present,Present,Present,Not Listed,Not Listed,Not Listed,Not Listed,Not Listed,Not Listed,Not Listed,Present,Not Listed,Not Listed,Not Listed,Not Listed,Not Listed,Not Listed,Not Listed,Not Listed,Not Listed,Not Listed,Not Listed,Not Listed,Not Listed,Not Listed,Not Listed,Not Listed,Not Listed,Not Listed,Not Listed,Not Listed,Not Listed,Not Listed,Not Listed,Not Listed,Not Listed,Not Listed,Not Listed,Not Listed,Not Listed,Not Listed,Not Listed,Not Listed,Not Listed,Not Listed,Not Listed,Not Listed,Not Listed,Not Listed,Not Listed,Not Listed,Not Listed,Not Listed,Not Listed,Not Listed,Not Listed,Not Listed,Not Listed,Not Listed,Not Listed,Not Listed,Not Listed,Not Listed,Not Listed,Not Listed,Not Listed,Not Listed,Not Listed,Not Listed,Not Listed,Not Listed,Not Listed,Not Listed,Not Listed,Not Listed,Not Listed,Not Listed,Not Listed,Not Listed,Not Listed,Not Listed,Not Listed,Not Listed,Not Listed,Not Listed,Not Listed,Not Listed,Not Listed,Not Listed,Not Listed,Not Listed,Not Listed,Not Listed,Not Listed,Not Listed,Not Listed,Not Listed,Not Listed,Not Listed,Not Listed,Not Listed,Not Listed,Not Listed,Not Listed,Not Listed,Not Listed,Not Listed,Not Listed,Not Listed,Not Listed,Not Listed,Not Listed,Not Listed,Not Listed,Not Listed,Not Listed,Not Listed,Not Listed,Not Listed,Not Listed,Not Listed,Not Listed,Not Listed,Not Listed,Not Listed,Not Listed,Not Listed,Not Listed
196,NOGRALES (M.),Not Listed,Not Listed,Not Listed,Not Listed,Not Listed,Not Listed,Not Listed,Not Listed,Not Listed,Not Listed,Not Listed,Not Listed,Not Listed,Not Listed,Not Listed,Not Listed,Not Listed,Not Listed,Not Listed,Not Listed,Not Listed,Not Listed,Not Listed,Not Listed,Not Listed,Not Listed,Not Listed,Not Listed,Not Listed,Not Listed,Not Listed,Not Listed,Not Listed,Not Listed,Not Listed,Not Listed,Not Listed,Not Listed,Not Listed,Not Listed,Not Listed,Not Listed,Not Listed,Not Listed,Not Listed,Not Listed,Not Listed,Not Listed,Not Listed,Not Listed,Not Listed,Not Listed,Not Listed,Present,Present,Present,Present,Present,Present,Present,Not Listed,**,**,**,Present,Present,Present,Present,Present,Present,Present,Present,**,Present,Present,Present,Present,Present,Present,Present,**,Present,Present,Present,**,*,*,****,****,*,**,**,**,Present,Present,Present,**,Present,Present,****,****,Present,Present,Present,*,Present,**,**,****,**,Present,Present,*,****,*,**,*,Present,**,Present,Present,****,**,**,Present,Present,Present,**,****,Present,****,**,*,Present,Present,Present,****,*,**,****,*,Present,**,****,Present,****,Present,Present,****,**,****,****,****,****,*,Present,****,Present,****,****,*,Present,Present,Not Listed,Not Listed,Not Listed,Not Listed,****,Not Listed,Not Listed,Not Listed,Not Listed,Not Listed,Not Listed,Not Listed,Not Listed,Not Listed,Not Listed
196,NOGRALES-ALMARIO,Not Listed,Not Listed,Not Listed,Not Listed,Not Listed,Not Listed,Not Listed,Not Listed,Not Listed,Not Listed,Not Listed,Not Listed,Not Listed,Not Listed,Not Listed,Not Listed,Not Listed,Not Listed,Not Listed,Not Listed,Not Listed,Not Listed,Not Listed,Not Listed,Not Listed,Not Listed,Not Listed,Not Listed,Not Listed,Not Listed,Not Listed,Not Listed,Not Listed,Not Listed,Not Listed,Not Listed,Not Listed,Not Listed,Not Listed,Not Listed,Not Listed,Not Listed,Not Listed,Not Listed,Not Listed,Not Listed,Not Listed,Not Listed,Not Listed,Not Listed,Not Listed,Not Listed,Not Listed,Not Listed,Not Listed,Not Listed,Not Listed,Not Listed,Not Listed,Not Listed,Not Listed,Not Listed,Not Listed,Not Listed,Not Listed,Not Listed,Not Listed,Not Listed,Not Listed,Not Listed,Not Listed,Not Listed,Not Listed,Not Listed,Not Listed,Not Listed,Not Listed,Not Listed,Not Listed,Not Listed,Not Listed,Not Listed,Not Listed,Not Listed,Not Listed,Not Listed,Not Listed,Not Listed,Not Listed,Not Listed,Not Listed,Not Listed,Not Listed,Not Listed,Not Listed,Not Listed,Not Listed,Not Listed,Not Listed,Not Listed,Not Listed,Not Listed,Not Listed,Not Listed,Not Listed,Not Listed,Not Listed,Not Listed,Not Listed,Not Listed,Not Listed,Not Listed,Not Listed,Not Listed,Not Listed,Not Listed,Not Listed,Not Listed,Not Listed,Not Listed,Not Listed,Not Listed,Not Listed,Not Listed,Not Listed,Not Listed,Not Listed,Not Listed,Not Listed,Not Listed,Not Listed,Not Listed,Not Listed,Not Listed,Not Listed,Not Listed,Not Listed,Not Listed,Not Listed,Not Listed,Not Listed,Not Listed,Not Listed,Not Listed,Not Listed,Not Listed,Not Listed,Not Listed,Not Listed,Not Listed,Not Listed,Not Listed,Not Listed,Not Listed,Not Listed,Not Listed,Not Listed,Not Listed,Not Listed,Not Listed,Not Listed,Not Listed,Not Listed,Present,*,****,*,Not Listed,Present,****,****,****,****,****,*,****,****,****
197,NOLASCO,Present,Present,Present,Present,Present,Present,Present,Present,Present,Present,Present,Present,Present,Present,Present,Present,Present,Present,Present,Present,Present,Present,Present,Present,Present,Present,Present,Present,Present,Present,Present,Present,Present,Present,Present,Present,Present,Present,Present,Present,Present,Present,Present,Present,Present,Present,Present,Present,Present,Present,Present,Present,Present,Present,Present,Present,Present,Present,Present,Present,Present,Present,Present,Present,Present,Present,Present,Present,Present,Present,Present,Present,Present,Present,Present,Present,Present,Present,Present,Present,Present,Present,Present,Present,Present,Present,Present,Present,Present,Present,Present,Present,Present,****,*,Present,Present,Present,Present,Present,*,Present,Present,*,****,****,****,Present,Present,****,Present,****,****,Present,**,**,**,**,**,**,****,Present,Present,Present,Present,Present,Present,Present,Present,Present,Present,*,Present,Present,Present,Present,Present,Present,Present,Present,Present,Present,Present,Present,Present,Present,*,Present,Present,Present,*,****,****,****,*,Present,**,**,**,**,Present,****,Present,****,****,Present,Present,****,Present,Present,Present,Present,*,*,Present,***,***,*
198,OAMINAL,Present,Present,Present,Present,Present,Present,Present,**,Present,**,**,Present,Present,Present,Present,Present,Present,Present,Present,Present,**,Present,Present,Present,Present,Present,Present,Present,Present,Present,Present,Present,Present,Present,Present,Present,Present,Present,Present,Present,Present,Present,Present,Present,Present,Present,Present,Present,Present,Present,Present,Present,Present,Present,Present,Present,Present,Present,Present,Present,Present,Present,Present,Present,Present,Present,Present,Present,Present,Present,Present,Present,Present,Present,Present,Present,*,*,****,Present,****,*,Present,*,Present,Present,Present,Present,****,*,Present,*,****,Present,*,Present,Present,Present,Present,Present,Present,*,*,*,*,Present,****,Present,Present,Present,*,*,*,*,*,****,****,****,****,Present,Present,*,****,Present,Present,Present,Present,*,Present,Present,*,*,Present,*,****,Present,Present,*,*,Present,Present,**,**,****,****,*,**,Present,*,*,Present,*,Present,Present,Present,*,***,***,*,*,*,****,*,****,Present,*,*,****,**,*,*,*,*,*,*,Present,Present,*
199,OLASO,Present,Present,Present,Present,Present,Present,Present,Present,Present,Present,Present,Present,Present,Present,**,Present,Present,Present,Present,Present,Present,Present,Present,Present,Present,Present,Present,Present,Present,Present,Present,Present,Present,Present,Present,Present,Present,Present,Present,Present,Present,Present,Present,Present,Present,Present,Present,Present,Present,Present,Present,Present,Present,Present,Present,Present,Present,Present,Present,Present,Present,Present,Present,Present,Present,Present,Present,Present,Present,Present,Present,Present,Present,Present,Present,****,**,**,**,**,Present,Present,Present,Present,Present,Present,Present,Present,Present,Present,Present,Present,Present,Present,Present,Present,Present,Present,Present,Present,****,Present,****,****,**,**,**,**,****,*,****,****,*,*,Present,****,*,*,Present,*,*,**,**,**,*,*,Present,*,****,****,Present,*,*,Present,**,**,Present,****,****,****,*,****,*,*,****,****,*,****,*,****,*,*,**,Present,**,**,*,*,Present,****,****,*,****,****,****,*,*,****,Present,*,**,**,**,****,*,**,**,**
200,OLIVAREZ,Present,Present,Present,Present,Present,Present,Present,Present,Present,Present,Present,Present,Present,Present,Present,Present,Present,Present,Present,Present,Present,Present,Present,Present,Present,Present,Present,Present,Present,Present,Present,Present,Present,Present,Present,Present,Present,Present,Present,Present,Present,Present,Present,Present,Present,Present,Present,Present,Present,Present,Present,Present,Present,Present,Present,Present,Present,Present,Present,Present,Present,Present,Present,Present,Present,Present,Present,Present,Present,Present,Present,Present,**,Present,Present,Present,****,Present,Present,Present,Present,Present,Present,*,**,Present,**,Present,*,Present,Present,**,****,Present,Present,Present,Present,Present,Present,Present,**,Present,Present,Present,Present,Present,Present,*,Present,Present,*,Present,Present,Present,Present,**,Present,Present,****,Present,Present,Present,Present,Present,Present,*,Present,Present,Present,Present,Present,**,Present,*,Present,Present,Present,Present,Present,Present,Present,****,**,Present,****,Present,*,Present,Present,*,Present,Present,Present,Present,Present,Present,*,Present,Present,Present,Present,Present,Present,Present,Present,Present,Present,Present,Present,Present,Present,Present,Present,Present,Present,Present,Present,Present
201,ONGCHUAN,Present,Present,Present,Present,Present,Present,Present,Present,Present,Present,Present,Present,Present,Present,Present,Present,Present,Present,Present,Present,Present,Present,Present,Present,Present,Present,**,Present,Present,Present,Present,Present,Present,Present,Present,Present,Present,Present,Present,Present,Present,Present,Present,Present,Present,Present,Present,Present,Present,Present,Present,Present,Present,Present,Present,Present,Present,Present,Present,Present,Present,Present,Present,Present,Present,Present,Present,Present,Present,Present,Present,Present,Present,Present,Present,Present,Present,Present,Present,Present,**,Present,Present,Present,**,Present,Present,Present,Present,****,Present,Present,Present,*,*,Present,Present,*,Present,Present,Present,Present,Present,****,Present,Present,****,**,Present,Present,****,Present,Present,Present,**,**,Present,****,Present,Present,Present,Present,****,****,Present,Present,**,*,Present,Present,Present,****,****,Present,Present,Present,Present,Present,Present,*,*,Present,Present,Present,****,****,****,****,****,Present,****,****,****,****,Present,Present,Present,**,**,**,*,**,**,Present,Present,****,Present,Present,*,****,****,****,Present,*,Present,***,*,Present
202,ORDANES,Present,Present,Present,Present,Present,Present,Present,Present,Present,Present,Present,Present,Present,Present,Present,Present,Present,**,Present,**,Present,Present,Present,Present,Present,Present,**,Present,Present,Present,Present,Present,Present,Present,Present,Present,Present,Present,Present,Present,Present,Present,Present,Present,Present,Present,Present,Present,Present,Present,Present,Present,Present,Present,Present,Present,Present,Present,Present,Present,Present,Present,Present,Present,Present,Present,**,Present,Present,Present,Present,Present,Present,Present,Present,Present,Present,Present,Present,Present,Present,Present,Present,Present,Present,Present,Present,*,Present,Present,Present,Present,Present,Present,*,Present,Present,Present,Present,Present,****,Present,*,Present,Present,Present,Present,Present,Present,Present,*,****,Present,Present,*,Present,Present,Present,****,Present,*,Present,Present,*,*,*,Present,Present,Present,Present,*,Present,****,Present,Present,Present,Present,Present,*,****,****,****,****,****,****,****,****,****,*,Present,Present,Present,Present,Present,Present,Present,Present,Present,*,Present,Present,*,*,Present,Present,Present,Present,Present,Present,**,Present,**,*,Present,*,Present,****,Present
203,ORTEGA,Present,Present,Present,Present,Present,Present,Present,Present,Present,Present,Present,Present,Present,Present,Present,Present,Present,Present,Present,Present,Present,Present,Present,Present,Present,Present,Present,Present,Present,Present,Present,Present,Present,Present,Present,Present,Present,Present,Present,Present,Present,Present,Present,Present,Present,Present,Present,Present,Present,Present,Present,Present,Present,Present,Present,Present,Present,Present,Present,Present,Present,Present,Present,Present,Present,**,Present,Present,Present,Present,Present,Present,Present,Present,Present,Present,Present,Present,****,Present,Present,Present,Present,Present,Present,Present,Present,Present,Present,Present,Present,Present,Present,Present,*,Present,Present,Present,Present,Present,Present,Present,Present,Present,**,Present,Present,Present,Present,Present,Present,Present,*,Present,*,Present,Present,Present,Present,Present,Present,*,Present,Present,Present,Present,Present,Present,Present,Present,Present,Present,Present,Present,Present,Present,Present,Present,Present,Present,Present,Present,Present,Present,*,Present,Present,Present,Present,**,*,*,Present,*,Present,Present,Present,**,**,**,Present,Present,Present,Present,Present,Present,Present,****,Present,**,*,Present,**,Present,Present,Present,Present,**
204,OUANO-DIZON,Present,Present,Present,Present,Present,Present,Present,Present,Present,**,Present,**,Present,**,Present,Present,Present,Present,Present,Present,Present,Present,**,**,Present,Present,**,Present,Present,Present,Present,Present,Present,Present,Present,Present,Present,Present,Present,Present,Present,Present,Present,Present,Present,Present,Present,Present,Present,Present,Present,Present,Present,Present,Present,Present,Present,Present,Present,Present,Present,Present,Present,Present,Present,Present,Present,Present,Present,Present,Present,Present,Present,Present,Present,Present,Present,Present,Present,Present,**,**,Present,**,**,**,**,Present,Present,Present,**,Present,Present,*,*,Present,Present,*,**,**,**,Present,*,Present,Present,Present,Present,**,Present,*,*,Present,*,**,**,**,**,**,**,Present,Present,Present,Present,****,**,**,Present,*,Present,**,*,Present,*,Present,**,**,Present,Present,Present,*,Present,Present,*,****,****,*,*,****,*,****,**,****,*,****,*,**,Present,*,Present,****,*,*,*,*,Present,Present,*,*,Present,Present,Present,Present,*,Present,**,****,****,****
205,PADIERNOS,Present,Present,Present,Present,Present,Present,**,Present,Present,**,Present,**,**,**,**,Present,Present,**,Present,Present,**,Present,Present,Present,Present,Present,Present,Present,**,Present,Present,Present,Present,**,**,Present,Present,Present,Present,Present,Present,**,Present,Present,Present,Present,Present,Present,Present,Present,Present,Present,Present,Present,Present,Present,Present,Present,Present,Present,Present,Present,Present,Present,Present,**,Present,Present,**,**,Present,Present,**,Present,Present,****,****,****,*,**,Present,Present,Present,***,****,*,****,****,****,****,Present,****,**,****,*,Present,Present,Present,Present,Present,Present,Present,Present,**,**,**,**,Present,Present,**,Present,Present,Present,Present,Present,Present,Present,Present,*,Present,Present,Present,Present,Present,Present,Present,Present,*,Present,**,Present,Present,Present,Present,Present,Present,Present,Present,Present,**,**,Present,Present,Present,Present,**,Present,Present,Present,Present,Present,Present,Present,Present,Present,*,Present,Present,Present,***,Present,Present,Present,Present,Present,Present,Present,**,***,Present,Present,Present,Present,Present,**,****,**,**
206,PADUANO,Present,Present,Present,Present,Present,Present,**,Present,Present,**,Present,**,Present,**,**,Present,Present,Present,Present,Present,**,Present,Present,Present,Present,**,Present,Present,Present,Present,Present,Present,Present,Present,**,Present,Present,Present,Present,**,Present,Present,Present,**,Present,Present,Present,Present,Present,Present,Present,Present,Present,Present,Present,Present,Present,Present,Present,Present,Present,Present,Present,Present,Present,Present,Present,Present,Present,**,Present,Present,**,Present,**,Present,Present,Present,*,Present,**,Present,Present,Present,Present,Present,*,Present,Present,*,Present,*,Present,*,Present,Present,Present,Present,Present,Present,Present,*,*,*,*,Present,**,**,*,**,**,Present,Present,***,***,Present,Present,**,Present,*,*,*,**,*,****,****,Present,Present,Present,Present,Present,**,*,Present,Present,**,Present,*,**,**,Present,*,**,****,*,**,**,****,**,**,**,*,Present,**,**,Present,Present,**,**,**,Present,Present,**,Present,**,Present,Present,**,***,*,Present,**,**,**,Present,Present,Present,**
207,PAGLAS,Present,Present,Present,Present,Present,Present,**,Present,Present,Present,Present,Present,Present,**,Present,Present,Present,Present,Present,Present,Present,Present,Present,Present,Present,Present,Present,Present,Present,Present,Present,Present,Present,Present,Present,Present,Present,Present,Present,Present,Present,Present,Present,Present,Present,Present,Present,Present,Present,Present,Present,Present,Present,Present,Present,Present,Present,Present,Present,Present,Present,Present,Present,Present,Present,Present,Present,Present,Present,Present,Present,Present,Present,Present,Present,Present,Present,Present,Present,Present,Present,****,Present,**,**,**,**,**,Present,Present,Present,Present,Present,Present,Present,Present,Present,Present,Present,Present,Present,Present,Present,**,**,**,**,Present,**,**,**,*,Present,Present,Present,Present,Present,Present,Present,**,**,**,**,**,**,**,**,**,Present,Present,****,Present,Present,Present,Present,Present,*,Present,Present,Present,Present,***,***,Present,Present,Present,Present,*,*,*,**,****,****,****,*,Present,****,**,**,**,**,**,**,Present,Present,Present,*,**,****,**,**,**,**,**,Present,****,****,Present
208,PALMA,Present,Present,Present,Present,Present,Present,Present,**,Present,Present,Present,**,Present,**,Present,Present,Present,Present,Present,Present,Present,Present,Present,Present,Present,Present,Present,Present,Present,Present,Present,Present,Present,Present,Present,Present,Present,Present,Present,Present,Present,Present,Present,Present,Present,Present,Present,Present,Present,Present,Present,Present,Present,Present,Present,Present,Present,Present,Present,Present,Present,Present,Present,Present,Present,Present,Present,Present,Present,**,Present,Present,Present,Present,Present,Present,Present,Present,Present,Present,**,Present,Present,Present,Present,Present,Present,Present,Present,Present,Present,Present,Present,**,Present,Present,Present,Present,Present,Present,Present,Present,*,Present,*,Present,**,Present,Present,**,**,**,**,**,**,**,**,**,**,*,Present,Present,Present,****,Present,Present,Present,Present,Present,Present,Present,**,****,Present,**,**,**,**,**,**,**,Present,Present,Present,Present,Present,Present,****,****,Present,**,Present,****,****,Present,**,****,****,Present,****,Present,Present,**,Present,Present,Present,Present,Present,Present,Present,Present,Present,Present,****,Present,Present,Present,****
209,PANALIGAN,Present,Present,Present,Present,Present,Present,Present,Present,Present,Present,Present,Present,Present,**,**,Present,Present,Present,Present,Present,Present,Present,Present,**,Present,Present,Present,Present,Present,Present,Present,Present,Present,Present,Present,Present,Present,Present,Present,Present,Present,Present,Present,Present,Present,Present,Present,Present,Present,Present,**,Present,Present,Present,Present,Present,Present,Present,Present,Present,Present,Present,Present,Present,Present,**,Present,Present,Present,Present,Present,Present,Present,Present,Present,Present,Present,Present,Present,Present,**,Present,Present,*,Present,*,Present,**,**,**,*,**,*,*,Present,Present,Present,Present,Present,Present,****,Present,Present,Present,Present,Present,Present,Present,Present,Present,Present,Present,Present,Present,Present,**,Present,Present,Present,Present,*,Present,**,Present,Present,Present,Present,Present,Present,Present,Present,Present,*,Present,Present,Present,Present,*,Present,Present,Present,Present,Present,Present,Present,Present,Present,Present,Present,**,Present,Present,Present,Present,Present,**,Present,Present,Present,**,Present,Present,Present,Present,Present,Present,Present,Present,Present,Present,Present,*,Present,Present,Present,Present,Present,Present
210,PANCHO,Present,Present,Present,Present,Present,Present,Present,**,Present,Present,Present,Present,**,Present,**,Present,Present,Present,Present,Present,Present,Present,Present,**,Present,Present,Present,Present,Present,Present,**,Present,Present,Present,Present,Present,Present,Present,Present,Present,Present,Present,Present,**,Present,Present,Present,Present,Present,Present,Present,Present,Present,Present,Present,Present,Present,Present,Present,**,Present,Present,Present,Present,Present,Present,**,Present,Present,**,Present,Present,Present,Present,Present,Present,Present,Present,*,Present,Present,Present,Present,*,*,Present,**,Present,Present,Present,**,Present,Present,Present,*,Present,Present,Present,Present,Present,Present,Present,Present,Present,Present,Present,Present,*,Present,**,**,**,*,Present,Present,**,Present,Present,Present,Present,Present,*,Present,Present,Present,Present,Present,Present,Present,****,Present,**,Present,Present,Present,Present,**,Present,**,Present,**,Present,Present,Present,*,**,Present,Present,**,*,**,Present,Present,**,Present,**,***,***,Present,Present,Present,Present,**,**,Present,Present,*,Present,Present,**,Present,Present,**,Present,*,Present,Present,Present
211,PANOTES,Present,Present,Present,Present,Present,Present,Present,Present,Present,Present,Present,**,Present,Present,Present,Present,Present,Present,Present,Present,Present,Present,Present,Present,Present,Present,Present,Present,Present,Present,Present,Present,Present,Present,Present,Present,Present,Present,Present,Present,Present,Present,Present,Present,Present,Present,Present,Present,Present,Present,Present,Present,Present,Present,Present,Present,Present,Present,Present,Present,Present,Present,Present,Present,Present,Present,Present,Present,Present,Present,Present,Present,Present,Present,Present,Present,Present,****,****,Present,Present,Present,Present,Present,Present,Present,Present,Present,Present,**,Present,Present,*,Present,*,Present,Present,*,*,*,***,****,*,*,****,****,**,*,*,*,*,*,*,Present,*,****,*,*,***,*,*,*,*,***,*,***,Present,***,****,*,*,**,***,*,***,*,*,*,***,*,*,*,*,*,*,***,*,Present,***,***,**,***,****,***,**,*,*,*,*,**,Present,*,***,***,*,*,*,**,*,****,Present,**,**,*,*,*,Present,*
212,PASCUAL,Present,Present,Present,Present,Present,Present,Present,Present,Present,Present,Present,Present,Present,Present,**,Present,Present,Present,Present,Present,Present,Present,Present,Present,Present,Present,Present,Present,Present,Present,Present,Present,Present,Present,Present,Present,Present,Present,Present,Present,Present,Present,Present,Present,Present,Present,Present,Present,Present,Present,Present,Present,Present,Present,Present,Present,Present,Present,Present,Present,Present,Present,Present,Present,Present,Present,Present,Present,Present,Present,Present,Present,Present,Present,Present,Present,Present,Present,Present,Present,Present,****,Present,Present,Present,*,*,Present,Present,Present,****,Present,****,Present,*,Present,Present,Present,*,Present,Present,Present,Present,****,Present,Present,****,*,Present,*,Present,Present,*,****,****,****,Present,****,Present,Present,Present,Present,Present,Present,****,*,Present,Present,Present,Present,*,Present,*,*,Present,****,Present,*,Present,****,Present,Present,Present,Present,Present,Present,*,Present,****,*,*,****,Present,****,Present,Present,Present,****,Present,**,****,Present,*,*,***,Present,*,****,***,*,****,****,****,*,Present,****,****,Present
213,PEÑA,Present,Present,Present,Present,Present,Present,Present,Present,Present,**,Present,Present,Present,Present,Present,Present,Present,Present,Present,**,Present,Present,Present,Present,Present,Present,**,Present,Present,Present,Present,Present,Present,Present,**,Present,Present,Present,Present,Present,Present,Present,Present,**,Present,Present,Present,Present,Present,Present,**,Present,Present,Present,Present,Present,Present,Present,Present,Present,Present,Present,Present,Present,Present,Present,**,Present,Present,Present,Present,Present,Present,Present,Present,Present,*,*,Present,Present,*,Present,Present,Present,****,Present,Present,Present,Present,Present,Present,Present,Present,Present,Present,Present,Present,*,Present,Present,Present,Present,*,Present,Present,Present,****,Present,Present,****,Present,Present,*,Present,*,Present,Present,*,Present,Present,Present,Present,Present,Present,Present,Present,Present,Present,Present,Present,*,Present,Present,Present,***,Present,*,*,Present,Present,Present,Present,Present,Present,Present,Present,Present,*,Present,Present,Present,Present,Present,Present,Present,*,Present,Present,Present,Present,Present,Present,Present,***,*,Present,Present,Present,Present,Present,Present,Present,Present,Present,Present,Present,Present,*
214,PIMENTEL,Present,Present,Present,Present,Present,Present,Present,Present,Present,Present,Present,Present,**,Present,Present,**,Present,**,Present,**,Present,Present,Present,Present,Present,Present,Present,Present,Present,Present,Present,Present,Present,**,**,Present,Present,Present,Present,Present,Present,**,Present,**,Present,Present,Present,Present,Present,Present,Present,Present,Present,Present,Present,Present,Present,Present,Present,**,Present,Present,Present,Present,Present,Present,Present,Present,**,**,Present,Present,**,Present,**,*,*,Present,*,*,**,*,Present,Present,**,Present,****,*,****,Present,****,*,*,****,*,Present,**,*,Present,****,Present,****,****,****,*,Present,**,****,****,**,****,Present,Present,*,Present,**,**,**,Present,**,**,*,**,****,****,****,**,**,Present,*,*,**,Present,Present,Present,**,***,***,**,*,Present,Present,**,****,****,**,Present,*,*,**,**,****,****,****,Present,*,*,*,*,**,****,****,**,****,**,**,*,**,*,**,****,****,****,****,**,Present,**,**
215,PLAZA,Present,Present,Present,Present,Present,Present,**,Present,Present,**,Present,**,Present,**,Present,Present,Present,Present,Present,Present,Present,Present,Present,Present,Present,Present,**,Present,Present,Present,Present,Present,Present,Present,Present,Present,Present,Present,Present,Present,Present,Present,Present,Present,**,Present,Present,Present,Present,Present,Present,Present,Present,Present,Present,Present,Present,**,**,Present,Present,Present,Present,**,Present,Present,Present,Present,Present,Present,Present,Present,Present,Present,Present,Present,***,Present,*,Present,Present,Present,Present,**,**,**,Present,Present,**,Present,Present,**,Present,*,*,Present,Present,Present,Present,**,**,Present,**,**,Present,**,**,Present,**,**,**,**,**,**,**,**,**,Present,**,Present,**,*,Present,****,Present,*,Present,Present,Present,****,*,*,Present,Present,***,*,**,**,Present,Present,Present,*,*,*,Present,Present,****,*,Present,Present,**,Present,*,Present,*,**,Present,Present,Present,**,Present,Present,Present,Present,Present,Present,**,***,Present,Present,Present,Present,Present,*,Present,*,*,**
216,PLEYTO,Present,Present,Present,Present,Present,Present,Present,Present,Present,Present,**,**,Present,Present,**,Present,Present,Present,Present,**,**,Present,Present,Present,Present,Present,Present,Present,Present,Present,**,Present,Present,Present,Present,Present,Present,Present,Present,Present,Present,Present,Present,Present,Present,Present,Present,Present,Present,Present,**,Present,Present,Present,Present,Present,Present,Present,Present,Present,Present,Present,Present,Present,Present,Present,Present,Present,Present,Present,Present,Present,Present,Present,Present,Present,Present,Present,Present,Present,**,*,Present,**,****,*,**,Present,**,****,**,**,Present,**,Present,Present,Present,Present,Present,Present,Present,*,**,Present,Present,Present,**,**,Present,Present,**,Present,*,Present,*,**,*,**,Present,**,**,Present,**,Present,Present,Present,Present,Present,Present,Present,Present,*,*,**,Present,Present,**,**,*,Present,**,****,Present,Present,*,*,**,**,**,**,**,Present,****,Present,Present,**,Present,*,Present,**,Present,Present,Present,Present,*,Present,Present,Present,Present,Present,**,Present,Present,Present,Present,Present,Present,Present
217,PRIMICIAS-AGABAS,Present,Present,Present,Present,Present,Present,Present,Present,Present,Present,Present,Present,Present,**,**,Present,Present,Present,Present,Present,Present,Present,**,Present,Present,Present,Present,Present,Present,Present,Present,Present,Present,Present,Present,Present,Present,Present,Present,Present,Present,Present,Present,Present,Present,Present,Present,Present,Present,Present,Present,Present,Present,Present,Present,Present,Present,Present,**,Present,Present,Present,Present,Present,Present,Present,Present,Present,Present,Present,Present,Present,Present,Present,Present,Present,Present,Present,Present,Present,*,****,Present,**,**,Present,Present,Present,Present,Present,Present,Present,Present,Present,Present,Present,Present,Present,Present,Present,Present,Present,Present,Present,Present,Present,Present,****,Present,Present,Present,**,*,Present,Present,**,**,**,**,Present,Present,**,Present,Present,Present,Present,Present,Present,Present,Present,Present,*,**,**,Present,Present,****,**,****,Present,Present,Present,Present,Present,Present,Present,Present,**,**,*,**,Present,**,**,Present,**,Present,Present,Present,**,**,**,**,Present,Present,**,Present,**,Present,Present,Present,*,Present,Present,Present,Present,Present,Present
218,PUMAREN,Present,Present,Present,Present,Present,Present,Present,**,Present,Present,Present,Present,Present,Present,**,Present,Present,Present,Present,Present,Present,Present,Present,Present,Present,Present,**,Present,Present,Present,Present,Present,Present,Present,Present,Present,Present,Present,Present,Present,Present,Present,Present,Present,Present,Present,Present,Present,Present,Present,Present,Present,Present,Present,Present,Present,Present,Present,Present,Present,Present,Present,Present,Present,Present,Present,Present,Present,Present,Present,Present,**,Present,Present,Present,**,Present,Present,Present,Present,**,Present,Present,Present,Present,*,Present,**,Present,Present,Present,Present,Present,*,*,**,**,**,Present,*,****,Present,****,Present,Present,Present,**,***,***,****,*,*,Present,Present,Present,Present,*,Present,Present,****,Present,Present,Present,****,****,*,Present,Present,Present,Present,Present,**,Present,Present,*,Present,Present,Present,****,**,*,Present,**,****,Present,****,****,****,****,****,****,****,**,****,Present,*,***,Present,Present,**,Present,Present,Present,Present,****,*,Present,****,Present,Present,Present,Present,*,*,**,Present,Present,Present
219,PUNO,Present,Present,Present,Present,Present,Present,Present,Present,Present,Present,Present,Present,Present,Present,Present,Present,Present,Present,Present,Present,Present,Present,Present,Present,Present,Present,Present,Present,Present,Present,Present,Present,Present,Present,Present,Present,Present,Present,Present,Present,Present,Present,Present,Present,Present,Present,Present,Present,Present,Present,Present,Present,Present,Present,Present,Present,Present,Present,Present,Present,Present,Present,Present,Present,Present,Present,Present,Present,Present,Present,Present,Present,Present,Present,Present,****,****,****,Present,*,*,****,Present,Present,Present,****,**,****,Present,Present,****,*,**,****,*,Present,Present,*,Present,Present,Present,Present,****,Present,****,Present,****,*,*,****,****,**,Present,Present,*,Present,*,*,Present,Present,*,**,Present,****,****,*,Present,Present,Present,Present,Present,****,Present,Present,Present,Present,**,*,***,***,***,**,**,**,**,**,Present,Present,Present,*,Present,****,****,****,*,*,Present,Present,Present,Present,****,****,*,Present,*,****,Present,****,****,****,Present,Present,****,****,*,Present,Present,*
220,QUIMBO,Present,Present,Present,Present,Present,Present,Present,**,Present,Present,**,Present,**,**,**,Present,**,Present,Present,Present,Present,Present,**,**,Present,Present,**,Present,Present,Present,Present,Present,Present,Present,Present,Present,Present,Present,Present,Present,Present,Present,Present,Present,Present,Present,Present,Present,Present,Present,Present,Present,Present,Present,Present,Present,Present,Present,**,Present,Present,Present,Present,**,Present,Present,**,Present,Present,Present,Present,Present,Present,Present,Present,*,Present,Present,*,*,**,**,Present,**,**,**,**,**,**,**,**,**,Present,Present,Present,Present,Present,Present,**,**,**,**,**,**,*,*,Present,Present,Present,**,*,Present,*,Present,Present,*,*,Present,Present,*,*,*,**,*,*,*,Present,Present,Present,Present,Present,Present,*,Present,Present,**,**,*,**,Present,**,**,**,**,*,**,Present,**,**,**,**,**,Present,*,Present,Present,Present,**,Present,Present,Present,Present,Present,Present,*,Present,*,Present,Present,**,*,**,Present,**,*,Present,Present,Present
221,RAMA,Present,Present,Present,Present,Present,Present,Present,Present,Present,Present,**,**,**,Present,Present,Present,Present,Present,Present,Present,Present,Present,Present,**,Present,Present,Present,Present,Present,Present,Present,Present,Present,Present,**,Present,Present,Present,Present,Present,Present,Present,Present,Present,Present,Present,Present,Present,Present,Present,**,Present,Present,Present,Present,Present,Present,Present,Present,Present,Present,Present,Present,Present,Present,Present,Present,Present,Present,Present,Present,Present,**,Present,Present,****,Present,Present,Present,Present,Present,Present,Present,*,Present,Present,Present,Present,*,*,Present,Present,Present,Present,*,Present,Present,Present,Present,Present,*,Present,Present,Present,Present,Present,Present,Present,Present,Present,*,*,*,Present,*,Present,Present,*,Present,Present,*,****,Present,Present,****,Present,Present,Present,Present,Present,*,Present,Present,*,****,Present,Present,*,Present,Present,*,***,****,****,****,*,****,Present,*,*,Present,Present,Present,*,*,*,****,Present,****,****,*,*,*,Present,*,***,*,Present,***,***,***,***,**,Present,Present,****,*,*
222,RECTO,Present,Present,Present,Present,Present,Present,Present,Present,Present,**,Present,**,Present,Present,Present,Present,Present,Present,Present,Present,Present,Present,Present,Present,Present,Present,Present,Present,Present,Present,Present,Present,Present,Present,Present,Present,Present,Present,Present,Present,Present,Present,Present,Present,Present,Present,Present,Present,Present,Present,Present,Present,Present,Present,Present,Present,Present,Present,Present,Present,Present,Present,Present,Present,Present,Present,Present,Present,Present,Present,Present,Present,Present,Present,Present,Present,****,Present,Present,*,****,Present,Present,Present,**,Present,Present,****,*,*,Present,*,*,Present,*,Present,Present,*,Present,Present,****,****,**,**,**,****,****,Present,*,****,****,Present,****,Not Listed,Not Listed,Not Listed,Not Listed,Not Listed,Not Listed,Not Listed,Not Listed,Not Listed,Not Listed,Not Listed,Not Listed,Not Listed,Not Listed,Not Listed,Not Listed,Not Listed,Not Listed,Not Listed,Not Listed,Not Listed,Not Listed,Not Listed,Not Listed,Not Listed,Not Listed,Not Listed,Not Listed,Not Listed,Not Listed,Not Listed,Not Listed,Not Listed,Not Listed,Not Listed,Not Listed,Not Listed,Not Listed,Not Listed,Not Listed,Not Listed,Not Listed,Not Listed,Not Listed,Not Listed,Not Listed,Not Listed,Not Listed,Not Listed,Not Listed,Not Listed,Not Listed,Not Listed,Not Listed,Not Listed,Not Listed,Not Listed,Not Listed,Not Listed,Not Listed,Not Listed,Not Listed,Not Listed,Not Listed,Not Listed
223,REGENCIA,Present,Present,Present,Present,Present,Present,Present,Present,Present,Present,Present,Present,Present,Present,Present,Present,Present,Present,Present,Present,**,Present,Present,Present,Present,Present,Present,Present,Present,Present,Present,Present,Present,**,Present,Present,Present,Present,Present,**,Present,Present,Present,Present,Present,Present,Present,Present,Present,Present,**,Present,Present,Present,Present,Present,Present,Present,Present,Present,Present,Present,Present,Present,Present,Present,Present,Present,Present,Present,Present,Present,Present,Present,Present,Present,Present,Present,Present,Present,Present,Present,Present,Present,Present,Present,*,Present,Present,Present,Present,Present,Present,Present,Present,Present,Present,Present,Present,Present,Present,Present,Present,Present,Present,Present,Present,Present,Present,Present,Present,Present,Present,****,****,****,Present,*,****,**,**,Present,**,Present,Present,Present,Present,Present,Present,Present,*,*,Present,Present,Present,Present,Present,Present,Present,Present,Present,**,**,**,**,**,****,****,****,****,**,Present,Present,Present,Present,Present,Present,Present,Present,Present,Present,Present,Present,Present,Present,Present,Present,Present,****,****,Present,Present,Present,Present,Present,Present,Present,Present
224,REVILLA (B.),Present,Present,Present,Present,Present,Present,Present,Present,Present,Present,Present,Present,Present,Present,Present,Present,Present,Present,Present,Present,Present,Present,Present,Present,Present,Present,Present,Present,**,Present,Present,Present,Present,**,Present,Present,Present,Present,Present,Present,Present,Present,Present,Present,Present,Present,Present,Present,Present,Present,Present,Present,Present,Present,Present,Present,Present,Present,Present,Present,Present,Present,Present,Present,Present,Present,Present,Present,Present,Present,Present,Present,Present,Present,Present,Present,Present,Present,Present,Present,**,Present,Present,Present,****,***,***,Present,***,***,Present,Present,****,Present,*,Present,Present,*,****,Present,****,Present,Present,Present,*,****,***,Present,Present,Present,****,Present,Present,Present,Present,****,****,Present,Present,Present,*,Present,*,Present,*,*,Present,Present,Present,Present,Present,Present,Present,Present,Present,**,***,Present,***,Present,Present,Present,*,***,Present,Present,Present,***,Present,Present,**,**,Present,**,Present,**,**,**,Present,*,**,Present,Present,Present,Present,*,**,**,***,***,**,Present,**,Present,**,Present,Present,Present
225,REVILLA (R.J.),Present,Present,Present,Present,Present,Present,Present,Present,Present,**,Present,Present,Present,Present,**,Present,Present,Present,Present,Present,Present,Present,Present,Present,Present,Present,**,Present,Present,Present,**,Present,Present,Present,**,Present,Present,Present,Present,Present,Present,Present,Present,**,Present,Present,Present,Present,Present,Present,Present,Present,Present,Present,Present,Present,Present,Present,**,Present,Present,Present,Present,Present,Present,**,**,Present,Present,Present,Present,Present,Present,Present,Present,Present,Present,Present,Present,Present,*,Present,Present,Present,**,Present,**,**,Present,**,**,**,**,*,Present,Present,Present,Present,*,****,**,**,**,**,**,**,**,**,**,Present,**,Present,*,**,**,**,**,**,**,**,**,**,**,**,**,**,**,Present,Present,****,Present,Present,Present,**,Present,**,**,**,**,**,Present,**,**,Present,**,**,**,**,Present,Present,Present,**,**,**,Present,**,Present,**,**,**,***,**,**,**,**,**,**,***,**,**,**,**,**,Present,**,Present,Present,**
226,REYES,Present,Present,Present,Present,Present,Present,Present,Present,Present,**,**,**,Present,**,Present,Present,Present,Present,Present,Present,Present,Present,Present,Present,Present,**,Present,Present,Present,Present,Present,Present,Present,Present,Present,Present,Present,Present,Present,Present,Present,Present,Present,Present,Present,Present,Present,Present,Present,Present,Present,Present,Present,Present,Present,Present,Present,Present,Present,Present,Present,Present,Present,Present,Present,Present,Present,Present,Present,Present,Present,Present,Present,Present,Present,Present,Present,Present,Present,Present,****,Present,Present,***,**,Present,Present,Present,Present,Present,Present,Present,Present,**,*,Present,Present,Present,Present,Present,Present,Present,Present,*,Present,Present,**,Present,Present,Present,Present,Present,Present,Present,****,**,Present,*,Present,Present,Present,Present,Present,Present,Present,Present,Present,Present,Present,**,Present,Present,*,Present,**,Present,**,**,****,Present,Present,**,*,Present,Present,*,*,****,*,*,Present,Present,*,*,*,Present,Present,**,Present,**,Present,Present,**,*,*,Present,Present,**,Present,Present,Present,Present,**,**,**,Present,Present,Present
227,RILLO,Present,Present,Present,Present,Present,Present,Present,Present,Present,**,Present,Present,Present,Present,Present,Present,Present,**,Present,Present,Present,Present,Present,Present,Present,Present,Present,Present,**,Present,Present,Present,Present,Present,Present,Present,Present,Present,Present,Present,Present,Present,Present,Present,Present,Present,Present,Present,Present,Present,**,Present,Present,Present,Present,Present,Present,Present,Present,Present,Present,Present,Present,Present,Present,Present,Present,Present,Present,Present,Present,Present,Present,Present,Present,Present,*,Present,Present,Present,Present,***,Present,Present,***,*,Present,***,Present,***,Present,***,***,Present,*,Present,Present,*,**,**,**,Present,Present,***,Present,*,***,Present,Present,*,***,Present,*,Present,***,***,***,***,***,***,***,Present,***,*,Present,*,Present,Present,Present,Present,****,Present,Present,Present,*,*,Present,*,***,**,Present,Present,***,***,***,***,***,***,**,*,***,*,***,***,Present,*,Present,***,***,**,Present,*,*,****,Present,***,*,****,*,****,****,****,***,****,*,****,****,***
228,RIVERA,Present,Present,Present,Present,Present,Present,Present,Present,Present,Present,**,Present,Present,Present,Present,Present,Present,Present,Present,Present,Present,Present,Present,Present,Present,Present,**,Present,Present,Present,Present,Present,Present,Present,Present,Present,Present,Present,Present,Present,Present,Present,Present,Present,Present,Present,Present,Present,Present,Present,Present,Present,Present,Present,Present,Present,Present,Present,Present,Present,Present,Present,Present,Present,Present,**,Present,Present,Present,Present,Present,Present,Present,Present,Present,*,****,Present,Present,*,Present,Present,Present,Present,Present,Present,Present,Present,Present,Present,Present,Present,Present,Present,Present,Present,Present,Present,Present,Present,Present,Present,Present,****,Present,Present,Present,Present,Present,Present,Present,Present,Present,Present,**,Present,Present,Present,Present,**,**,Present,Present,Present,Present,Present,Present,Present,Present,Present,Present,Present,Present,Present,Present,Present,Present,Present,**,**,Present,Present,Present,Present,Present,Present,Present,Present,Present,Present,Present,Present,Present,Present,Present,**,Present,Present,Present,Present,Present,Present,Present,Present,Present,Present,Present,Present,Present,Present,Present,Present,Present,Present,*,Present,*,Present
229,ROBES,Present,Present,Present,Present,Present,Present,**,**,Present,**,Present,**,Present,**,**,Present,Present,Present,Present,Present,Present,Present,**,**,Present,Present,Present,Present,Present,Present,Present,Present,Present,Present,Present,Present,Present,Present,Present,Present,Present,Present,Present,Present,Present,Present,Present,Present,Present,Present,Present,Present,Present,Present,Present,Present,Present,**,Present,Present,Present,Present,Present,Present,Present,Present,Present,Present,Present,Present,Present,Present,Present,Present,Present,Present,Present,Present,*,*,Present,*,Present,*,Present,Present,Present,Present,*,Present,Present,*,Present,Present,Present,Present,Present,Present,**,**,**,Present,*,*,*,Present,*,Present,Present,*,Present,*,Present,**,**,**,**,**,**,*,*,Present,*,**,Present,*,Present,*,Present,*,*,Present,Present,Present,*,*,**,Present,Present,*,**,*,Present,*,*,*,Present,Present,Present,*,**,**,*,Present,*,*,***,*,*,*,***,*,**,Present,Present,**,Present,***,*,Present,*,Present,*,**,Present,*,Present,Present
230,RODRIGUEZ (E.),Present,Present,Present,Present,Present,Present,Present,Present,Present,Present,**,Present,Present,Present,Present,Present,Present,**,Present,Present,Present,Present,Present,Present,Present,Present,**,Present,Present,Present,**,Present,Present,Present,Present,Present,Present,Present,Present,Present,Present,Present,Present,Present,Present,Present,Present,Present,Present,Present,Present,Present,Present,Present,Present,Present,Present,Present,Present,Present,Present,Present,Present,Present,Present,**,Present,Present,Present,Present,Present,Present,Present,Present,Present,Present,Present,Present,Present,Present,Present,Present,Present,Present,Present,Present,*,Present,Present,Present,Present,**,*,*,Present,Present,Present,Present,Present,Present,Present,*,Present,**,Present,*,*,Present,Present,*,*,Present,*,**,**,**,**,**,**,*,Present,Present,Present,Present,*,****,Present,Present,Present,Present,****,****,****,Present,Present,Present,**,**,**,**,Present,**,**,Present,Present,****,Present,**,Present,**,**,**,Present,Present,**,**,Present,*,**,**,**,Present,Present,**,**,*,Present,**,Present,Present,Present,Present,Present,Present,Present,Present,Present,Present
231,RODRIGUEZ (R.),Present,Present,Present,Present,Present,Present,Present,Present,Present,**,Present,**,**,Present,**,Present,Present,Present,Present,Present,Present,Present,Present,Present,Present,Present,Present,Present,Present,**,**,**,**,Present,Present,Present,Present,Present,Present,Present,Present,Present,Present,Present,Present,Present,Present,Present,Present,Present,Present,Present,Present,Present,Present,Present,Present,Present,Present,Present,Present,Present,Present,Present,Present,Present,Present,Present,Present,Present,Present,Present,**,Present,Present,**,**,**,Present,Present,**,Present,Present,*,**,**,Present,Present,Present,Present,**,**,**,**,**,**,**,**,Present,*,Present,**,**,**,**,**,**,Present,**,**,*,Present,Present,Present,Present,Present,Present,Present,Present,Present,**,*,Present,Present,Present,Present,Present,Present,Present,Present,Present,**,*,**,Present,Present,**,**,**,**,*,**,**,**,**,**,**,Present,Present,**,Present,**,Present,Present,Present,**,Present,Present,*,*,Present,Present,Present,Present,Present,*,Present,Present,Present,**,Present,**,Present,**,**,Present,Present,Present
232,ROMAN,Present,Present,Present,Present,Present,Present,Present,Present,Present,Present,Present,Present,Present,Present,Present,Present,Present,Present,Present,Present,Present,Present,Present,**,Present,Present,Present,Present,Present,Present,Present,Present,Present,Present,Present,Present,Present,Present,Present,Present,Present,Present,Present,Present,**,Present,Present,Present,Present,Present,**,Present,Present,Present,Present,Present,Present,Present,Present,Present,Present,Present,Present,Present,Present,Present,Present,Present,Present,Present,Present,Present,Present,Present,Present,****,*,*,**,**,*,*,Present,****,*,****,****,****,*,****,**,**,**,**,**,**,**,**,****,****,*,Present,****,*,**,**,Present,**,**,**,**,**,****,**,**,**,****,Present,Present,*,*,****,**,Present,****,****,Present,*,****,*,**,**,**,**,**,**,****,*,*,Present,**,*,**,**,**,**,Present,*,*,**,****,****,Present,Present,*,**,**,**,**,****,*,****,*,**,Present,Present,Present,*,**,**,*,Present,*,Present,Present,**,Present,*
233,ROMERO,Present,Present,Present,Present,Present,Present,Present,Present,Present,Present,Present,Present,Present,Present,Present,Present,Present,Present,Present,Present,Present,Present,Present,Present,Present,Present,Present,Present,Present,Present,Present,Present,Present,Present,Present,Present,Present,Present,Present,Present,Present,Present,Present,**,Present,Present,Present,Present,Present,Present,Present,Present,Present,Present,Present,Present,Present,Present,Present,Present,Present,Present,Present,Present,Present,Present,Present,Present,Present,Present,Present,**,Present,Present,Present,Present,Present,Present,Present,Present,Present,*,Present,Present,Present,Present,**,**,**,**,**,**,**,**,**,**,**,**,**,**,**,**,**,**,**,**,**,Present,**,**,****,**,**,Present,Present,**,****,Present,****,**,**,**,**,**,*,Present,Present,**,**,**,**,**,**,**,Present,**,Present,**,**,****,**,**,*,****,**,Present,Present,****,Present,**,**,****,*,****,*,*,**,**,**,**,*,**,**,Present,Present,Present,Present,**,****,*,****,****,****,****,**,****,****,*
234,ROMUALDEZ (F.M.),Present,Present,Present,Present,Present,Present,Present,Present,Present,Present,**,**,**,Present,Present,Present,**,**,Present,Present,Present,Present,Present,Present,Present,Present,Present,Present,Present,Present,Present,Present,Present,Present,Present,Present,Present,Present,Present,Present,Present,Present,Present,Present,Present,Present,Present,Present,Present,Present,Present,Present,Present,Present,Present,Present,Present,Present,Present,Present,Present,Present,Present,Present,Present,Present,Present,Present,Present,Present,Present,Present,Present,Present,Present,Present,Present,Present,**,**,Present,Present,Present,Present,Present,Present,Present,**,**,**,**,**,**,**,Present,Present,Present,Present,Present,Present,Present,Present,**,**,**,Present,Present,Present,Present,**,Present,Present,Present,Present,Present,Present,**,**,Present,Present,Present,Present,Present,Present,Present,Present,Present,Present,**,**,**,**,**,Present,Present,Present,Present,Present,Present,Present,Present,Present,Present,Present,Present,Present,Present,Present,Present,Present,Present,Present,Present,Present,Present,Present,Present,**,Present,Present,**,Present,**,Present,Present,Present,Present,Present,Present,Present,**,**,**,Present,Present,Present,Present,Present
235,ROMUALDEZ (Y.M.),Present,Present,Present,Present,Present,Present,Present,Present,Present,Present,Present,Present,Present,Present,Present,Present,Present,Present,Present,Present,Present,Present,**,Present,Present,Present,Present,Present,Present,Present,Present,Present,Present,Present,Present,Present,Present,Present,Present,Present,Present,Present,Present,Present,Present,Present,Present,Present,Present,Present,Present,Present,Present,Present,Present,Present,Present,Present,Present,Present,Present,Present,Present,Present,Present,Present,Present,Present,Present,Present,Present,Present,Present,Present,Present,Present,Present,Present,Present,Present,Present,Present,Present,Present,Present,**,**,**,Present,**,**,Present,Present,Present,Present,Present,Present,Present,Present,Present,Present,Present,**,**,**,Present,Present,Present,Present,Present,Present,Present,Present,Present,Present,Present,Present,**,Present,Present,Present,Present,Present,Present,Present,Present,Present,Present,Present,Present,Present,Present,Present,**,Present,Present,Present,Present,Present,Present,Present,***,***,**,***,***,Present,Present,Present,***,***,Present,Present,Present,Present,Present,Present,Present,Present,Present,***,***,***,Present,Present,Present,Present,***,***,Present,**,**,**,Present,Present,Present,Present,Present
236,ROMUALDO,Present,Present,Present,Present,Present,Present,Present,Present,Present,Present,Present,Present,**,Present,Present,**,Present,**,Present,Present,Present,Present,Present,Present,Present,Present,Present,Present,Present,Present,Present,Present,Present,**,**,Present,Present,Present,Present,Present,Present,**,Present,Present,Present,Present,Present,Present,Present,Present,Present,Present,Present,Present,Present,Present,Present,Present,Present,Present,Present,Present,Present,Present,Present,Present,Present,Present,**,**,Present,Present,Present,Present,Present,***,***,*,Present,*,***,***,Present,*,Present,Present,**,Present,Present,**,*,****,**,*,*,Present,**,Present,Present,Present,**,Present,Present,**,**,Present,Present,Present,Present,**,**,Present,Present,Present,Present,Present,Present,Present,Present,*,*,Present,Present,Present,*,*,Present,Present,*,**,*,**,**,**,Present,*,**,**,**,**,Present,****,****,*,****,**,****,Present,**,*,Present,**,**,**,*,*,Present,*,*,Present,**,****,*,Present,Present,Present,Present,**,Present,**,Present,Present,Present,**,Present,*,**,**
237,ROMULO,Present,Present,Present,Present,Present,Present,Present,Present,Present,Present,Present,Present,Present,Present,Present,Present,Present,Present,Present,Present,Present,Present,Present,Present,Present,Present,**,Present,Present,Present,Present,Present,Present,Present,Present,Present,Present,Present,Present,Present,Present,Present,Present,Present,Present,Present,Present,**,Present,Present,Present,Present,Present,Present,Present,Present,Present,Present,Present,Present,Present,Present,Present,Present,Present,**,Present,Present,Present,Present,Present,Present,Present,Present,Present,*,**,Present,Present,Present,Present,Present,Present,Present,Present,Present,**,Present,Present,****,Present,**,Present,Present,*,Present,Present,Present,****,****,*,Present,****,****,*,Present,**,****,*,*,Present,*,*,Present,*,*,Present,**,Present,****,Present,Present,**,*,Present,***,Present,Present,Present,Present,Present,****,Present,Present,Present,**,*,*,**,*,**,****,****,**,****,*,*,Present,**,**,**,*,*,****,Present,**,Present,Present,Present,Present,Present,Present,Present,Present,Present,Present,*,**,*,Present,Present,Present,Present,Present,Present,Present,Present,Present
238,ROQUE,Present,Present,Present,Present,Present,Present,Present,Present,Present,Present,Present,Present,Present,**,Present,Present,Present,Present,Present,Present,Present,Present,Present,Present,Present,Present,Present,Present,Present,Present,Present,Present,Present,Present,Present,Present,Present,Present,Present,Present,Present,Present,Present,Present,Present,Present,Present,Present,Present,Present,Present,Present,Present,Present,Present,Present,Present,Present,**,Present,Present,Present,Present,Present,Present,Present,Present,Present,Present,Present,Present,Present,**,Present,Present,****,****,****,Present,Present,**,Present,Present,Present,****,**,Present,****,Present,**,****,*,Present,Present,*,Present,Present,Present,Present,Present,****,Present,**,**,Present,Present,Present,Present,Present,*,*,Present,Present,**,**,**,Present,Present,Present,****,*,****,****,****,Present,*,Present,*,Present,Present,Present,****,*,Present,****,****,Present,**,**,**,**,*,Present,**,Present,**,**,**,**,Present,Present,***,Present,Present,**,*,Present,Present,Present,Present,Present,Present,Present,Present,Present,**,Present,Present,**,**,Present,Present,Present,Present,*,Present,****,**
239,SACDALAN,Present,Present,Present,Present,Present,Present,**,Present,Present,Present,**,Present,Present,Present,Present,Present,Present,Present,Present,Present,**,**,Present,Present,Present,Present,Present,Present,Present,Present,Present,Present,Present,Present,Present,Present,Present,Present,Present,Present,Present,Present,Present,Present,Present,Present,Present,Present,Present,Present,Present,Present,Present,Present,Present,Present,Present,Present,Present,Present,Present,Present,Present,Present,Present,Present,Present,Present,Present,Present,Present,Present,**,Present,Present,Present,Present,Present,**,**,*,Present,Present,Present,Present,Present,Present,Present,Present,Present,**,Present,Present,Present,Present,Present,Present,*,Present,Present,*,Present,Present,Present,Present,Present,Present,**,****,*,****,****,****,****,*,Present,Present,Present,Present,Present,Present,**,**,**,**,**,Present,Present,Present,****,Present,*,Present,*,****,****,Present,Present,*,Present,**,Present,****,****,****,****,Present,Present,*,****,**,Present,Present,Present,Present,Present,****,****,****,****,****,Present,Present,****,****,*,*,****,Present,*,*,Present,Present,**,*,Present,Present,*
240,SAGARBARRIA,Present,Present,Present,Present,Present,Present,Present,Present,Present,Present,Present,Present,**,Present,**,**,Present,**,Present,Present,Present,Present,Present,Present,Present,Present,Present,Present,Present,Present,Present,Present,Present,**,**,Present,Present,Present,Present,Present,Present,**,Present,Present,Present,Present,Present,Present,Present,Present,Present,Present,Present,Present,Present,Present,Present,Present,Present,Present,Present,Present,Present,Present,Present,Present,Present,Present,**,**,Present,Present,**,Present,Present,***,*,*,***,*,***,**,Present,**,**,**,**,**,Present,**,*,*,**,Present,*,Present,**,Present,Present,****,****,****,****,****,****,****,****,Present,****,**,Present,*,*,****,****,****,*,*,Present,****,****,****,****,****,****,****,****,Present,Present,Present,*,*,*,*,Present,Present,*,Present,****,****,*,****,****,****,****,**,****,****,****,*,*,Present,*,****,****,*,****,****,****,****,****,****,****,****,**,****,*,****,****,****,****,****,****,****,*,****,****,*
241,SAKALURAN,Present,Present,Present,Present,Present,Present,Present,Present,Present,Present,Present,**,Present,**,**,Present,Present,**,Present,Present,Present,Present,Present,Present,Present,Present,Present,Present,Present,Present,Present,Present,Present,Present,Present,Present,Present,Present,Present,Present,Present,Present,Present,Present,Present,Present,Present,Present,Present,Present,Present,Present,Present,Present,Present,Present,Present,Present,Present,Present,Present,Present,Present,Present,Present,Present,Present,Present,Present,Present,Present,Present,Present,Present,Present,Present,*,**,**,**,Present,****,Present,**,**,**,**,Present,Present,*,*,**,**,*,*,**,**,*,**,**,**,Present,****,****,**,**,**,**,****,****,**,**,*,Present,*,**,***,***,***,**,Present,Present,****,**,Present,**,**,**,****,****,****,Present,****,*,**,**,****,**,**,**,**,Present,*,****,Present,****,Present,Present,Present,**,**,*,*,****,*,**,****,****,**,**,**,**,**,**,**,*,Present,**,****,**,Present,Present,Present,***,*,***,***,*
242,SALCEDA,Present,Present,Present,Present,Present,Present,Present,Present,Present,Present,Present,**,Present,**,Present,Present,Present,Present,Present,**,Present,Present,Present,Present,Present,Present,Present,Present,Present,Present,**,Present,Present,Present,Present,Present,Present,Present,Present,Present,Present,Present,Present,Present,Present,Present,Present,Present,Present,Present,Present,Present,Present,Present,Present,Present,Present,Present,**,**,Present,Present,Present,Present,Present,Present,Present,Present,Present,Present,Present,Present,Present,Present,Present,Present,Present,Present,Present,Present,**,****,Present,Present,**,Present,Present,****,Present,**,*,Present,*,*,Present,Present,Present,Present,**,*,Present,Present,****,*,*,*,**,Present,*,Present,**,****,***,***,*,*,***,Present,Present,Present,*,****,***,***,****,*,Present,*,****,****,****,****,*,*,***,***,***,**,**,*,**,****,****,***,****,***,Present,**,**,***,****,****,***,****,*,*,***,***,**,***,**,***,**,Present,****,Present,**,***,****,**,**,***,***,**,*,****,***,****
243,SALI,Present,Present,Present,Present,Present,Present,Present,Present,Present,Present,Present,**,**,**,Present,Present,Present,Present,Present,Present,Present,**,Present,Present,Present,Present,Present,Present,Present,Present,Present,Present,Present,Present,Present,Present,Present,Present,Present,Present,Present,Present,Present,Present,Present,Present,Present,Present,Present,Present,Present,Present,Present,Present,Present,Present,Present,Present,Present,Present,Present,Present,Present,Present,Present,Present,Present,Present,Present,Present,Present,Present,Present,Present,Present,****,Present,Present,Present,Present,****,Present,Present,Present,Present,Present,****,Present,****,*,Present,****,****,****,*,Present,Present,*,****,****,*,Present,****,****,*,Present,Present,Present,Present,****,****,****,*,*,*,*,*,****,Present,Present,****,****,****,****,****,****,Present,*,****,*,*,Present,****,*,****,****,****,****,****,****,****,****,****,****,****,****,****,****,Present,****,****,Present,****,****,*,**,***,***,****,*,*,*,****,****,*,****,*,****,****,****,****,****,****,*,*,****,****,*
244,SALIMBANGON,Present,Present,Present,Present,Present,Present,Present,Present,Present,Present,Present,**,Present,Present,**,Present,Present,Present,**,Present,Present,Present,Present,Present,**,**,**,Present,Present,Present,Present,Present,Present,Present,Present,Present,Present,Present,Present,Present,Present,Present,Present,Present,Present,Present,Present,Present,Present,Present,Present,Present,Present,Present,Present,Present,Present,Present,Present,Present,Present,Present,Present,Present,Present,Present,Present,Present,Present,Present,Present,Present,**,Present,Present,Present,Present,Present,Present,Present,Present,Present,Present,Present,Present,Present,Present,Present,Present,Present,**,Present,Present,*,*,Present,Present,Present,**,**,**,**,**,**,Present,Present,Present,**,Present,Present,Present,*,Present,**,**,**,**,**,**,Present,Present,**,**,**,**,*,Present,Present,**,**,**,Present,Present,Present,Present,Present,**,Present,**,**,**,Present,Present,**,**,**,Present,Present,Present,Present,Present,***,***,***,Present,**,Present,*,Present,Present,**,Present,**,Present,Present,Present,Present,**,**,**,Present,Present,Present,Present,**,****,*,*
245,SALO,Present,Present,Present,Present,Present,Present,**,Present,Present,**,**,**,Present,**,**,Present,Present,Present,Present,Present,Present,Present,Present,Present,Present,Present,Present,Present,Present,Present,Present,Present,Present,Present,Present,Present,Present,Present,Present,Present,Present,Present,Present,Present,Present,Present,Present,Present,Present,Present,Present,Present,Present,Present,Present,Present,Present,Present,Present,Present,Present,Present,Present,Present,Present,Present,Present,Present,Present,Present,Present,Present,Present,Present,Present,*,Present,Present,Present,Present,Present,**,Present,Present,**,Present,Present,**,Present,Present,Present,Present,Present,Present,Present,Present,Present,Present,Present,Present,Present,Present,Present,**,Present,Present,*,**,Present,Present,*,*,*,Present,Present,**,*,Present,**,Present,*,Present,**,*,Present,Present,Present,Present,Present,Present,Present,**,**,Present,Present,*,Present,****,Present,**,**,Present,Present,****,Present,Present,**,**,**,Present,*,Present,Present,Present,**,**,Present,*,**,Present,Present,Present,Present,Present,Present,Present,Present,*,Present,Present,Present,Present,Present,Present,*,****,****,Present
246,SALVAME,Present,Present,Present,Present,Present,Present,Present,Present,Present,**,Present,Present,**,**,**,Present,Present,**,Present,Present,Present,Present,Present,Present,Present,Present,Present,Present,Present,Present,Present,Present,Present,Present,Present,Present,Present,Present,Present,Present,Present,Present,Present,Present,Present,Present,Present,Present,Present,Present,Present,Present,Present,Present,Present,Present,Present,Present,Present,Present,Present,Present,Present,Present,Present,Present,Present,Present,Present,Present,Present,Present,Present,Present,Present,Present,Present,Present,Present,Present,**,**,Present,**,**,Present,Present,Present,Present,Present,Present,Present,Present,Present,*,Present,Present,Present,**,**,**,**,**,**,**,**,**,**,**,**,**,**,**,***,***,*,***,***,***,**,**,**,**,**,**,**,**,**,**,**,**,**,Not Listed,Not Listed,Not Listed,Not Listed,Not Listed,Not Listed,Not Listed,Not Listed,Not Listed,Not Listed,Not Listed,Not Listed,Not Listed,Not Listed,Not Listed,Not Listed,Not Listed,Not Listed,Not Listed,Not Listed,Not Listed,Not Listed,Not Listed,Not Listed,Not Listed,Not Listed,Not Listed,Not Listed,Not Listed,Not Listed,Not Listed,Not Listed,Not Listed,Not Listed,Not Listed,Not Listed,Not Listed,Not Listed,Not Listed,Not Listed,Not Listed,Not Listed,Not Listed,Not Listed,Not Listed,Not Listed
247,SANTOS,Present,Present,Present,Present,Present,***,Present,Present,Present,**,**,Present,Present,Present,**,Present,Present,Present,Present,Present,Present,Present,Present,*,Present,Present,Present,Present,Present,Present,Present,Present,Present,Present,Present,Present,Present,Present,Present,Present,Present,Present,Present,Present,Present,Present,Present,Present,Present,Present,Present,Present,Present,Present,**,**,**,Present,Present,Present,Present,Present,Present,Present,Present,Present,Present,Present,Present,Present,Present,Present,Present,Present,Present,Present,Present,Present,*,*,****,Present,Present,****,Present,Present,****,Present,****,Present,****,Present,Present,Present,*,Present,Present,*,Present,****,****,****,****,****,**,**,**,Present,Present,Present,****,*,*,Present,****,****,Present,****,Present,Present,Present,Present,Present,Present,Present,Present,Present,Present,Present,Present,Present,****,*,Present,****,****,*,****,*,Present,*,Present,Present,Present,Present,****,*,*,*,**,***,***,***,***,*,**,****,**,****,Present,****,*,Present,*,*,****,*,****,Present,*,*,****,Present,*,**,Present,Present,Present
248,SAULOG,Present,Present,Present,Present,Present,Present,Present,Present,Present,Present,Present,Present,Present,Present,Present,Present,Present,Present,Present,Present,Present,**,**,Present,Present,Present,Present,Present,Present,Present,Present,Present,Present,Present,Present,Present,Present,Present,Present,Present,Present,Present,Present,Present,Present,Present,Present,Present,Present,Present,Present,Present,Present,Present,Present,Present,Present,**,Present,Present,Present,Present,Present,Present,Present,Present,Present,Present,Present,Present,Present,Present,Present,Present,Present,****,*,*,Present,Present,**,**,Present,****,****,*,****,Present,**,Present,Present,Present,*,Present,*,Present,Present,*,**,**,**,Present,Present,****,Present,*,*,*,****,****,****,*,*,****,****,*,****,****,Present,****,****,*,****,*,*,Present,Present,Present,Present,Present,****,Present,Present,*,****,****,****,Present,**,*,**,Present,****,****,****,****,****,Present,*,****,**,****,****,****,*,**,****,*,Present,****,*,****,Present,*,*,**,*,****,****,****,****,Present,*,Present,*,****,****,*
249,SILVERIO,Present,Present,Present,Present,Present,Present,Present,Present,Present,**,Present,**,Present,Present,Present,Present,Present,Present,Present,Present,Present,Present,Present,Present,Present,Present,Present,Present,Present,Present,Present,Present,Present,Present,Present,Present,Present,Present,Present,Present,Present,Present,Present,Present,Present,Present,Present,Present,Present,Present,Present,Present,Present,Present,Present,Present,Present,Present,Present,**,Present,Present,Present,Present,Present,Present,Present,Present,Present,Present,Present,Present,**,Present,Present,Present,****,Present,*,Present,Present,*,Present,Present,Present,****,**,**,Present,Present,Present,****,Present,Present,*,Present,Present,*,**,**,Present,Present,Present,Present,**,**,*,*,Present,*,****,*,Present,*,Present,****,Present,Present,Present,*,*,Present,Present,Present,*,Present,Present,Present,***,***,*,*,****,Present,Present,*,***,Present,Present,Present,*,Present,****,****,****,**,Present,*,Present,Present,**,*,Present,****,*,*,Present,*,*,****,*,Present,Present,Present,*,*,*,****,Present,*,*,****,*,*,Present,****,Present,Present
250,SINGSON (R.),Present,Present,Present,Present,Present,Present,Present,Present,Present,**,Present,Present,Present,**,Present,Present,Present,Present,Present,Present,Present,Present,Present,Present,Present,Present,Present,Present,**,Present,Present,Present,Present,Present,Present,Present,Present,Present,Present,Present,Present,Present,Present,Present,Present,Present,Present,Present,Present,Present,Present,Present,Present,Present,Present,Present,Present,Present,Present,Present,Present,Present,Present,Present,Present,**,Present,Present,Present,Present,Present,Present,Present,Present,Present,Present,Present,Present,*,**,**,Present,Present,Present,Present,Present,Present,**,Present,**,Present,**,Present,Present,Present,Present,Present,Present,*,*,Present,****,**,Present,Present,Present,Present,***,Present,*,Present,**,Present,Present,Present,Present,Present,Present,Present,Present,**,Present,Present,**,Present,Present,**,**,****,Present,Present,Present,Present,Present,**,**,Present,Present,Present,*,Present,Present,Present,Present,Present,**,Present,****,Present,Present,**,**,**,**,**,**,Present,Present,Present,**,Present,**,Present,**,**,**,**,Present,Present,Present,**,Present,Present,**,Present,Present,Present,Present
251,SINGSON (R.V.),Present,Present,Present,Present,Present,Present,Present,Present,Present,**,**,Present,Present,Present,Present,Present,Present,Present,Present,Present,Present,Present,Present,Present,Present,Present,Present,Present,Present,Present,Present,Present,Present,Present,Present,Present,Present,Present,Present,Present,Present,Present,Present,Present,Present,Present,Present,Present,Present,Present,Present,Present,Present,Present,Present,Present,Present,Present,Present,Present,Present,Present,Present,Present,Present,Present,Present,Present,Present,Present,Present,Present,Present,Present,Present,****,****,****,Present,Present,****,Present,Present,Present,Present,Present,Present,****,**,**,Present,Present,**,*,Present,Present,Present,Present,Present,**,**,**,****,Present,Present,Present,Present,****,Present,Present,Present,*,Present,Present,****,****,****,Present,Present,Present,Present,****,****,****,Present,Present,Present,Present,Present,Present,Present,Present,*,Present,****,****,*,Present,****,Present,*,****,****,****,****,****,****,****,*,*,Present,****,****,****,*,**,Present,Present,*,Present,****,Present,Present,****,Present,****,*,****,Present,Present,****,****,****,Present,*,****,****,*
252,SINGSON-MEEHAN,Present,Present,Present,Present,Present,Present,Present,Present,Present,Present,Present,Present,Present,Present,Present,Present,Present,**,Present,Present,Present,Present,Present,Present,Present,Present,Present,Present,Present,Present,Present,Present,Present,Present,Present,Present,Present,Present,Present,Present,Present,Present,Present,Present,Present,Present,Present,Present,Present,Present,Present,Present,Present,Present,Present,Present,Present,Present,Present,Present,Present,Present,Present,Present,Present,Present,Present,Present,Present,Present,Present,Present,Present,Present,Present,Present,Present,Present,Present,Present,**,Present,Present,Present,Present,Present,*,Present,Present,Present,Present,Present,****,**,Present,Present,Present,Present,**,**,**,**,**,**,Present,Present,Present,Present,Present,****,****,Present,Present,Present,Present,Present,Present,Present,Present,Present,*,Present,Present,Present,Present,Present,Present,Present,Present,Present,***,Present,*,Present,Present,Present,**,**,Present,Present,Present,****,****,**,**,Present,**,Present,*,*,Present,Present,**,****,Present,**,**,**,*,**,Present,Present,Present,Present,Present,**,*,****,Present,*,Present,*,Present,**,Present,Present,Present,Present
253,SOLON,Present,Present,Present,Present,Present,Present,**,**,Present,Present,Present,**,Present,**,Present,Present,Present,Present,Present,Present,Present,Present,Present,**,Present,Present,Present,Present,Present,Present,Present,Present,Present,Present,Present,Present,Present,Present,Present,Present,Present,Present,Present,Present,Present,Present,Present,Present,Present,Present,Present,Present,Present,Present,Present,Present,Present,Present,Present,**,Present,Present,Present,Present,Present,Present,Present,Present,Present,Present,Present,Present,Present,Present,Present,Present,Present,Present,Present,*,**,Present,Present,**,**,Present,**,Present,Present,Present,****,****,****,Present,*,Present,Present,Present,Present,**,**,Present,****,****,**,**,*,**,Present,Present,Present,Present,Present,Present,*,Present,****,*,Present,Present,*,**,**,**,Present,Present,Present,Present,***,***,Present,Present,**,*,Present,****,Present,Present,**,*,**,Present,Present,Present,*,Present,Present,****,Present,*,****,****,****,**,*,Present,****,*,Present,****,****,**,**,Present,Present,**,*,****,Present,*,****,****,Present,*,Present,Present,*,Present
254,SORIANO,Present,Present,Present,Present,Present,Present,Present,Present,Present,Present,Present,Present,Present,Present,Present,Present,Present,Present,Present,Present,**,Present,Present,Present,Present,Present,Present,Present,Present,Present,Present,Present,Present,Present,Present,Present,Present,Present,Present,Present,Present,Present,Present,Present,Present,Present,Present,Present,Present,Present,Present,Not Listed,Not Listed,Not Listed,Not Listed,Not Listed,Not Listed,Not Listed,Not Listed,Not Listed,Not Listed,Not Listed,Not Listed,Not Listed,Not Listed,Not Listed,Not Listed,Not Listed,Not Listed,Not Listed,Not Listed,Not Listed,Not Listed,Not Listed,Not Listed,Not Listed,Not Listed,Not Listed,Not Listed,Not Listed,Not Listed,Not Listed,Not Listed,Not Listed,Not Listed,Not Listed,Not Listed,Not Listed,Not Listed,Not Listed,Not Listed,Not Listed,Not Listed,Not Listed,Not Listed,Not Listed,Not Listed,Not Listed,Not Listed,Not Listed,Not Listed,Not Listed,Not Listed,Not Listed,Not Listed,Not Listed,Not Listed,Not Listed,Not Listed,Not Listed,Not Listed,Not Listed,Not Listed,Not Listed,Not Listed,Not Listed,Not Listed,Not Listed,Not Listed,Not Listed,Not Listed,Not Listed,Not Listed,Not Listed,Not Listed,Not Listed,Not Listed,Not Listed,Not Listed,Not Listed,Not Listed,Not Listed,Not Listed,Not Listed,Not Listed,Not Listed,Not Listed,Not Listed,Not Listed,Not Listed,Not Listed,Not Listed,Not Listed,Not Listed,Not Listed,Not Listed,Not Listed,Not Listed,Not Listed,Not Listed,Not Listed,Not Listed,Not Listed,Not Listed,Not Listed,Not Listed,Not Listed,Not Listed,Not Listed,Not Listed,Not Listed,Not Listed,Not Listed,Not Listed,Not Listed,Not Listed,Not Listed,Not Listed,Not Listed,Not Listed,Not Listed,Not Listed,Not Listed,Not Listed,Not Listed,Not Listed,Not Listed,Not Listed
254,TULFO (E.),Not Listed,Not Listed,Not Listed,Not Listed,Not Listed,Not Listed,Not Listed,Not Listed,Not Listed,Not Listed,Not Listed,Not Listed,Not Listed,Not Listed,Not Listed,Not Listed,Not Listed,Not Listed,Not Listed,Not Listed,Not Listed,Not Listed,Not Listed,Not Listed,Not Listed,Not Listed,Not Listed,Not Listed,Not Listed,Not Listed,Not Listed,Not Listed,Not Listed,Not Listed,Not Listed,Not Listed,Not Listed,Not Listed,Not Listed,Not Listed,Not Listed,Not Listed,Not Listed,Not Listed,Not Listed,Not Listed,Not Listed,Not Listed,Not Listed,Not Listed,Not Listed,Not Listed,Not Listed,Not Listed,Not Listed,Not Listed,Not Listed,Not Listed,Not Listed,Not Listed,Not Listed,Not Listed,Not Listed,Not Listed,Not Listed,Not Listed,Not Listed,Not Listed,Not Listed,Not Listed,Not Listed,Not Listed,Not Listed,Present,Present,Present,Present,Present,Present,Present,Present,Present,Present,*,****,**,**,Present,****,**,Present,*,Present,*,*,Present,Present,*,Present,Present,Present,*,Present,*,Present,*,Present,Present,Present,*,**,Present,Present,*,Present,Present,Present,Present,**,*,Present,Present,Present,Present,Present,Present,Present,Present,Present,Present,Present,Present,Present,Present,Present,Present,Present,Present,Present,**,Present,Present,*,***,***,Present,Present,Present,*,Present,Present,Present,Present,Present,Present,*,Present,Present,Present,*,Present,*,Present,Present,Present,*,Present,Present,*,Present,*,****,****,***,Present,Present,****,*
255,SUAN,Present,Present,Present,Present,Present,Present,Present,Present,Present,Present,Present,**,**,Present,Present,Present,Present,Present,Present,Present,Present,Present,Present,**,Present,Present,Present,Present,Present,Present,**,Present,Present,Present,**,Present,Present,Present,Present,Present,Present,Present,Present,Present,Present,Present,Present,Present,Present,Present,Present,Present,Present,Present,Present,Present,Present,Present,Present,Present,Present,**,**,**,Present,Present,Present,Present,Present,Present,Present,Present,**,Present,Present,Present,Present,Present,Present,*,Present,Present,Present,*,Present,Present,Present,Present,Present,Present,Present,Present,Present,**,**,Present,Present,Present,Present,Present,Present,Present,Present,Present,Present,Present,Present,Present,Present,Present,Present,Present,Present,Present,Present,Present,Present,Present,*,Present,Present,****,***,****,Present,Present,Present,Present,Present,Present,Present,Present,Present,Present,Present,Present,Present,Present,Present,****,Present,Present,Present,Present,Present,Present,*,Present,Present,Present,Present,Present,Present,Present,Present,Present,Present,Present,Present,**,Present,Present,Present,Present,Present,Present,Present,Present,Present,**,Present,Present,**,Present,Present,Present,****,**
256,SUANSING (H.),Present,Present,Present,Present,Present,Present,Present,**,Present,Present,Present,Present,Present,Present,Present,Present,Present,Present,Present,**,Present,Present,Present,Present,Present,Present,Present,Present,Present,Present,Present,Present,Present,Present,Present,Present,Present,Present,Present,Present,Present,Present,Present,Present,Present,Present,Present,Present,Present,Present,Present,Present,Present,Present,Present,Present,Present,Present,Present,Present,Present,Present,Present,Present,Present,Present,Present,Present,Present,Present,Present,Present,Present,Present,**,Present,****,Present,****,****,****,****,Present,****,Present,Present,****,**,**,****,****,****,****,****,*,Present,Present,****,****,Present,****,Present,****,****,****,Present,****,*,*,****,****,*,*,Present,****,****,*,****,****,****,****,****,****,****,****,****,Present,****,****,Present,****,****,****,**,****,Present,****,****,****,****,***,****,***,****,****,****,****,****,****,**,****,****,****,****,Present,*,****,****,****,****,****,Present,***,****,****,**,*,****,****,**,***,***,***,***,***,***,***,*
257,SUANSING (M.A.),Present,Present,Present,Present,Present,Present,Present,Present,Present,Present,**,Present,Present,Present,Present,Present,Present,Present,Present,**,Present,Present,Present,Present,Present,Present,Present,Present,Present,Present,Present,Present,Present,Present,Present,Present,Present,Present,Present,Present,Present,Present,Present,Present,Present,Present,Present,Present,Present,Present,Present,Present,Present,Present,Present,Present,Present,Present,Present,Present,Present,Present,Present,Present,Present,Present,Present,Present,Present,Present,Present,Present,Present,Present,Present,**,Present,Present,Present,Present,Present,Present,Present,Present,Present,Present,*,**,*,*,Present,*,Present,Present,Present,Present,Present,*,Present,Present,****,Present,*,**,Present,Present,*,Present,Present,Present,*,*,*,Present,Present,*,*,****,Present,*,*,Present,**,*,Present,***,Present,Present,Present,Present,Present,*,*,*,Present,Present,**,Present,*,Present,***,Present,*,****,*,****,Present,*,*,**,****,Present,Present,*,*,*,Present,**,**,****,****,Present,****,****,****,**,*,****,***,***,***,***,***,Present,*,***,***,*
258,SUAREZ,Present,Present,Present,Present,Present,Present,**,**,Present,**,Present,Present,Present,**,Present,Present,Present,Present,Present,Present,Present,Present,Present,Present,Present,Present,Present,Present,Present,Present,Present,Present,Present,Present,Present,Present,Present,Present,Present,Present,Present,Present,Present,Present,Present,Present,Present,Present,Present,Present,Present,Present,Present,Present,Present,Present,Present,**,**,Present,Present,Present,Present,Present,Present,Present,**,Present,Present,Present,Present,Present,Present,Present,Present,Present,Present,Present,Present,Present,**,****,Present,Present,Present,Present,****,Present,*,**,Present,****,Present,Present,*,Present,Present,Present,Present,*,****,****,****,*,Present,Present,Present,*,****,**,Present,Present,Present,*,Present,Present,Present,****,Present,Present,*,*,Present,Present,*,Present,Present,Present,Present,Present,Present,Present,Present,*,Present,*,Present,Present,**,Present,**,*,Present,Present,*,Present,Present,*,Present,*,Present,Present,Present,Present,Present,Present,Present,**,**,**,Present,Present,Present,Present,*,**,Present,**,Present,**,*,Present,Present,Present,Present,Present,Present,**
259,TALLADO,Present,Present,Present,Present,Present,Present,Present,Present,Present,Present,Present,Present,Present,Present,Present,Present,Present,Present,Present,Present,Present,Present,**,**,Present,Present,**,Present,Present,Present,Present,Present,Present,Present,Present,Present,Present,Present,Present,Present,Present,Present,Present,Present,Present,Present,Present,Present,Present,Present,Present,Present,Present,Present,Present,Present,Present,Present,Present,Present,Present,Present,Present,Present,Present,Present,Present,Present,Present,Present,Present,Present,Present,Present,Present,Present,Present,Present,Present,Present,Present,*,Present,*,**,Present,**,**,**,**,Present,*,Present,*,*,Present,Present,*,**,**,**,Present,*,Present,Present,*,Present,Present,Present,Present,Present,*,*,Present,**,**,**,**,**,Present,Present,Present,Present,****,Present,Present,Present,*,Present,Present,Present,Present,Present,*,Present,Present,****,***,**,**,*,***,***,Present,Present,Present,***,***,**,**,****,***,***,Present,*,*,Present,***,***,***,**,****,Present,****,****,Present,Present,**,**,**,Present,****,***,****,Present,*,Present,*
260,TAMAYO,Present,Present,Present,Present,Present,Present,Present,**,Present,**,Present,Present,**,Present,Present,Present,Present,Present,Present,Present,**,Present,Present,Present,Present,Present,Present,Present,Present,Present,Present,Present,Present,Present,Present,Present,Present,Present,Present,Present,Present,Present,Present,Present,Present,Present,Present,Present,Present,Present,Present,Present,Present,Present,Present,Present,Present,Present,Present,Present,Present,Present,Present,Present,Present,Present,Present,Present,Present,Present,Present,Present,Present,Present,Present,Present,***,Present,***,***,***,Present,Present,Present,Present,Present,Present,Present,Present,Present,Present,Present,Present,Present,Present,Present,Present,*,Present,Present,Present,Present,Present,Present,Present,*,Present,Present,Present,Present,Present,Present,Present,****,****,****,****,****,****,****,****,****,****,****,****,****,****,****,****,****,****,****,****,**,****,****,****,****,Present,Present,Present,Present,Present,Present,Present,Present,Present,Present,Present,Present,*,Present,*,Present,*,****,****,****,****,****,****,****,****,****,****,*,Present,****,Present,Present,Present,Present,Present,Present,Present,****,****,****
261,TAMBUNTING,Present,Present,Present,Present,Present,Present,Present,**,Present,Present,Present,Present,Present,Present,Present,Present,Present,Present,Present,**,Present,Present,Present,**,Present,Present,Present,Present,Present,Present,Present,Present,Present,Present,**,Present,Present,Present,Present,Present,Present,Present,Present,**,Present,Present,Present,Present,Present,Present,**,Present,Present,Present,Present,Present,Present,**,Present,Present,Present,Present,Present,Present,Present,Present,**,Present,Present,**,Present,Present,Present,Present,Present,****,***,***,***,***,**,Present,Present,Present,**,Present,****,*,****,*,*,*,*,Present,*,Present,Present,*,****,*,Present,*,*,*,*,Present,**,*,Present,**,Present,Present,Present,Present,*,**,**,****,Present,Present,*,****,*,****,*,*,Present,Present,**,**,**,**,Present,*,Present,*,Present,Present,**,***,**,Present,**,**,*,*,Present,**,Present,*,**,*,*,**,*,**,Present,Present,*,*,*,Present,*,Present,Present,Present,Present,****,Present,**,Present,**,Present,Present,Present,Present,Present,*
262,TAN (J.),Present,Present,Present,Present,Present,Present,Present,Present,Present,Present,**,**,**,**,Present,Present,Present,Present,Present,Present,Present,Present,Present,Present,Present,Present,Present,Present,Present,Present,Present,Present,Present,Present,Present,Present,Present,Present,Present,Present,Present,Present,Present,**,**,**,**,**,Present,Present,Present,Present,Present,Present,Present,Present,Present,Present,Present,Present,Present,Present,Present,Present,Present,Present,Present,Present,Present,Present,Present,Present,Present,Present,Present,Present,****,Present,Present,Present,*,**,Present,Present,****,Present,Present,Present,*,Present,Present,Present,Present,*,Present,Present,Present,Present,Present,Present,Present,Present,Present,Present,Present,Present,Present,Present,Present,*,Present,Present,Present,Present,Present,Present,Present,**,**,Present,Present,Present,Present,Present,Present,Present,Present,Present,Present,Present,Present,Present,Present,Present,Present,Present,*,Present,Present,Present,Present,Present,**,Present,Present,Present,Present,Present,Present,*,Present,Present,*,****,Present,**,Present,Present,*,Present,Present,Present,Present,Present,Present,Present,Present,*,Present,Present,Present,Present,*,Present,Present,Present,Present,Present
263,TAN (K.M.),Present,Present,Present,Present,Present,Present,Present,Present,Present,Present,Present,**,Present,Present,Present,Present,Present,Present,Present,Present,Present,Present,Present,Present,Present,Present,Present,Present,Present,Present,Present,Present,Present,Present,Present,Present,Present,Present,Present,Present,Present,Present,Present,Present,Present,Present,Present,Present,Present,Present,Present,Present,Present,Present,Present,Present,Present,Present,Present,Present,Present,Present,Present,Present,Present,Present,Present,Present,Present,Present,Present,Present,Present,Present,Present,****,Present,Present,Present,*,****,Present,Present,Present,Present,Present,Present,Present,Present,Present,****,Present,Present,*,Present,Present,Present,Present,Present,*,Present,*,Present,Present,Present,Present,Present,**,Present,Present,Present,Present,Present,Present,**,**,Present,Present,Present,***,Present,Present,Present,Present,****,*,Present,Present,Present,Present,Present,Present,Present,Present,Present,*,Present,Present,Present,Present,Present,*,****,Present,*,Present,Present,Present,Present,****,Present,Present,****,**,Present,Present,Present,Present,Present,Present,Present,Present,****,Present,Present,Present,*,Present,Present,****,**,****,Present,Present,*,Present,****,*
264,TAN (R.M.),Present,Present,Present,Present,Present,Present,Present,Present,Present,Present,Present,Present,Present,Present,Present,Present,Present,Present,Present,Present,Present,Present,Present,Present,Present,Present,Present,Present,Present,Present,Present,Present,Present,Present,Present,Present,Present,Present,Present,Present,Present,Present,Present,Present,Present,Present,Present,Present,***,***,***,Present,Present,Present,Present,Present,Present,Present,Present,Present,***,Present,Present,Present,Present,Present,Present,Present,Present,Present,Present,Present,**,Present,Present,Present,Present,Present,****,****,Present,*,Present,Present,*,****,****,Present,****,****,*,Present,****,Present,*,Present,Present,*,****,*,**,**,**,**,*,****,****,*,****,****,****,****,****,****,Present,****,Present,Present,Present,***,***,***,***,****,****,Present,Present,Present,****,****,*,****,****,Present,Present,Present,Present,****,****,***,Present,****,****,****,****,****,****,****,****,*,**,****,****,****,*,*,****,****,Present,****,****,****,****,****,****,****,***,****,****,Present,Present,*,*,****,****,***,***,***
265,TAN (S.),Present,Present,Present,Present,Present,Present,Present,Present,Present,Present,Present,Present,Present,Present,Present,Present,Present,Present,Present,Present,Present,Present,Present,Present,Present,Present,Present,Present,Present,Present,Present,Present,Present,Present,Present,Present,Present,Present,Present,Present,Present,Present,Present,Present,Present,Present,Present,Present,Present,Present,Present,Present,Present,Present,Present,Present,Present,Present,Present,Present,Present,Present,Present,Present,Present,Present,Present,Present,Present,Present,Present,Present,Present,Present,Present,****,****,****,****,Present,****,****,Present,****,****,****,****,****,****,****,****,****,****,****,****,Present,Present,*,****,****,****,*,****,****,****,****,****,****,****,****,****,****,****,***,****,***,****,****,****,****,****,****,****,****,****,****,****,****,****,****,****,****,****,**,****,****,****,****,****,****,****,****,****,****,****,****,*,*,****,****,****,****,****,****,****,*,****,****,****,****,****,****,*,****,****,*,*,****,****,****,****,****,****,****,****,****,****,****
266,TAN (S.J.),Present,Present,Present,Present,Present,Present,Present,Present,Present,Present,Present,Present,Present,Present,Present,Present,Present,Present,Present,Present,Present,Present,Present,Present,Present,Present,Present,Present,Present,Present,Present,Present,Present,Present,Present,Present,Present,Present,Present,Present,Present,Present,Present,Present,Present,Present,***,***,***,***,***,Present,Present,Present,Present,Present,Present,***,***,***,***,***,***,***,Present,Present,Present,Present,Present,Present,Present,Present,**,Present,Present,Present,Present,Present,****,****,Present,**,Present,**,**,**,**,Present,Present,****,*,Present,****,Present,*,Present,Present,*,**,*,****,**,**,****,*,*,****,****,****,****,****,****,****,*,****,****,****,Present,Present,****,***,***,***,***,****,****,****,****,****,****,*,*,****,Present,*,Present,****,Present,****,****,*,****,****,****,****,****,****,****,****,*,**,****,****,****,*,*,****,****,Present,****,****,****,****,****,****,****,***,****,****,Present,Present,*,*,****,****,****,***,***
267,TAN-TAMBUT,Present,Present,Present,Present,Present,Present,**,Present,Present,Present,Present,**,Present,Present,Present,Present,Present,Present,Present,Present,Present,**,Present,Present,Present,Present,Present,Present,Present,Present,Present,Present,Present,Present,Present,Present,Present,Present,Present,Present,Present,Present,Present,Present,Present,Present,Present,Present,Present,Present,Present,Present,Present,Present,Present,Present,Present,Present,Present,Present,Present,Present,Present,Present,Present,Present,Present,Present,Present,Present,Present,Present,Present,Present,Present,****,****,****,****,****,*,****,Present,****,****,****,****,****,****,****,****,****,****,****,****,Present,Present,****,*,****,*,****,****,****,****,****,****,****,****,****,****,****,****,****,****,****,****,****,****,****,****,****,****,****,****,****,****,*,****,****,****,****,****,**,****,****,****,****,*,****,****,****,****,****,****,****,****,****,****,****,****,****,****,****,****,****,****,****,****,****,****,****,****,****,****,****,****,****,****,****,****,****,****,****,****,*,****,****
268,TANCHAY,Present,Present,Present,Present,Present,Present,Present,Present,Present,**,Present,**,Present,**,**,Present,Present,**,Present,**,Present,Present,Present,Present,Present,Present,Present,Present,Present,Present,**,Present,Present,Present,Present,Present,Present,Present,Present,Present,Present,Present,Present,Present,Present,Present,Present,Present,Present,Present,Present,Present,Present,Present,Present,Present,Present,Present,Present,Present,Present,Present,Present,Present,Present,Present,Present,Present,Present,Present,Present,Present,Present,Present,Present,Present,****,****,****,*,*,****,Present,Present,****,****,****,****,****,****,*,****,****,****,*,Present,Present,*,****,****,****,****,****,****,*,Present,****,Present,****,*,Present,Present,Present,****,Present,****,****,****,****,****,*,Present,Present,Present,Present,****,****,Present,Present,****,*,*,*,*,Present,Present,*,Present,Present,Present,Present,*,Present,Present,Present,Present,Present,Present,Present,*,*,Present,****,Present,Present,*,Present,Present,Present,****,Present,Present,Present,Present,****,Present,Present,****,*,Present,Present,****,*,*,Present,****,****,****
269,TANJUATCO,Present,Present,Present,Present,Present,Present,Present,**,Present,Present,**,Present,Present,Present,Present,Present,Present,Present,Present,Present,Present,Present,Present,Present,Present,Present,Present,Present,**,Present,**,Present,Present,Present,Present,Present,Present,Present,Present,Present,Present,Present,Present,**,Present,Present,Present,Present,Present,Present,Present,Present,Present,Present,Present,Present,Present,Present,Present,Present,Present,Present,Present,Present,Present,**,Present,Present,Present,Present,Present,Present,Present,Present,Present,****,**,**,Present,Present,Present,Present,Present,Present,**,**,Present,Present,Present,**,**,**,Present,Present,Present,Present,Present,Present,Present,Present,**,Present,Present,**,**,Present,**,**,**,**,**,*,**,**,**,**,**,Present,Present,Present,*,Present,Present,**,Present,Present,Present,Present,Present,Present,**,Present,**,Present,Present,**,Present,Present,Present,*,Present,Present,****,Present,Present,**,**,Present,Present,Present,*,Present,****,**,**,Present,Present,Present,Present,Present,**,Present,Present,Present,Present,Present,**,Present,Present,**,**,**,Present,**,Present,Present,Present,***
270,TARRIELA,Present,Present,Present,Present,Present,Present,Present,Present,Present,Present,Present,Present,Present,**,Present,Present,Present,**,Present,Present,Present,Present,Present,Present,Present,Present,Present,Present,Present,Present,Present,Present,Present,Present,Present,Present,Present,Present,Present,Present,Present,Present,Present,Present,Present,Present,Present,Present,Present,Present,Present,Present,Present,Present,Present,Present,Present,Present,Present,Present,Present,Present,Present,Present,Present,Present,Present,Present,Present,Present,Present,Present,Present,Present,**,Present,Present,Present,Present,*,Present,*,Present,****,Present,Present,Present,Present,Present,Present,*,**,***,Present,Present,Present,Present,Present,Present,****,Present,***,***,***,Present,Present,Present,*,*,Present,*,Present,*,*,****,Present,*,****,***,Present,Present,Present,****,****,*,Present,Present,Present,Present,*,Present,*,Present,Present,****,*,Present,***,*,*,*,*,*,*,****,*,*,Present,Present,*,*,Present,**,Present,Present,*,Present,*,****,****,*,Present,*,*,*,Present,*,*,Present,Present,Present,*,*,*,*,*,Present,Present
271,TEODORO,Present,Present,Present,Present,Present,Present,Present,**,Present,Present,Present,**,Present,Present,Present,Present,Present,**,Present,**,Present,Present,**,Present,Present,Present,Present,Present,Present,Present,Present,Present,Present,Present,Present,Present,Present,Present,Present,Present,Present,Present,Present,Present,Present,Present,Present,Present,Present,Present,Present,Present,Present,Present,Present,Present,Present,Present,Present,Present,Present,Present,Present,Present,Present,Present,Present,Present,Present,Present,Present,Present,Present,Present,Present,****,Present,*,*,*,Present,Present,Present,*,Present,Present,Present,Present,Present,Present,Present,Present,*,Present,**,Present,Present,*,*,*,Present,Present,*,Present,Present,Present,**,Present,Present,Present,Present,Present,Present,Present,Present,Present,Present,Present,****,*,Present,*,*,Present,Present,*,Present,Present,****,Present,Present,Present,Present,Present,*,Present,****,Present,*,Present,*,**,**,*,Present,Present,Present,Present,Present,Present,*,Present,Present,*,*,*,*,Present,Present,Present,****,Present,Present,****,Present,Present,Present,****,Present,Present,Present,Present,Present,*,Present,***,****,*
272,TEVES (A.),Present,Present,Present,Present,Present,Present,**,**,Present,Present,Present,**,Present,Present,**,Present,Present,Present,Present,Present,**,Present,Present,Present,Present,Present,Present,Present,Present,Present,Present,Present,Present,Present,Present,Present,Present,Present,Present,Present,Present,Present,Present,Present,Present,Present,Present,Present,Present,Present,Present,Present,Present,Present,****,****,***,***,***,***,Present,*****,*****,*****,*****,*****,*****,****,****,****,****,****,****,*****,*****,****,****,****,****,****,****,****,****,Not Listed,Not Listed,Not Listed,Not Listed,Not Listed,Not Listed,Not Listed,Not Listed,Not Listed,Not Listed,Not Listed,Not Listed,Not Listed,Not Listed,Not Listed,Not Listed,Not Listed,Not Listed,Not Listed,Not Listed,Not Listed,Not Listed,Not Listed,Not Listed,Not Listed,Not Listed,Not Listed,Not Listed,Not Listed,Not Listed,Not Listed,Not Listed,Not Listed,Not Listed,Not Listed,Not Listed,Not Listed,Not Listed,Not Listed,Not Listed,Not Listed,Not Listed,Not Listed,Not Listed,Not Listed,Not Listed,Not Listed,Not Listed,Not Listed,Not Listed,Not Listed,Not Listed,Not Listed,Not Listed,Not Listed,Not Listed,Not Listed,Not Listed,Not Listed,Not Listed,Not Listed,Not Listed,Not Listed,Not Listed,Not Listed,Not Listed,Not Listed,Not Listed,Not Listed,Not Listed,Not Listed,Not Listed,Not Listed,Not Listed,Not Listed,Not Listed,Not Listed,Not Listed,Not Listed,Not Listed,Not Listed,Not Listed,Not Listed,Not Listed,Not Listed,Not Listed,Not Listed,Not Listed,Not Listed,Not Listed,Not Listed,Not Listed,Not Listed,Not Listed,Not Listed
273,TEVES (J.),Present,Present,Present,Present,Present,Present,Present,Present,Present,Present,Present,Present,Present,Present,Present,Present,Present,Present,Present,Present,Present,Present,Present,Present,Present,Present,Present,Present,Present,Present,Present,Present,Present,Present,Present,Present,Present,Present,Present,Present,Present,Present,Present,Present,Present,Present,Present,Present,Present,Present,Present,Present,Present,Present,Present,Present,Present,**,Present,Present,Present,Present,Present,Present,Present,Present,Present,Present,Present,Present,Present,Present,Present,Present,Present,Present,Present,Present,Present,Present,**,Present,Present,Not Listed,Not Listed,Not Listed,Not Listed,Not Listed,Not Listed,Not Listed,Not Listed,Not Listed,Not Listed,Not Listed,Not Listed,Not Listed,Not Listed,Not Listed,Not Listed,Not Listed,Not Listed,Not Listed,Not Listed,Not Listed,Not Listed,Not Listed,Not Listed,Not Listed,Not Listed,Not Listed,Not Listed,Not Listed,Not Listed,Not Listed,Not Listed,Not Listed,Not Listed,Not Listed,Not Listed,Not Listed,Not Listed,Not Listed,Not Listed,Not Listed,Not Listed,Not Listed,Not Listed,Not Listed,Not Listed,Not Listed,Not Listed,Not Listed,Not Listed,Not Listed,Not Listed,Not Listed,Not Listed,Not Listed,Not Listed,Not Listed,Not Listed,Not Listed,Not Listed,Not Listed,Not Listed,Not Listed,Not Listed,Not Listed,Not Listed,Not Listed,Not Listed,Not Listed,Not Listed,Not Listed,Not Listed,Not Listed,Not Listed,Not Listed,Not Listed,Not Listed,Not Listed,Not Listed,Not Listed,Not Listed,Not Listed,Not Listed,Not Listed,Not Listed,Not Listed,Not Listed,Not Listed,Not Listed,Not Listed,Not Listed,Not Listed,Not Listed,Not Listed,Not Listed
273,TEVES,Not Listed,Not Listed,Not Listed,Not Listed,Not Listed,Not Listed,Not Listed,Not Listed,Not Listed,Not Listed,Not Listed,Not Listed,Not Listed,Not Listed,Not Listed,Not Listed,Not Listed,Not Listed,Not Listed,Not Listed,Not Listed,Not Listed,Not Listed,Not Listed,Not Listed,Not Listed,Not Listed,Not Listed,Not Listed,Not Listed,Not Listed,Not Listed,Not Listed,Not Listed,Not Listed,Not Listed,Not Listed,Not Listed,Not Listed,Not Listed,Not Listed,Not Listed,Not Listed,Not Listed,Not Listed,Not Listed,Not Listed,Not Listed,Not Listed,Not Listed,Not Listed,Not Listed,Not Listed,Not Listed,Not Listed,Not Listed,Not Listed,Not Listed,Not Listed,Not Listed,Not Listed,Not Listed,Not Listed,Not Listed,Not Listed,Not Listed,Not Listed,Not Listed,Not Listed,Not Listed,Not Listed,Not Listed,Not Listed,Not Listed,Not Listed,Not Listed,Not Listed,Not Listed,Not Listed,Not Listed,Not Listed,Not Listed,Not Listed,Present,Present,**,*,Present,Present,**,*,Present,Present,*,*,Present,Present,Present,*,Present,Present,Present,*,Present,Present,Present,*,Present,Present,Present,*,Present,Present,**,Present,Present,Present,**,**,Present,*,Present,Present,*,****,Present,Present,Present,Present,Present,Present,*,*,*,Present,Present,**,*,*,*,Present,*,****,**,*,*,Present,*,*,**,*,Present,Present,****,Present,**,Present,*,Present,**,**,**,**,Present,Present,*,Present,**,Present,*,Present,****,Present,Present,Present,*,*,*
274,TIANGCO,Present,Present,Present,Present,Present,Present,Present,Present,Present,Present,Present,Present,Present,Present,**,**,Present,Present,Present,Present,Present,Present,Present,Present,Present,Present,Present,Present,**,Present,Present,Present,Present,Present,Present,Present,Present,Present,Present,Present,Present,Present,Present,Present,Present,Present,Present,Present,Present,Present,Present,Present,Present,Present,Present,Present,Present,Present,Present,Present,Present,Present,Present,Present,Present,**,Present,Present,Present,Present,Present,Present,Present,Present,Present,Present,Present,***,**,**,Present,**,Present,Present,Present,**,Present,**,**,**,**,**,**,**,**,**,**,**,Present,*,*,Present,Present,*,Present,Present,Present,Present,Present,**,****,Present,Present,Present,Present,Present,Present,Present,Present,Present,Present,**,*,Present,Present,Present,***,***,Present,Present,****,****,*,Present,Present,**,****,*,*,*,***,*,Present,*,*,*,Present,*,*,**,Present,Present,Present,Present,*,Present,*,Present,****,Present,****,*,***,****,*,*,*,****,Present,****,****,****,****,****,****,Present,*,Present
275,TIENG,Present,Present,Present,Present,Present,Present,Present,**,Present,Present,Present,Present,Present,Present,Present,Present,Present,Present,Present,**,Present,Present,Present,Present,Present,Present,**,Present,Present,Present,Present,Present,Present,Present,Present,Present,Present,Present,Present,Present,Present,Present,Present,Present,Present,Present,Present,Present,Present,Present,Present,Present,Present,Present,Present,Present,Present,Present,Present,**,Present,Present,Present,Present,Present,Present,Present,Present,Present,Present,Present,Present,Present,Present,Present,*,**,**,Present,Present,Present,Present,Present,Present,Present,Present,Present,Present,Present,Present,Present,Present,Present,Present,Present,Present,Present,Present,Present,Present,Present,Present,Present,Present,**,Present,Present,Present,Present,*,Present,Present,Present,*,**,**,**,**,**,*,Present,Present,Present,Present,Present,Present,Present,Present,Present,*,Present,Present,Present,Present,Present,*,Present,Present,Present,Present,**,Present,*,Present,*,Present,****,Present,Present,Present,Present,*,Present,**,Present,*,****,Present,Present,Present,*,Present,*,Present,Present,Present,Present,Present,*,Present,Present,Present,Present,*,*,Present,****,****
276,TOLENTINO,Present,Present,Present,Present,Present,Present,Present,Present,Present,Present,Present,Present,Present,Present,Present,Present,Present,Present,Present,Present,Present,Present,Present,Present,Present,Present,Present,Present,Present,Present,Present,Present,Present,Present,Present,Present,Present,Present,Present,Present,Present,Present,Present,Present,Present,Present,Present,Present,Present,Present,Present,Present,Present,Present,Present,Present,Present,Present,Present,Present,Present,Present,Present,Present,Present,Present,Present,Present,Present,Present,Present,Present,Present,Present,Present,Present,Present,****,**,Present,Present,Present,Present,Present,*,Present,**,***,**,**,**,Present,**,**,*,**,**,**,Present,**,**,Present,****,**,*,**,*,Present,Present,Present,**,Present,**,Present,Present,**,Present,Present,**,Present,*,Present,**,Present,**,**,Present,Present,****,Present,**,**,****,Present,Present,*,Present,****,****,**,Present,**,**,**,**,**,**,**,**,Present,Present,****,Present,Present,*,*,Present,Present,*,****,Present,****,Present,****,*,****,****,****,***,***,***,***,***,*,Present,Present,*,*
277,TULFO (J.),Present,Present,Present,Present,Present,Present,Present,Present,Present,Present,Present,Present,Present,Present,Present,Present,Present,Present,Present,Present,Present,Present,**,**,Present,Present,Present,Present,Present,Present,Present,Present,Present,Present,Present,Present,Present,Present,Present,Present,Present,Present,Present,Present,Present,Present,Present,Present,Present,Present,Present,Present,Present,Present,Present,Present,Present,Present,Present,Present,Present,Present,Present,Present,Present,Present,Present,Present,Present,Present,Present,Present,Present,Present,Present,Present,Present,Present,Present,Present,Present,Present,Present,Present,Present,Present,Present,Present,Present,Present,Present,Present,Present,Present,*,Present,Present,Present,Present,**,**,Present,Present,Present,Present,Present,**,**,**,Present,Present,Present,Present,Present,Present,Present,Present,**,Present,**,Present,Present,Present,Present,Present,Present,Present,Present,Present,Present,Present,**,**,Present,Present,Present,Present,Present,Present,Present,Present,Present,Present,Present,Present,Present,Present,Present,Present,Present,Present,Present,Present,Present,Present,**,Present,Present,Present,Present,Present,Present,Present,Present,Present,Present,***,Present,Present,Present,Present,Present,Present,Present,Present,Present,Present,Present
278,TULFO (R.W.),Present,Present,Present,Present,Present,Present,Present,Present,Present,Present,Present,Present,Present,**,Present,Present,Present,Present,Present,Present,Present,Present,Present,Present,Present,Present,**,Present,Present,Present,Present,Present,Present,Present,Present,Present,Present,Present,Present,Present,Present,Present,Present,Present,Present,Present,Present,Present,Present,Present,Present,Present,Present,Present,Present,Present,Present,Present,Present,Present,Present,Present,Present,Present,Present,Present,Present,Present,Present,Present,Present,Present,Present,Present,Present,Present,*,Present,***,*,*,Present,Present,Present,Present,Present,Present,Present,****,*,****,Present,Present,Present,Present,Present,Present,Present,Present,Present,Present,Present,Present,Present,Present,Present,Present,Present,Present,Present,Present,Present,Present,*,Present,Present,Present,Present,Present,Present,*,Present,****,Present,Present,Present,Present,Present,Present,Present,Present,Present,Present,Present,*,Present,Present,Present,Present,Present,Present,Present,Present,*,Present,Present,Present,Present,Present,Present,Present,Present,Present,****,*,Present,Present,Present,Present,Present,Present,Present,Present,Present,Present,Present,***,Present,Present,Present,Present,Present,Present,Present,Present,Present,Present,Present
279,TUPAS,Present,Present,Present,Present,Present,Present,Present,Present,Present,Present,Present,Present,Present,Present,Present,Present,Present,Present,Present,Present,Present,Present,Present,Present,Present,Present,Present,**,Present,Present,Present,Present,Present,Present,Present,Present,Present,Present,Present,Present,Present,Present,Present,Present,Present,Present,Present,Present,Present,Present,Present,Present,Present,Present,Present,Present,Present,Present,Present,Present,Present,Present,Present,Present,Present,Present,Present,Present,Present,Present,Present,Present,**,Present,Present,Present,*,Present,****,Present,*,*,Present,****,****,Present,****,****,****,Present,*,*,Present,*,*,Present,Present,Present,Present,****,****,****,****,****,****,****,****,*,****,*,Present,**,Present,*,*,Present,Present,Present,*,*,*,*,Present,*,*,*,****,*,Present,Present,*,Present,*,Present,*,Present,****,*,Present,Present,Present,Present,****,*,Present,**,Present,Present,Present,*,*,Present,Present,Present,*,*,*,Present,Present,Present,*,Present,Present,Present,Present,Present,Present,Present,Present,Present,Present,Present,Present,Present,Present,***,**,**
280,TUTOR,Present,Present,Present,Present,Present,Present,Present,Present,Present,Present,Present,Present,Present,Present,Present,Present,Present,Present,Present,Present,Present,Present,Present,Present,Present,Present,Present,Present,Present,Present,Present,Present,Present,Present,Present,Present,Present,Present,Present,Present,Present,Present,Present,Present,Present,Present,Present,Present,Present,Present,Present,Present,Present,Present,Present,Present,Present,Present,Present,Present,Present,Present,Present,Present,Present,Present,Present,Present,Present,Present,Present,Present,Present,Present,Present,**,**,**,*,Present,*,Present,Present,Present,*,Present,*,**,Present,**,Present,Present,*,**,**,**,**,Present,**,**,Present,**,**,**,**,*,*,**,*,*,Present,*,*,**,**,**,**,**,**,****,****,Present,Present,*,****,Present,Present,*,Present,**,*,**,*,Present,*,*,**,**,**,**,**,*,**,**,**,**,**,**,Present,***,*,**,**,**,*,**,**,**,*,*,**,***,***,***,*,*,*,Present,**,**,*,Present,*,**,*,*,Present,*
281,TY,Present,Present,Present,Present,Present,Present,Present,Present,Present,Present,Present,Present,Present,Present,Present,Present,Present,Present,Present,Present,Present,Present,Present,Present,Present,Present,Present,Present,Present,Present,Present,Present,Present,Present,Present,Present,Present,Present,Present,Present,Present,Present,Present,Present,Present,Present,Present,Present,Present,Present,Present,Present,Present,Present,Present,Present,Present,Present,Present,Present,Present,Present,Present,Present,Present,Present,Present,Present,Present,Present,Present,Present,Present,Present,Present,****,****,****,****,*,**,****,Present,****,Present,**,****,****,Present,****,****,*,*,****,*,Present,Present,Present,**,**,**,**,**,*,*,****,Present,****,Present,**,Present,Present,Present,Present,**,**,**,**,**,**,**,Present,****,****,Present,*,Present,Present,*,**,Present,**,**,Present,Present,Present,****,*,*,*,**,Present,Present,Present,*,**,****,****,*,**,Present,****,****,****,*,**,****,*,*,*,***,*,*,***,***,Present,*,***,**,**,**,**,**,*,Present,Present,**,**
282,UMALI,Present,Present,Present,Present,Present,Present,Present,Present,Present,Present,Present,Present,**,**,**,Present,Present,Present,Present,Present,Present,Present,Present,Present,Present,Present,Present,Present,Present,Present,Present,Present,Present,Present,Present,Present,Present,Present,Present,Present,Present,Present,Present,Present,Present,Present,Present,Present,Present,Present,**,Present,Present,Present,Present,Present,Present,Present,Present,Present,Present,Present,Present,Present,Present,Present,Present,Present,Present,Present,Present,Present,Present,Present,Present,Present,Present,Present,Present,Present,Present,Present,Present,Present,Present,Present,Present,Present,Present,Present,Present,Present,Present,Present,Present,Present,Present,Present,Present,Present,Present,Present,Present,Present,Present,Present,**,Present,Present,Present,Present,Present,Present,***,***,****,****,Present,Present,Present,Present,Present,Present,Present,Present,Present,****,Present,Present,****,Present,Present,Present,Present,Present,Present,Present,Present,Present,Present,Present,Present,Present,Present,Present,Present,Present,Present,Present,Present,Present,Present,Present,Present,Present,**,Present,Present,Present,Present,Present,Present,Present,Present,Present,Present,Present,Present,Present,Present,Present,Present,Present,Present,Present,Present,Present,*
283,UNABIA,Present,Present,Present,Present,Present,Present,Present,Present,Present,Present,**,Present,Present,Present,**,Present,Present,Present,Present,Present,Present,Present,Present,Present,Present,Present,Present,Present,Present,Present,Present,Present,Present,Present,Present,Present,Present,Present,Present,Present,Present,Present,Present,Present,Present,Present,Present,Present,Present,Present,Present,Present,Present,Present,Present,Present,Present,Present,Present,Present,Present,Present,Present,Present,Present,Present,Present,Present,Present,Present,Present,Present,Present,Present,**,Present,Present,Present,*,Present,**,Present,Present,***,**,Present,Present,**,Present,Present,Present,Present,Present,Present,Present,Present,Present,Present,***,***,***,Present,Present,*,***,***,***,***,Present,Present,Present,Present,Present,Present,Present,Present,Present,Present,***,Present,Present,Present,Present,Present,Present,Present,Present,Present,Present,Present,Present,Present,Present,Present,Present,Present,Present,Present,Present,**,Present,*,Present,Present,*,Present,Present,Present,Present,Present,Present,Present,Present,Present,Present,Present,Present,Present,Present,Present,Present,Present,Present,Present,Present,Present,Present,*,***,Present,Present,Present,Present,Present,Present,****,****,****
284,UNGAB,Present,Present,Present,Present,Present,Present,Present,Present,Present,Present,Present,Present,Present,Present,Present,Present,Present,Present,Present,Present,Present,Present,Present,Present,Present,Present,Present,Present,Present,Present,Present,Present,Present,Present,Present,Present,Present,Present,Present,Present,Present,Present,Present,Present,Present,Present,Present,Present,Present,Present,Present,Present,Present,Present,Present,Present,Present,**,Present,Present,Present,Present,Present,Present,Present,Present,Present,Present,Present,Present,Present,Present,Present,Present,Present,***,***,***,Present,Present,Present,Present,Present,Present,Present,Present,**,Present,Present,Present,Present,Present,Present,Present,Present,Present,Present,Present,Present,****,****,****,****,****,****,****,****,****,****,****,****,****,****,****,****,****,****,****,****,****,****,****,****,****,****,****,****,***,***,***,****,****,****,****,Present,****,****,****,****,****,Present,****,****,****,****,****,****,****,Present,**,****,****,**,****,****,*,Present,Present,****,****,*,****,****,****,****,****,****,Present,*,****,****,****,****,****,****,Present,*,****
285,VALERIANO,Present,Present,Present,Present,Present,Present,Present,Present,Present,Present,Present,Present,Present,Present,Present,Present,Present,Present,Present,Present,Present,Present,Present,Present,Present,Present,**,Present,Present,Present,Present,Present,Present,Present,Present,Present,Present,Present,Present,Present,Present,Present,Present,Present,Present,Present,Present,Present,Present,Present,**,Present,Present,Present,Present,Present,Present,Present,Present,Present,Present,Present,Present,Present,Present,Present,**,Present,Present,Present,Present,Present,Present,Present,Present,Present,Present,Present,Present,Present,Present,Present,Present,****,Present,****,Present,Present,****,Present,Present,****,Present,Present,*,Present,Present,Present,Present,Present,*,Present,****,Present,Present,Present,Present,Present,Present,****,****,*,Present,Present,*,****,Present,Present,Present,Present,Present,Present,Present,Present,Present,Present,Present,*,Present,Present,Present,*,Present,Present,Present,****,Present,*,Present,**,Present,****,**,****,Present,****,Present,****,*,Present,Present,****,****,**,Present,*,****,*,**,*,Present,Present,*,Present,Present,**,*,**,****,Present,****,*,****,****,*,Present,Present,Present
286,VALMAYOR,Present,Present,Present,Present,Present,Present,Present,Present,Present,Present,Present,Present,Present,Present,Present,**,Present,Present,Present,Present,Present,Present,Present,Present,Present,Present,Present,Present,Present,Present,Present,Present,Present,Present,Present,Present,Present,Present,Present,Present,Present,Present,Present,Present,Present,Present,Present,Present,Present,Present,Present,Present,Present,Present,Present,Present,Present,Present,Present,Present,Present,Present,Present,Present,Present,Present,Present,Present,Present,Present,Present,Present,Present,Present,Present,Present,Present,****,****,****,Present,Present,Present,Present,Present,****,****,Present,Present,Present,****,Present,Present,Present,Present,Present,Present,Present,****,*,Present,****,****,****,****,Present,Present,Present,Present,Present,Present,Present,Present,Present,Present,****,Present,Present,Present,Present,*,****,****,****,Present,*,**,**,Present,Present,Present,Present,Present,***,Present,Present,Present,****,Present,Present,Present,Present,Present,****,****,**,Present,Present,*,Present,****,Present,****,Present,Present,Present,****,****,Present,Present,****,****,Present,****,Present,Present,Present,****,Present,*,Present,****,****,Present,*,****,Present,Present
287,VARGAS,Present,Present,Present,Present,Present,Present,Present,Present,Present,**,Present,**,Present,Present,Present,**,Present,**,Present,**,Present,Present,Present,Present,Present,Present,**,Present,**,Present,Present,Present,Present,Present,Present,Present,Present,Present,Present,Present,Present,Present,Present,**,Present,Present,Present,Present,Present,Present,Present,Present,Present,Present,Present,Present,Present,Present,Present,Present,Present,Present,Present,Present,Present,Present,**,Present,Present,Present,Present,Present,Present,Present,Present,Present,Present,Present,Present,Present,****,Present,Present,Present,****,*,*,**,Present,*,**,Present,*,Present,*,Present,Present,Present,*,Present,****,****,****,****,Present,Present,****,*,****,Present,*,****,*,Present,*,Present,****,Present,Present,Present,*,****,*,****,****,****,Present,Present,Present,Present,Present,****,*,Present,****,Present,**,Present,Present,Present,Present,Present,Present,Present,Present,Present,Present,Present,Present,Present,Present,Present,Present,Present,Present,**,**,Present,Present,Present,Present,Present,Present,Present,Present,Present,Present,***,Present,Present,Present,Present,Present,Present,Present,*,Present,Present
288,VARGAS-ALFONSO,Present,Present,Present,Present,Present,Present,Present,Present,Present,Present,Present,**,**,**,Present,Present,Present,Present,Present,Present,Present,Present,Present,Present,Present,Present,Present,Present,Present,Present,Present,Present,Present,Present,Present,Present,Present,Present,Present,Present,Present,Present,Present,**,Present,Present,Present,Present,Present,Present,Present,Present,Present,Present,Present,Present,Present,**,Present,Present,Present,Present,Present,Present,Present,Present,Present,Present,Present,Present,Present,Present,Present,Present,Present,Present,****,*,Present,*,Present,*,Present,Present,**,Present,Present,*,****,*,Present,*,*,*,*,Present,Present,Present,Present,*,****,****,Present,****,*,Present,*,*,Present,Present,Present,Present,*,Present,Present,Present,****,****,****,Present,Present,****,****,****,****,*,Present,Present,Present,Present,Present,*,Present,*,****,Present,Present,*,****,Present,*,Present,Present,Present,****,****,Present,*,*,Present,*,****,****,****,*,**,*,*,*,Present,Present,****,****,*,*,*,*,Present,Present,*,Present,Present,Present,****,*,Present,Present,*
289,VELASCO,Present,Present,Present,Present,Present,Present,Present,Present,Present,Present,Present,Present,Present,Present,Present,Present,Present,**,Present,Present,Present,Present,Present,Present,Present,Present,Present,Present,Present,Present,Present,Present,Present,Present,Present,Present,Present,Present,Present,Present,Present,Present,Present,Present,Present,Present,Present,Present,Present,Present,Present,Present,Present,Present,Present,Present,Present,Present,Present,Present,Present,Present,Present,Present,Present,**,Present,Present,Present,Present,Present,Present,Present,Present,Present,**,**,**,Present,**,Present,Present,Present,Present,Present,*,*,Present,****,****,**,**,**,**,*,Present,Present,Present,**,**,**,**,**,**,****,**,**,**,****,**,**,**,****,****,****,****,****,****,****,Present,****,****,****,****,****,****,Present,**,Present,**,**,****,Present,*,****,****,****,****,**,****,Present,****,****,**,**,Present,*,*,****,****,**,****,****,****,****,****,****,****,****,****,****,****,****,****,****,****,****,****,****,****,****,****,****,****,****,****,****,****
290,VELOSO-TUAZON,Present,Present,Present,Present,Present,Present,Present,Present,Present,**,Present,Present,**,Present,Present,Present,Present,**,Present,Present,Present,Present,Present,Present,Present,Present,Present,Present,Present,Present,Present,Present,Present,Present,Present,Present,Present,Present,Present,Present,Present,Present,Present,Present,Present,Present,Present,Present,Present,Present,Present,Present,Present,**,Present,Present,Present,Present,Present,Present,Present,Present,Present,Present,Present,Present,Present,Present,Present,Present,Present,Present,Present,Present,Present,Present,Present,*,Present,Present,Present,Present,Present,Present,Present,Present,*,Present,Present,Present,Present,Present,**,Present,Present,Present,Present,Present,Present,Present,Present,Present,*,****,Present,Present,**,Present,**,**,**,Present,Present,Present,Present,**,Present,Present,Present,Present,*,Present,Present,Present,Present,Present,Present,Present,Present,Present,Present,Present,*,Present,Present,Present,**,**,***,***,Present,Present,Present,Present,Present,Present,Present,**,*,Present,Present,Present,Present,Present,Present,Present,Present,Present,Present,Present,**,Present,Present,Present,Present,Present,*,**,Present,Present,**,**,**,**,*,Present,Present,Present
291,VERGARA,Present,Present,Present,Present,Present,Present,**,Present,Present,Present,Present,Present,Present,Present,Present,Present,Present,**,Present,Present,Present,Present,**,**,Present,**,Present,Present,Present,Present,Present,Present,Present,Present,Present,Present,Present,Present,Present,Present,Present,Present,Present,Present,Present,Present,Present,Present,Present,Present,Present,Present,Present,Present,Present,Present,Present,Present,**,Present,Present,Present,Present,Present,Present,Present,Present,Present,Present,Present,Present,Present,Present,Present,Present,Present,Present,Present,Present,Present,**,Present,Present,**,*,Present,Present,Present,Present,Present,Present,****,*,*,*,Present,Present,Present,**,**,**,**,**,**,*,Present,Present,Present,*,*,**,*,*,*,****,Present,****,****,****,Present,*,Present,*,*,*,*,Present,Present,Present,**,*,Present,*,Present,Present,**,**,**,Present,Present,Present,*,****,Present,Present,Present,Present,*,Present,*,**,Present,*,**,Present,**,Present,*,*,Present,**,Present,**,***,***,**,*,**,Present,Present,*,Present,****,***,Present,***,Present,Present
292,VERZOSA,Present,Present,Present,Present,Present,Present,Present,Present,Present,**,Present,**,**,**,**,Present,Present,Present,Present,Present,Present,Present,Present,**,Present,Present,Present,Present,Present,Present,Present,Present,Present,Present,Present,Present,Present,Present,Present,Present,Present,Present,Present,Present,Present,Present,Present,Present,Present,Present,Present,Present,Present,Present,Present,Present,Present,**,Present,Present,Present,Present,Present,Present,Present,Present,Present,Present,Present,Present,Present,**,Present,Present,Present,Present,**,Present,**,**,**,Present,Present,**,**,**,**,**,**,**,**,**,**,**,**,Present,Present,*,**,Present,**,**,**,**,**,**,**,*,*,**,**,**,*,Present,**,**,**,**,Present,****,*,****,****,****,**,**,Present,**,*,*,*,*,Present,*,Present,*,Present,*,Present,*,**,Present,****,*,Present,*,Present,Present,Present,*,*,*,*,****,*,**,Present,*,Present,****,*,*,*,Present,*,*,Present,*,***,*,Present,*,Present,*,*,****,****,*
293,VILLA,Present,Present,Present,Present,Present,Present,Present,**,Present,Present,Present,**,Present,Present,**,Present,Present,**,Present,Present,Present,Present,Present,Present,Present,Present,Present,Present,Present,Present,Present,Present,Present,Present,Present,Present,Present,Present,Present,Present,Present,Present,Present,Present,Present,Present,Present,Present,Present,Present,**,Present,Present,Present,Present,Present,Present,Present,Present,Present,Present,Present,Present,Present,Present,**,Present,Present,Present,Present,Present,Present,**,Present,**,Present,Present,Present,**,**,Present,**,Present,****,****,**,**,**,**,**,**,**,**,**,Present,Present,Present,Present,Present,Present,Present,****,****,****,****,****,****,****,****,****,****,Present,*,Present,*,*,*,Present,Present,Present,Present,****,****,****,****,****,****,*,Present,Present,Present,*,*,*,**,**,**,**,**,**,**,Present,Present,**,**,**,**,**,**,**,**,**,**,**,**,Present,**,**,****,****,****,*,*,****,****,****,*,****,****,****,****,****,****,**,Present,Present,Present,Present
294,VILLAFUERTE (L.R.),Present,Present,Present,Present,Present,Present,Present,Present,Present,Present,**,Present,**,Present,Present,**,Present,**,Present,Present,Present,Present,Present,Present,Present,Present,Present,Present,Present,Present,Present,Present,Present,**,**,Present,Present,Present,Present,Present,Present,Present,Present,Present,Present,Present,Present,Present,Present,Present,Present,Present,Present,Present,Present,Present,Present,Present,Present,Present,Present,Present,Present,Present,Present,Present,Present,Present,**,**,Present,Present,Present,Present,Present,*,***,****,Present,**,*,Present,Present,Present,**,**,**,Present,*,Present,****,Present,Present,Present,*,**,**,Present,**,**,**,Present,Present,****,****,**,****,**,****,**,****,**,Present,**,**,**,**,**,**,Present,****,****,****,****,****,***,***,***,****,**,***,***,***,*,Present,****,****,***,**,**,***,****,****,****,****,**,****,**,**,***,**,****,**,****,***,**,****,****,****,****,****,****,**,****,**,****,****,**,****,****,****,****,***,****,**,****,Present,**
295,VILLAFUERTE (M.L.),Present,Present,Present,Present,Present,Present,Present,**,Present,**,Present,Present,Present,Present,Present,Present,Present,Present,Present,Present,Present,Present,Present,Present,Present,Present,Present,Present,Present,Present,Present,Present,Present,Present,Present,Present,Present,Present,Present,Present,Present,Present,Present,Present,Present,Present,Present,Present,Present,Present,Present,Present,Present,Present,Present,Present,Present,Present,Present,Present,Present,Present,Present,Present,Present,Present,Present,Present,Present,**,Present,Present,Present,Present,Present,*,***,***,***,***,***,***,Present,***,**,Present,Present,Present,Present,Present,Present,Present,Present,Present,*,**,**,*,**,**,**,**,Present,****,****,****,****,*,****,****,****,Present,*,****,****,****,****,****,****,*,****,***,***,***,****,****,Present,****,****,***,**,**,**,*,****,****,****,****,****,****,****,****,****,Present,Present,Present,Present,Present,Present,*,*,Present,Present,Present,Present,**,*,Present,*,Present,Present,****,*,**,**,Present,Present,Present,Present,Present,Present,Present,Present,Present,Present,Present,Present,Present
296,VILLANUEVA,Present,Present,Present,Present,**,**,**,**,**,**,**,**,**,Present,Present,Present,Present,Present,Present,Present,Present,Present,Present,Present,Present,Present,Present,Present,Present,**,**,**,Present,Present,Present,Present,Present,Present,Present,Present,Present,Present,Present,Present,Present,Present,Present,Present,Present,Present,**,Present,Present,Present,Present,Present,Present,Present,Present,Present,Present,Present,Present,Present,Present,Present,Present,Present,Present,Present,Present,Present,Present,Present,Present,****,**,**,**,**,**,**,Present,**,**,**,**,**,**,**,**,**,**,**,**,**,**,**,**,**,**,**,**,**,**,**,**,**,**,**,**,**,**,**,**,**,Present,**,**,**,**,**,**,**,**,**,**,**,**,**,**,**,**,**,**,**,**,**,**,**,**,**,**,**,**,**,**,**,**,**,**,**,**,**,***,**,**,**,**,**,**,**,**,**,**,**,**,**,**,**,**,**,**,**,**,**,**,**
297,VILLAR,Present,Present,Present,Present,Present,Present,Present,Present,Present,Present,Present,Present,Present,Present,Present,Present,Present,Present,Present,Present,Present,Present,Present,Present,Present,Present,Present,Present,Present,Present,Present,Present,Present,Present,Present,Present,Present,Present,Present,Present,Present,Present,Present,Present,Present,Present,Present,Present,Present,Present,Present,Present,Present,Present,Present,Present,Present,Present,Present,Present,Present,Present,Present,Present,Present,Present,Present,Present,Present,Present,Present,Present,**,Present,Present,Present,*,Present,Present,****,*,Present,Present,****,Present,Present,Present,Present,Present,Present,Present,Present,Present,Present,Present,Present,Present,Present,Present,Present,**,**,**,**,**,Present,**,*,Present,Present,Present,Present,Present,*,Present,Present,****,****,****,Present,Present,****,Present,*,Present,****,****,Present,Present,****,*,*,Present,*,*,*,Present,Present,Present,Present,*,Present,Present,****,Present,Present,Present,Present,Present,*,*,Present,****,Present,*,*,****,****,Present,Present,****,****,Present,****,Present,Present,*,****,****,Present,*,****,*,Present,*,*,*,Present
298,VILLARAZA-SUAREZ,Present,Present,Present,Present,Present,Present,Present,Present,Present,**,Present,Present,Present,**,Present,Present,Present,Present,Present,Present,Present,Present,Present,Present,Present,Present,Present,Present,Present,Present,Present,Present,Present,Present,Present,Present,Present,Present,Present,Present,Present,Present,Present,Present,Present,Present,Present,Present,Present,Present,Present,Present,Present,Present,Present,Present,Present,Present,Present,Present,Present,Present,Present,Present,Present,Present,Present,Present,Present,Present,Present,Present,Present,Present,Present,****,*,****,****,*,****,****,Present,****,****,****,****,*,****,****,****,****,****,****,*,Present,**,**,Present,****,****,****,****,****,Present,Present,****,****,****,****,****,*,*,****,*,*,***,***,Present,Present,*,****,Present,****,****,Present,Present,*,Present,Present,***,***,***,Present,***,*,*,*,***,*,**,****,***,*,*,*,Present,***,*,***,****,****,****,****,*,*,****,****,***,***,Present,****,****,****,*,*,Present,****,****,*,****,****,****,****,*,Present,Present,*
299,VILLARICA,Present,Present,Present,Present,Present,Present,Present,Present,Present,Present,Present,Present,Present,Present,Present,Present,Present,Present,Present,Present,Present,Present,**,**,Present,Present,Present,Present,**,Present,Present,Present,Present,Present,Present,Present,Present,Present,Present,Present,Present,Present,Present,Present,Present,Present,Present,Present,Present,Present,Present,Present,Present,Present,Present,Present,Present,Present,Present,Present,Present,Present,Present,Present,Present,Present,Present,Present,Present,Present,Present,Present,Present,Present,Present,Present,Present,****,Present,*,*,*,Present,Present,*,**,Present,Present,*,Present,Present,Present,**,Present,*,Present,Present,Present,Present,****,****,**,**,**,Present,****,*,Present,Present,****,Present,Present,Present,Present,Present,Present,*,****,Present,Present,Present,Present,*,****,Present,*,Present,Present,Present,Present,Present,*,****,Present,Present,Present,Present,****,Present,Present,**,Present,Present,****,Present,**,*,*,*,Present,Present,Present,***,Present,*,*,Present,Present,Present,Present,Present,Present,*,Present,Present,****,Present,Present,Present,Present,Present,*,Present,Present,*,Present,Present,*
300,VIOLAGO,Present,Present,Present,Present,Present,Present,Present,Present,Present,Present,**,Present,Present,**,Present,Present,Present,Present,Present,Present,Present,Present,Present,Present,Present,Present,Present,Present,Present,Present,Present,Present,Present,Present,Present,Present,Present,Present,Present,Present,Present,Present,Present,**,Present,Present,Present,Present,Present,Present,Present,Present,Present,Present,Present,Present,Present,**,Present,Present,Present,Present,Present,Present,Present,**,Present,Present,Present,**,Present,Present,Present,Present,Present,*,Present,*,**,**,**,**,Present,**,Present,*,****,**,****,**,**,**,*,**,*,Present,Present,Present,*,*,****,*,Present,**,**,****,****,Present,*,**,****,Present,*,Present,*,**,****,****,Present,***,***,Present,**,*,Present,*,****,Present,Present,Present,****,****,*,*,*,****,**,*,**,*,*,*,Present,*,Present,*,*,Present,**,*,**,****,*,Present,*,**,****,****,****,****,*,*,*,****,*,Present,*,Present,Present,**,****,****,****,****,*,****,****,****
301,YAP (C.T.),Present,Present,Present,Present,Present,Present,Present,Present,Present,Present,**,Present,Present,Present,Present,Present,Present,Present,Present,Present,**,Present,Present,Present,Present,Present,Present,Present,Present,Present,Present,Present,Present,Present,Present,Present,Present,Present,Present,Present,Present,Present,Present,Present,Present,Present,Present,Present,Present,Present,Present,Present,Present,Present,Present,Present,Present,Present,Present,Present,Present,Present,Present,Present,Present,Present,Present,Present,Present,Present,Present,Present,Present,Present,Present,Present,*,Present,Present,*,*,Present,Present,**,**,*,****,Present,****,*,Present,*,****,Present,*,Present,Present,Present,*,****,*,Present,****,****,Present,Present,Present,Present,Present,**,**,**,Present,*,*,Present,****,Present,Present,Present,*,*,**,*,Present,*,***,*,*,Present,*,*,*,Present,***,***,*,*,Present,****,*,*,*,****,****,*,*,**,***,****,****,Present,****,*,*,**,****,*,****,Present,**,*,*,****,*,*,*,**,***,****,****,****,Present,****,*,Present,*,*
302,YAP (C.),Present,Present,Present,Present,Present,Present,Present,Present,Present,**,**,**,Present,Present,**,Present,Present,Present,Present,Present,**,Present,Present,Present,Present,Present,Present,Present,Present,Present,Present,Present,Present,Present,Present,Present,Present,Present,Present,Present,Present,Present,Present,Present,Present,Present,Present,Present,Present,Present,Present,Present,Present,Present,Present,Present,Present,Present,Present,Present,Present,Present,Present,Present,Present,Present,Present,Present,Present,Present,Present,Present,Present,Present,Present,***,*,Present,Present,*,***,***,Present,Present,****,Present,****,****,*,Present,*,Present,*,*,*,Present,Present,*,Present,*,Present,Present,*,*,Present,Present,Present,Present,*,*,*,*,*,*,Present,Present,Present,*,Present,Present,*,Present,*,Present,*,Present,Present,*,Present,Present,Present,*,*,Present,*,Present,*,Present,*,****,*,*,****,Present,*,Present,*,Present,*,****,Present,Present,*,Present,*,**,****,*,***,Present,Present,Present,*,*,Present,Present,*,****,****,****,****,****,Present,Present,*,****,*,****
303,YAP (EDVIC),Present,Present,Present,Present,Present,Present,**,**,Present,Present,Present,**,Present,Present,Present,Present,Present,Present,Present,Present,Present,Present,Present,Present,Present,Present,Present,Present,Present,Present,Present,Present,Present,Present,Present,Present,Present,Present,Present,Present,Present,Present,Present,Present,Present,Present,Present,Present,Present,Present,Present,Present,Present,Present,Present,Present,Present,**,Present,Present,Present,Present,Present,**,Present,Present,**,Present,Present,Present,Present,Present,Present,Present,Present,Present,Present,Present,Present,*,Present,Present,Present,Present,****,Present,**,Present,Present,**,Present,*,Present,*,Present,Present,Present,*,Present,Present,Present,Present,Present,*,Present,Present,Present,Present,Present,Present,**,Present,Present,*,Present,Present,***,***,***,***,***,***,***,Present,Present,Present,Present,Present,Present,Present,Present,Present,Present,Present,Present,**,Present,Present,Present,**,Present,Present,Present,Present,Present,Present,Present,Present,*,Present,Present,Present,Present,Present,*,*,Present,*,*,Present,Present,*,Present,Present,Present,*,Present,****,*,Present,*,****,****,****,Present,***,***,***
304,YAP (ERIC),Present,Present,Present,Present,Present,Present,Present,Present,Present,**,Present,**,Present,**,Present,Present,Present,Present,Present,Present,Present,Present,Present,**,Present,Present,Present,Present,Present,Present,Present,Present,Present,Present,Present,Present,Present,Present,Present,Present,Present,Present,Present,Present,Present,Present,Present,Present,Present,Present,Present,Present,Present,Present,Present,Present,Present,**,Present,Present,Present,Present,Present,Present,Present,Present,Present,Present,Present,Present,Present,Present,Present,Present,Present,**,**,**,**,**,**,**,Present,****,****,**,**,**,**,**,**,**,**,Present,Present,Present,Present,*,Present,Present,Present,Present,Present,*,*,Present,Present,Present,**,**,**,Present,Present,*,*,Present,***,***,***,***,***,***,***,Present,Present,Present,Present,Present,Present,**,Present,Present,Present,*,*,Present,Present,Present,Present,Present,**,Present,Present,Present,Present,Present,****,****,****,Present,Present,***,***,***,**,**,Present,*,*,***,Present,****,****,Present,**,****,Present,Present,****,****,****,****,****,****,Present,***,***,***
305,YU (D.G.),Present,Present,Present,Present,Present,Present,**,Present,Present,**,**,**,**,Present,Present,Present,Present,Present,Present,Present,Present,Present,**,Present,Present,Present,Present,**,Present,Present,Present,Present,Present,Present,Present,Present,Present,Present,Present,Present,Present,Present,Present,Present,Present,Present,Present,Present,Present,Present,Present,Present,Present,Present,Present,Present,Present,Present,Present,Present,Present,Present,Present,Present,Present,Present,Present,Present,Present,Present,Present,Present,Present,Present,Present,***,Present,****,Present,Present,****,Present,Present,**,Present,Present,*,***,*,****,***,***,***,*,Present,Present,Present,Present,*,****,****,Present,****,****,Present,Present,Present,****,Present,Present,****,Present,Present,****,****,****,***,***,***,Present,*,****,****,****,****,****,Present,Present,Present,Present,Present,Present,*,**,Present,Present,****,****,*,Present,****,****,****,****,****,****,****,****,***,***,**,***,***,***,*,**,***,***,*,***,*,***,***,****,*,Present,*,****,Present,***,***,***,***,***,Present,****,***,Present
306,YU (J.V.),Present,Present,Present,Present,Present,Present,**,Present,Present,Present,Present,Present,Present,Present,**,Present,Present,Present,Present,Present,Present,Present,Present,Present,Present,Present,Present,Present,Present,Present,Present,Present,Present,Present,Present,Present,Present,Present,Present,Present,Present,Present,Present,Present,Present,Present,Present,Present,Present,Present,Present,Present,Present,Present,Present,Present,Present,Present,Present,Present,Present,Present,Present,Present,Present,Present,Present,Present,Present,Present,Present,Present,Present,Present,Present,***,Present,Present,Present,Present,*,Present,Present,Present,Present,Present,*,****,****,****,***,***,***,*,*,Present,Present,Present,*,Present,Present,Present,*,****,Present,Present,Present,Present,Present,*,*,*,Present,*,Present,****,*,Present,Present,Present,Present,*,****,*,Present,Present,Present,Present,Present,Present,Present,*,Present,Present,Present,Present,*,Present,*,Present,Present,Present,*,**,Present,*,*,Present,*,****,****,****,***,***,*,**,*,Present,***,*,****,***,***,****,*,*,*,****,Present,Present,***,***,***,*,*,Present,*,Present
307,YULO,Present,Present,Present,Present,Present,Present,**,Present,Present,Present,Present,**,Present,Present,Present,Present,Present,Present,Present,Present,Present,Present,Present,Present,Present,Present,Present,Present,Present,Present,Present,Present,Present,Present,Present,Present,Present,Present,Present,Present,Present,Present,Present,Present,Present,Present,Present,Present,Present,Present,Present,Present,Present,Present,Present,Present,Present,Present,Present,Present,Present,Present,Present,Present,Present,Present,Present,Present,Present,Present,Present,Present,Present,Present,Present,Present,Present,Present,Present,Present,Present,Present,Present,Present,Present,Present,Present,Present,Present,Present,Present,Present,Present,**,**,Present,Present,Present,*,Present,Present,Present,****,Present,Present,Present,Present,Present,Present,Present,Present,Present,Present,**,Present,Present,Present,Present,Present,Present,Present,Present,Present,Present,Present,Present,Present,Present,Present,Present,Present,Present,Present,Present,Present,Present,Present,Present,Present,Present,Present,Present,Present,Present,Present,**,Present,Present,Present,Present,Present,Present,Present,Present,Present,Present,Present,Present,Present,Present,Present,Present,**,Present,Present,Present,Present,Present,Present,Present,Present,Present,Present,Present,Present,****,****,Present
308,ZAMORA (A.M.),Present,Present,Present,Present,Present,Present,Present,Present,Present,Present,Present,**,Present,Present,Present,Present,Present,Present,Present,Present,Present,Present,Present,Present,Present,Present,Present,Present,Present,Present,Present,Present,Present,Present,Present,Present,Present,Present,Present,Present,Present,Present,Present,Present,Present,Present,Present,Present,Present,Present,Present,Present,Present,Present,Present,Present,Present,Present,Present,Present,Present,Present,Present,Present,Present,Present,Present,Present,Present,Present,Present,Present,**,Present,Present,****,****,*,Present,*,****,****,Present,****,****,*,****,Present,Present,****,*,****,*,**,**,Present,Present,Present,*,****,****,Present,****,*,*,****,**,**,*,Present,Present,*,*,*,****,****,*,****,Present,Present,****,****,****,****,****,****,Present,Present,Present,Present,Present,*,*,*,Present,****,*,Present,***,***,*,*,****,*,****,Present,*,Present,Present,*,*,****,****,****,***,*,Present,**,**,****,Present,Present,*,Present,*,Present,*,**,Present,**,****,**,****,**,**,****,***,***
309,ZAMORA (M.C.),Present,Present,Present,Present,Present,Present,Present,**,Present,Present,Present,Present,Present,**,Present,Present,Present,Present,Present,Present,Present,Present,**,Present,Present,**,Present,Present,Present,Present,Present,Present,Present,Present,Present,Present,Present,Present,Present,Present,Present,Present,Present,**,Present,Present,Present,Present,Present,Present,Present,Present,Present,Present,Present,Present,Present,**,Present,Present,Present,Present,Present,Present,Present,Present,**,Present,Present,**,Present,Present,Present,Present,Present,**,**,***,Present,Present,***,***,Present,***,***,***,**,**,**,***,***,***,***,**,*,Present,Present,Present,***,***,***,Present,**,**,**,**,**,***,**,**,**,**,**,Present,***,*,***,*,Present,Present,*,***,***,***,*,*,Present,Present,Present,***,*,****,***,*,***,***,***,*,*,*,*,Present,****,Present,***,***,***,*,Present,**,**,***,***,***,Present,**,****,*,***,*,***,***,***,Present,****,Present,*,***,***,*,***,***,***,****,*,***,*,*
310,ZAMORA (Y.M.),Present,Present,Present,Present,Present,Present,Present,Present,Present,Present,Present,Present,Present,**,Present,Present,Present,Present,Present,Present,Present,Present,**,Present,Present,Present,Present,Present,Present,Present,Present,Present,Present,Present,Present,Present,Present,Present,Present,Present,Present,Present,Present,Present,Present,Present,Present,Present,Present,Present,Present,Present,Present,**,Present,Present,Present,Present,Present,Present,Present,Present,Present,Present,Present,Present,Present,Present,Present,Present,Present,Present,**,Present,**,Present,Present,*,Present,Present,Present,Present,Present,Present,****,Present,****,Present,Present,Present,Present,Present,Present,Present,*,Present,Present,Present,****,****,****,****,Present,****,Present,Present,Present,*,Present,Present,Present,*,*,Present,Present,****,****,Present,Present,****,Present,Present,Present,****,Present,*,Present,Present,****,Present,Present,Present,Present,Present,****,****,Present,Present,Present,*,Present,Present,*,****,Present,*,*,*,Present,Present,**,**,**,**,Present,**,Present,Present,Present,*,*,Present,Present,Present,Present,Present,*,****,Present,Present,****,****,****,Present,Present,Present,Present,Present
311,ZUBIRI,Present,Present,Present,Present,Present,Present,Present,Present,Present,Present,Present,Present,Present,Present,Present,Present,Present,Present,Present,**,**,Present,Present,Present,Present,Present,Present,Present,Present,Present,Present,Present,Present,Present,Present,Present,Present,Present,Present,Present,Present,Present,Present,Present,Present,Present,Present,Present,Present,Present,Present,Present,Present,Present,Present,Present,Present,Present,Present,Present,Present,Present,Present,Present,Present,Present,Present,Present,Present,Present,Present,Present,Present,Present,Present,Present,Present,Present,Present,Present,Present,Present,Present,Present,Present,Present,Present,Present,Present,Present,Present,Present,Present,Present,Present,Present,Present,Present,Present,Present,****,Present,Present,Present,Present,Present,Present,Present,Present,Present,Present,Present,Present,Present,Present,Present,Present,Present,Present,Present,Present,Present,Present,****,Present,Present,Present,Present,Present,Present,Present,Present,Present,Present,Present,Present,Present,Present,Present,Present,**,****,Present,Present,Present,**,Present,Present,*,*,*,Present,Present,Present,Present,Present,****,Present,Present,****,Present,Present,*,Present,Present,*,Present,****,Present,Present,Present,*,Present,*,Present,Present,*,Present
312,REMULLA,Not Listed,Not Listed,Not Listed,Not Listed,Not Listed,Not Listed,Not Listed,Not Listed,Not Listed,Not Listed,Not Listed,Not Listed,Not Listed,Not Listed,Not Listed,Not Listed,Not Listed,Not Listed,Not Listed,Not Listed,Not Listed,Not Listed,Not Listed,Not Listed,Not Listed,Not Listed,Not Listed,Not Listed,Not Listed,Not Listed,Not Listed,Not Listed,Not Listed,Not Listed,Not Listed,Not Listed,Not Listed,Not Listed,Not Listed,Not Listed,Not Listed,Not Listed,Not Listed,Not Listed,Not Listed,Not Listed,Not Listed,Not Listed,Not Listed,Not Listed,Not Listed,*,Present,Present,Present,Present,Present,Present,**,Present,Not Listed,Present,Present,Present,Present,Present,Present,Present,Present,Present,Present,Present,Present,Present,Present,Present,Present,Present,Present,Present,***,***,Present,Present,Present,Present,Present,Present,Present,Present,Present,Present,Present,Present,*,Present,Present,Present,Present,Present,Present,Present,Present,**,Present,Present,**,*,Present,Present,Present,Present,Present,Present,Present,Present,Present,Present,**,Present,Present,**,*,Present,Present,Present,Present,Present,Present,Present,Present,Present,Present,*,Present,Present,Present,Present,Present,Present,**,Present,Present,Present,Present,Present,**,*,Present,**,Present,**,Present,Present,**,Present,*,Present,Present,Present,Present,***,*,Present,Present,Present,Present,Present,Present,Present,Present,Present,*,*,Present,Present,Present,**
313,UY,Not Listed,Not Listed,Not Listed,Not Listed,Not Listed,Not Listed,Not Listed,Not Listed,Not Listed,Not Listed,Not Listed,Not Listed,Not Listed,Not Listed,Not Listed,Not Listed,Not Listed,Not Listed,Not Listed,Not Listed,Not Listed,Not Listed,Not Listed,Not Listed,Not Listed,Not Listed,Not Listed,Not Listed,Not Listed,Not Listed,Not Listed,Not Listed,Not Listed,Not Listed,Not Listed,Not Listed,Not Listed,Not Listed,Not Listed,Not Listed,Not Listed,Not Listed,Not Listed,Not Listed,Not Listed,Not Listed,Not Listed,Not Listed,Not Listed,Not Listed,Not Listed,Not Listed,Not Listed,Not Listed,Not Listed,Not Listed,Not Listed,Not Listed,Not Listed,Not Listed,Not Listed,Not Listed,Not Listed,Not Listed,Not Listed,Not Listed,Not Listed,Not Listed,Not Listed,Not Listed,Not Listed,Not Listed,Not Listed,Not Listed,Not Listed,Not Listed,Not Listed,Not Listed,Not Listed,Not Listed,Not Listed,Not Listed,Not Listed,Not Listed,Not Listed,Not Listed,Not Listed,Not Listed,Not Listed,Not Listed,Not Listed,Not Listed,Not Listed,Not Listed,Not Listed,Not Listed,Not Listed,Not Listed,Not Listed,Not Listed,Not Listed,*,Present,Present,Present,Present,**,*,Present,*,Present,Present,*,Present,*,***,*,Present,Present,**,**,Present,Present,Present,*,*,**,**,Present,Present,***,**,Present,**,Present,Present,**,**,Present,Present,**,**,**,Present,Present,*,**,**,**,**,****,**,**,**,Present,*,Present,**,**,**,**,Present,*,**,**,**,Present,**,****,Present,**,**,**,**,Present,*,Present,*
314,CENDAÑA,Not Listed,Not Listed,Not Listed,Not Listed,Not Listed,Not Listed,Not Listed,Not Listed,Not Listed,Not Listed,Not Listed,Not Listed,Not Listed,Not Listed,Not Listed,Not Listed,Not Listed,Not Listed,Not Listed,Not Listed,Not Listed,Not Listed,Not Listed,Not Listed,Not Listed,Not Listed,Not Listed,Not Listed,Not Listed,Not Listed,Not Listed,Not Listed,Not Listed,Not Listed,Not Listed,Not Listed,Not Listed,Not Listed,Not Listed,Not Listed,Not Listed,Not Listed,Not Listed,Not Listed,Not Listed,Not Listed,Not Listed,Not Listed,Not Listed,Not Listed,Not Listed,Not Listed,Not Listed,Not Listed,Not Listed,Not Listed,Not Listed,Not Listed,Not Listed,Not Listed,Not Listed,Not Listed,Not Listed,Not Listed,Not Listed,Not Listed,Not Listed,Not Listed,Not Listed,Not Listed,Not Listed,Not Listed,Not Listed,Not Listed,Not Listed,Not Listed,Not Listed,Not Listed,Not Listed,Not Listed,Not Listed,Not Listed,Not Listed,Not Listed,Not Listed,Not Listed,Not Listed,Not Listed,Not Listed,Not Listed,Not Listed,Not Listed,Not Listed,Not Listed,Not Listed,Not Listed,Not Listed,Not Listed,Not Listed,Not Listed,Not Listed,Not Listed,Not Listed,Not Listed,Not Listed,Not Listed,Not Listed,Not Listed,Not Listed,Not Listed,Not Listed,Not Listed,Not Listed,Not Listed,Not Listed,Not Listed,Not Listed,Not Listed,Not Listed,Not Listed,Not Listed,Not Listed,Not Listed,Not Listed,Not Listed,Not Listed,Not Listed,Not Listed,Not Listed,Not Listed,Not Listed,Not Listed,Not Listed,Not Listed,Not Listed,Not Listed,Not Listed,Not Listed,Not Listed,Not Listed,Not Listed,Not Listed,Not Listed,Not Listed,Not Listed,Not Listed,Not Listed,Not Listed,Not Listed,Not Listed,Not Listed,Not Listed,Not Listed,Not Listed,Not Listed,*,Present,Present,Present,**,Present,Present,*,*,Present,Present,*,Present,Present,Present,Present,Present,Present,Present,Present,Present,Present,Present
315,AQUINO-MAGSAYSAY,Not Listed,Not Listed,Not Listed,Not Listed,Not Listed,Not Listed,Not Listed,Not Listed,Not Listed,Not Listed,Not Listed,Not Listed,Not Listed,Not Listed,Not Listed,Not Listed,Not Listed,Not Listed,*,Present,Present,Present,Present,Present,Present,Present,Present,Present,Present,Present,Present,Present,Present,Present,Present,Present,Present,Present,Present,Present,Present,Present,Present,Present,Present,Present,Present,Present,Present,Present,Present,Present,Present,Present,Present,Present,Present,Present,Present,**,Present,Present,Present,Present,Present,Present,Present,Present,Present,Present,Present,Present,Present,Present,Present,Present,Present,Present,*,Present,Present,Present,Present,Present,Present,Present,Present,Present,Present,Present,Present,Present,Present,Present,Present,**,**,Present,Present,Present,Present,Present,Present,Present,Present,Present,Present,Present,Present,Present,Present,Present,Present,Present,Present,Present,Present,Present,Present,Present,Present,Present,Present,Present,Present,Present,Present,Present,Present,Present,Present,Present,Present,Present,Present,Present,Present,Present,Present,Present,Present,Present,Present,Present,Present,Present,Present,Present,Present,Present,Present,Present,Present,Present,Present,Present,*,Present,Present,Present,Present,Present,Present,Present,Present,Present,Present,Present,*,Present,Present,Present,Present,Present,Present,Present,Present,Present
